,StartDate,ExitDate,BusinessUnit,EmployeeStatus,EmployeeType,PayZone,EmployeeClassificationType,DepartmentType,Division,JobFunctionDescription,GenderCode,LocationCode,Race,Marital Status,Performance Score,Current Employee Rating,Employee ID,Engagement Score,Satisfaction Score,Work-Life Balance Score,Training Program Name,Training Type,Training Outcome
0,20-09-2019,active,CCDR,Active,Contract,Zone C,Temporary,Production       ,Finance & Accounting,Accounting,Female,34904,White,Widowed,Fully Meets,4,3427,1,2,3,Leadership Development,Internal,Failed
1,11-02-2023,active,EW,Active,Contract,Zone A,Part-Time,Production       ,Aerial,Labor,Male,6593,Hispanic,Widowed,Fully Meets,3,3428,2,1,5,Customer Service,External,Incomplete
2,10-12-2018,active,PL,Active,Full-Time,Zone B,Part-Time,Sales,General - Sga,Assistant,Male,2330,Hispanic,Widowed,Fully Meets,4,3429,1,2,1,Leadership Development,External,Failed
3,21-06-2021,active,CCDR,Active,Contract,Zone A,Full-Time,Sales,Finance & Accounting,Clerk,Male,58782,Other,Single,Fully Meets,2,3430,5,5,4,Project Management,External,Completed
4,29-06-2019,active,TNS,Active,Contract,Zone A,Temporary,Sales,General - Con,Laborer,Female,33174,Other,Married,Fully Meets,3,3431,2,5,3,Technical Skills,External,Failed
5,17-01-2020,active,BPC,Active,Contract,Zone B,Full-Time,Sales,Field Operations,Driver,Male,6050,Black,Married,Fully Meets,3,3432,2,3,5,Project Management,Internal,Passed
6,06-04-2022,03-Jul-23,WBL,Active,Full-Time,Zone B,Temporary,Sales,General - Eng,Technician,Female,90007,Hispanic,Divorced,Exceeds,4,3433,1,5,2,Customer Service,External,Passed
7,06-11-2020,29-Jan-23,CCDR,Active,Contract,Zone C,Full-Time,Sales,Engineers,Engineer,Female,97756,White,Divorced,Fully Meets,2,3434,1,4,2,Leadership Development,Internal,Passed
8,18-08-2018,active,NEL,Active,Contract,Zone B,Part-Time,Sales,Executive,Executive Assistant,Male,78789,Black,Widowed,Exceeds,3,3435,4,3,3,Customer Service,Internal,Passed
9,21-01-2022,29-Jun-23,BPC,Active,Part-Time,Zone B,Temporary,Sales,Engineers,Engineer,Male,78207,Asian,Widowed,Fully Meets,5,3436,5,5,2,Leadership Development,Internal,Failed
10,04-08-2023,active,SVG,Active,Contract,Zone B,Temporary,Sales,Field Operations,Technician,Female,46204,Other,Single,Fully Meets,5,3437,3,2,5,Technical Skills,Internal,Failed
11,10-08-2018,04-Nov-19,MSC,Active,Full-Time,Zone C,Temporary,Sales,General - Con,Technician,Female,30428,Asian,Married,Fully Meets,3,3438,4,2,5,Technical Skills,Internal,Failed
12,25-05-2022,27-Nov-22,EW,Active,Full-Time,Zone A,Temporary,Sales,Splicing,Splicer,Male,80820,Other,Single,Fully Meets,3,3439,1,2,5,Technical Skills,External,Incomplete
13,05-12-2019,17-Feb-23,CCDR,Active,Contract,Zone A,Full-Time,Sales,Finance & Accounting,Controller,Female,40220,White,Divorced,Fully Meets,3,3440,1,4,5,Communication Skills,External,Failed
14,28-04-2019,active,BPC,Active,Part-Time,Zone A,Part-Time,Sales,General - Con,Lineman,Male,89139,Asian,Widowed,Exceeds,4,3441,4,2,5,Project Management,Internal,Passed
15,09-07-2019,16-Jun-22,PYZ,Active,Full-Time,Zone A,Full-Time,IT/IS,Field Operations,Laborer,Male,2810,Black,Single,Exceeds,2,3442,2,5,3,Project Management,External,Failed
16,05-04-2021,12-May-23,WBL,Active,Full-Time,Zone C,Part-Time,IT/IS,Project Management - Con,Coordinator,Male,2621,Asian,Widowed,Fully Meets,3,3443,2,2,4,Technical Skills,External,Failed
17,28-11-2021,04-Feb-22,NEL,Active,Contract,Zone A,Part-Time,Sales,Engineers,Director,Male,44553,Other,Widowed,Fully Meets,3,3444,1,2,4,Technical Skills,External,Failed
18,16-01-2021,active,PL,Active,Contract,Zone C,Full-Time,Sales,Project Management - Con,Supervisor,Female,5360,Other,Married,Exceeds,4,3445,4,5,2,Project Management,External,Completed
19,24-08-2021,active,BPC,Active,Part-Time,Zone A,Part-Time,Sales,Field Operations,Driller,Female,16325,White,Divorced,Exceeds,2,3446,4,3,5,Technical Skills,Internal,Failed
20,26-05-2020,18-Jun-23,CCDR,Active,Part-Time,Zone C,Part-Time,Sales,General - Con,Technician,Female,43481,Asian,Widowed,Fully Meets,3,3447,5,1,4,Customer Service,Internal,Incomplete
21,01-10-2019,06-Nov-20,SVG,Active,Full-Time,Zone A,Temporary,Sales,Engineers,Specialist,Male,50705,Asian,Widowed,Fully Meets,3,3448,5,1,5,Communication Skills,Internal,Completed
22,10-05-2023,27-May-23,EW,Active,Contract,Zone B,Temporary,Sales,General - Eng,Technician,Male,5168,Black,Single,Fully Meets,5,3449,3,2,1,Communication Skills,External,Completed
23,01-09-2020,04-Dec-22,MSC,Active,Contract,Zone C,Temporary,Sales,Field Operations,Operator,Male,11765,Other,Single,Exceeds,2,3450,4,3,5,Technical Skills,Internal,Completed
24,18-02-2021,11-Nov-22,TNS,Active,Contract,Zone C,Full-Time,Sales,General - Con,Technician,Male,71071,Other,Divorced,Exceeds,3,3451,5,1,2,Technical Skills,External,Completed
25,08-11-2022,active,PYZ,Active,Part-Time,Zone A,Part-Time,Sales,General - Con,Foreman,Male,12122,Black,Divorced,Fully Meets,2,3452,5,5,2,Customer Service,Internal,Failed
26,13-10-2022,active,WBL,Active,Contract,Zone C,Part-Time,Sales,Fielders,Engineer,Male,87065,White,Widowed,Fully Meets,4,3453,5,5,3,Customer Service,External,Completed
27,11-09-2022,active,PYZ,Active,Full-Time,Zone C,Full-Time,IT/IS,General - Con,Foreman,Male,10415,Hispanic,Married,Needs Improvement,4,3454,4,4,2,Communication Skills,Internal,Passed
28,29-06-2021,05-Jul-22,WBL,Active,Full-Time,Zone C,Temporary,Sales,Project Management - Eng,Manager,Male,3763,Other,Widowed,Exceeds,4,3455,2,1,1,Project Management,External,Passed
29,06-03-2023,active,NEL,Active,Full-Time,Zone A,Temporary,Sales,Field Operations,Technician,Female,79623,Black,Divorced,Fully Meets,3,3456,4,3,4,Technical Skills,External,Passed
30,25-09-2020,active,PL,Active,Full-Time,Zone B,Temporary,Sales,Engineers,Technician,Female,69189,White,Divorced,Needs Improvement,3,3457,5,1,4,Customer Service,External,Completed
31,28-04-2022,24-May-23,BPC,Active,Contract,Zone A,Full-Time,Sales,Field Operations,Laborer,Female,5194,Hispanic,Single,Needs Improvement,3,3458,2,5,5,Communication Skills,Internal,Failed
32,18-04-2021,21-Jun-22,CCDR,Active,Part-Time,Zone A,Full-Time,Sales,General - Con,Splicer,Male,8779,Black,Widowed,Exceeds,2,3459,4,4,3,Communication Skills,Internal,Passed
33,19-02-2020,active,SVG,Active,Full-Time,Zone A,Full-Time,Sales,Aerial,Lineman,Male,74682,Asian,Married,Fully Meets,3,3460,4,3,3,Communication Skills,External,Incomplete
34,18-07-2019,01-Oct-21,EW,Active,Full-Time,Zone C,Part-Time,Sales,General - Con,Foreman,Male,78046,Hispanic,Married,Needs Improvement,1,3461,1,4,4,Technical Skills,External,Completed
35,13-09-2018,17-Sep-21,MSC,Active,Contract,Zone A,Full-Time,Sales,Field Operations,Coordinator,Male,27270,Hispanic,Divorced,Needs Improvement,3,3462,3,3,1,Project Management,External,Completed
36,30-04-2020,18-Jul-21,TNS,Active,Part-Time,Zone A,Temporary,Sales,Field Operations,Tower Hand,Male,12703,Hispanic,Single,Fully Meets,1,3463,4,3,4,Technical Skills,Internal,Incomplete
37,03-12-2018,09-Sep-22,PYZ,Active,Contract,Zone B,Full-Time,Sales,Shop (Fleet),Mechanic,Male,66835,Black,Widowed,Needs Improvement,5,3464,2,5,3,Customer Service,External,Passed
38,08-11-2021,active,WBL,Active,Full-Time,Zone B,Full-Time,Sales,General - Con,Flagger,Male,66150,Asian,Divorced,Needs Improvement,3,3465,5,4,3,Communication Skills,External,Incomplete
39,13-04-2022,10-Apr-23,PYZ,Active,Part-Time,Zone C,Full-Time,IT/IS,Aerial,Supervisor,Male,64288,Other,Married,Exceeds,4,3466,1,3,4,Customer Service,External,Passed
40,06-05-2020,active,WBL,Active,Contract,Zone A,Part-Time,Sales,Fielders,Engineer,Female,94333,Asian,Divorced,Exceeds,1,3467,4,3,2,Technical Skills,Internal,Incomplete
41,09-09-2019,active,NEL,Active,Contract,Zone B,Temporary,Sales,Wireline Construction,Foreman,Female,45453,Black,Single,Fully Meets,4,3468,3,1,3,Customer Service,Internal,Completed
42,29-07-2020,05-Jan-23,PL,Active,Contract,Zone B,Full-Time,Sales,Field Operations,Driver,Female,81905,Asian,Divorced,Needs Improvement,3,3469,5,5,1,Communication Skills,Internal,Failed
43,14-11-2018,28-Oct-19,BPC,Active,Contract,Zone C,Part-Time,Sales,Field Operations,Technician,Female,12491,Black,Married,Needs Improvement,3,3470,1,2,3,Project Management,External,Passed
44,29-02-2020,active,CCDR,Active,Part-Time,Zone C,Temporary,Sales,Field Operations,Foreman,Male,64350,Asian,Married,Fully Meets,4,3471,2,4,1,Customer Service,External,Passed
45,15-01-2023,active,SVG,Active,Contract,Zone C,Full-Time,Sales,Project Management - Con,Director,Male,74124,Other,Married,Exceeds,4,3472,5,5,4,Technical Skills,External,Completed
46,29-06-2023,active,EW,Active,Part-Time,Zone A,Temporary,Sales,Shop (Fleet),Manager,Male,33379,Hispanic,Widowed,Exceeds,2,3473,3,4,4,Communication Skills,External,Failed
47,09-03-2020,active,MSC,Active,Full-Time,Zone A,Temporary,Sales,Catv,Laborer,Male,34481,Other,Divorced,Fully Meets,2,3474,3,1,2,Customer Service,External,Incomplete
48,21-09-2021,13-Apr-23,TNS,Active,Full-Time,Zone C,Temporary,Sales,General - Con,Foreman,Male,90406,Asian,Widowed,Fully Meets,2,3475,4,3,4,Customer Service,Internal,Passed
49,12-06-2023,06-Jul-23,PYZ,Active,Part-Time,Zone A,Temporary,Sales,Fielders,Engineer,Male,95774,Asian,Divorced,Needs Improvement,2,3476,5,5,3,Leadership Development,Internal,Incomplete
50,07-04-2019,active,PYZ,Active,Part-Time,Zone A,Full-Time,IT/IS,Aerial,Laborer,Female,16058,Asian,Widowed,Needs Improvement,2,3477,1,2,1,Leadership Development,External,Failed
51,17-09-2018,09-Jan-19,WBL,Active,Full-Time,Zone C,Temporary,Sales,Wireline Construction,Groundman,Female,45149,Hispanic,Married,Fully Meets,2,3478,3,4,1,Technical Skills,External,Incomplete
52,02-08-2022,02-Apr-23,NEL,Active,Contract,Zone A,Part-Time,Sales,Project Management - Con,Technician,Female,96336,Hispanic,Widowed,Fully Meets,2,3479,4,4,4,Communication Skills,Internal,Passed
53,08-09-2022,16-Oct-22,PL,Active,Full-Time,Zone C,Temporary,Sales,Catv,Supervisor,Female,75671,Black,Widowed,Fully Meets,1,3480,1,5,3,Leadership Development,External,Failed
54,07-03-2019,31-May-21,BPC,Active,Full-Time,Zone C,Part-Time,Sales,Wireline Construction,Splicer,Male,61149,Other,Widowed,Fully Meets,4,3481,5,2,4,Technical Skills,External,Incomplete
55,29-10-2019,07-Feb-21,CCDR,Active,Full-Time,Zone A,Temporary,Sales,Catv,Lineman,Male,57302,Asian,Divorced,Needs Improvement,2,3482,4,5,5,Technical Skills,Internal,Failed
56,26-09-2021,active,SVG,Active,Part-Time,Zone B,Temporary,Sales,Project Management - Con,Coordinator,Male,42605,Asian,Widowed,Fully Meets,1,3483,1,4,5,Project Management,External,Passed
57,29-08-2018,active,EW,Active,Part-Time,Zone B,Full-Time,Sales,General - Con,Model Assistant,Male,64036,Other,Single,Fully Meets,4,3484,1,2,4,Project Management,External,Passed
58,26-10-2021,active,MSC,Active,Contract,Zone C,Full-Time,Sales,Field Operations,Laborer,Male,23173,White,Widowed,Fully Meets,5,3485,2,1,3,Customer Service,Internal,Passed
59,31-10-2022,08-Jun-23,TNS,Active,Part-Time,Zone C,Temporary,Sales,Fielders,Engineer,Male,19665,Other,Widowed,Fully Meets,4,3486,3,1,1,Project Management,Internal,Completed
60,15-03-2023,active,BPC,Active,Contract,Zone B,Part-Time,Sales,General - Sga,Administrator,Female,41161,Other,Divorced,Fully Meets,4,3487,5,4,1,Project Management,External,Completed
61,09-09-2022,active,CCDR,Active,Contract,Zone B,Full-Time,Sales,Wireline Construction,Lineman,Female,52499,Asian,Single,Fully Meets,2,3488,1,5,1,Communication Skills,Internal,Completed
62,04-03-2022,active,EW,Active,Part-Time,Zone A,Temporary,Sales,Field Operations,Laborer,Female,25634,Black,Divorced,Fully Meets,2,3489,2,4,5,Project Management,Internal,Passed
63,11-02-2019,active,MSC,Active,Part-Time,Zone A,Part-Time,Sales,General - Sga,Director,Female,37965,Hispanic,Divorced,Fully Meets,2,3490,5,3,2,Technical Skills,Internal,Failed
64,26-01-2021,active,NEL,Active,Contract,Zone B,Full-Time,Sales,Field Operations,Driver,Male,39504,White,Widowed,Fully Meets,5,3491,3,4,5,Project Management,Internal,Incomplete
65,26-11-2019,active,PL,Active,Full-Time,Zone C,Full-Time,Sales,General - Con,Clerk,Male,31676,Asian,Married,Fully Meets,1,3492,1,5,5,Project Management,Internal,Incomplete
66,15-07-2019,active,PYZ,Active,Full-Time,Zone C,Full-Time,Sales,Project Management - Con,Project Manager,Male,28784,Asian,Widowed,Fully Meets,5,3493,3,1,5,Project Management,Internal,Completed
67,18-06-2020,active,SVG,Active,Contract,Zone B,Full-Time,Sales,General - Con,Technician,Male,90983,Black,Single,Fully Meets,4,3494,1,2,1,Technical Skills,Internal,Completed
68,22-06-2023,22-Jul-23,TNS,Active,Part-Time,Zone B,Temporary,Sales,Wireline Construction,Laborer,Male,1115,Other,Married,Fully Meets,4,3495,4,3,5,Customer Service,External,Passed
69,02-12-2021,active,WBL,Active,Contract,Zone A,Part-Time,Sales,General - Sga,Administrator,Male,72233,Other,Widowed,Fully Meets,5,3496,1,3,2,Project Management,Internal,Incomplete
70,08-12-2021,active,TNS,Active,Part-Time,Zone C,Temporary,Sales,Project Management - Con,Lineman,Female,58210,Hispanic,Widowed,Fully Meets,1,3497,2,3,4,Communication Skills,Internal,Completed
71,26-04-2023,22-Jun-23,PYZ,Active,Full-Time,Zone A,Full-Time,Sales,General - Sga,Laborer,Female,36087,White,Widowed,Fully Meets,2,3498,3,3,4,Project Management,External,Failed
72,25-09-2018,20-Dec-21,WBL,Active,Part-Time,Zone C,Temporary,Sales,Field Operations,Technician,Female,61457,Asian,Widowed,Fully Meets,5,3499,5,3,5,Technical Skills,Internal,Incomplete
73,20-11-2018,21-Jun-20,NEL,Active,Full-Time,Zone B,Part-Time,Sales,Shop (Fleet),Mechanic,Female,80424,White,Divorced,Fully Meets,1,3500,4,1,4,Leadership Development,External,Incomplete
74,30-08-2020,30-Aug-22,PL,Active,Part-Time,Zone A,Part-Time,Sales,General - Con,Technician,Male,6240,Other,Widowed,Fully Meets,4,3501,2,3,4,Project Management,External,Passed
75,01-10-2019,active,BPC,Active,Full-Time,Zone C,Temporary,Sales,Splicing,Electrician,Male,49914,White,Married,Fully Meets,1,3502,5,3,5,Customer Service,External,Incomplete
76,20-01-2022,active,CCDR,Active,Part-Time,Zone A,Temporary,Sales,Project Management - Con,Manager,Male,71319,Other,Single,Fully Meets,4,3503,5,2,3,Technical Skills,Internal,Completed
77,10-10-2021,active,SVG,Active,Full-Time,Zone B,Part-Time,Sales,General - Con,Laborer,Male,27992,Hispanic,Married,Fully Meets,2,3504,3,4,3,Communication Skills,Internal,Completed
78,29-08-2020,active,EW,Active,Contract,Zone B,Temporary,Sales,Field Operations,Groundman,Male,72324,Hispanic,Widowed,Fully Meets,1,3505,4,3,2,Leadership Development,Internal,Failed
79,27-08-2019,10-May-23,MSC,Active,Full-Time,Zone B,Temporary,Sales,Field Operations,Technician,Male,38740,Other,Married,Fully Meets,2,3506,2,2,3,Leadership Development,Internal,Completed
80,25-02-2021,07-Apr-23,TNS,Active,Full-Time,Zone A,Full-Time,Sales,Project Management - Con,Manager,Male,9437,White,Single,Fully Meets,4,3507,2,5,2,Project Management,Internal,Passed
81,13-07-2021,active,CCDR,Active,Full-Time,Zone B,Part-Time,Sales,Aerial,Laborer,Male,9385,Asian,Single,Fully Meets,5,3508,1,5,4,Communication Skills,External,Completed
82,14-04-2021,active,BPC,Active,Part-Time,Zone C,Full-Time,Sales,General - Sga,Project Controls,Female,75993,Black,Married,Fully Meets,2,3509,4,5,2,Leadership Development,External,Completed
83,10-02-2020,active,PYZ,Active,Part-Time,Zone A,Full-Time,Sales,General - Con,Laborer,Female,65329,Hispanic,Married,Fully Meets,2,3510,2,4,3,Technical Skills,External,Completed
84,17-08-2021,31-Dec-21,WBL,Active,Part-Time,Zone B,Full-Time,Sales,Finance & Accounting,Director,Female,41111,Asian,Divorced,Fully Meets,4,3511,5,4,5,Technical Skills,Internal,Completed
85,17-04-2023,22-Jun-23,NEL,Active,Contract,Zone C,Temporary,Sales,Yard (Material Handling),Coordinator,Female,58860,Black,Single,Fully Meets,2,3512,5,1,3,Communication Skills,Internal,Failed
86,02-09-2022,24-May-23,PL,Active,Contract,Zone C,Temporary,Sales,General - Con,Laborer,Male,93051,Other,Married,Fully Meets,5,3513,4,1,3,Communication Skills,External,Completed
87,15-04-2020,active,BPC,Active,Full-Time,Zone B,Part-Time,Sales,Wireline Construction,Manager,Male,17419,Asian,Married,Fully Meets,1,3514,2,1,1,Leadership Development,Internal,Incomplete
88,09-03-2022,10-Dec-22,CCDR,Active,Part-Time,Zone A,Part-Time,Sales,Finance & Accounting,Controller,Male,59593,White,Single,Fully Meets,4,3515,3,5,5,Customer Service,Internal,Completed
89,07-04-2022,22-Jan-23,SVG,Active,Contract,Zone B,Part-Time,Sales,Project Management - Con,Coordinator,Male,96350,Asian,Divorced,Fully Meets,5,3516,2,3,5,Technical Skills,Internal,Incomplete
90,19-02-2020,active,EW,Active,Part-Time,Zone A,Part-Time,Sales,Splicing,Splicer,Male,44469,Hispanic,Widowed,Fully Meets,4,3517,4,1,1,Technical Skills,Internal,Failed
91,10-04-2021,04-Jul-22,MSC,Active,Contract,Zone B,Part-Time,Sales,General - Eng,Coordinator,Female,13249,Hispanic,Married,Fully Meets,2,3518,4,2,5,Customer Service,Internal,Completed
92,19-12-2021,02-Mar-22,TNS,Active,Part-Time,Zone C,Temporary,Sales,Aerial,Groundman,Male,17123,Hispanic,Widowed,Fully Meets,2,3519,1,3,4,Leadership Development,External,Incomplete
93,13-12-2020,13-Jan-23,TNS,Active,Full-Time,Zone C,Temporary,Sales,Project Management - Con,Manager,Female,18983,Black,Divorced,Fully Meets,1,3520,5,1,1,Customer Service,External,Incomplete
94,26-02-2019,active,WBL,Active,Contract,Zone C,Part-Time,Sales,General - Con,Electrician,Female,51795,Asian,Divorced,Fully Meets,4,3521,1,3,3,Communication Skills,Internal,Incomplete
95,02-03-2020,active,BPC,Active,Full-Time,Zone C,Part-Time,Sales,Splicing,Splicer,Female,34369,Other,Single,Fully Meets,1,3522,1,5,4,Communication Skills,External,Completed
96,25-06-2021,25-Aug-22,CCDR,Active,Full-Time,Zone A,Temporary,Sales,General - Con,Laborer,Female,23092,Other,Single,Fully Meets,2,3523,3,2,3,Leadership Development,External,Incomplete
97,26-07-2021,04-May-22,EW,Active,Contract,Zone B,Full-Time,Sales,Field Operations,Laborer,Male,6074,Asian,Divorced,Fully Meets,2,3524,3,2,4,Communication Skills,Internal,Completed
98,03-07-2022,10-Jan-23,MSC,Active,Contract,Zone B,Temporary,Sales,General - Con,Foreman,Male,72264,Hispanic,Single,Fully Meets,2,3525,1,2,1,Leadership Development,External,Incomplete
99,15-09-2022,active,NEL,Active,Full-Time,Zone B,Full-Time,Sales,General - Con,Foreman,Male,28282,White,Widowed,Fully Meets,4,3526,1,5,3,Customer Service,Internal,Passed
100,01-05-2020,25-Feb-21,PL,Active,Full-Time,Zone B,Temporary,Sales,Aerial,Lineman,Male,46645,Black,Married,Fully Meets,1,3527,1,3,2,Project Management,Internal,Failed
101,13-10-2022,active,PYZ,Active,Full-Time,Zone C,Part-Time,Sales,Finance & Accounting,Accounting,Male,10790,Hispanic,Widowed,Fully Meets,2,3528,5,2,2,Technical Skills,External,Passed
102,03-01-2020,24-Aug-20,SVG,Active,Part-Time,Zone C,Full-Time,Sales,Field Operations,Top Hand,Male,67282,Hispanic,Single,Fully Meets,2,3529,2,3,4,Project Management,Internal,Incomplete
103,13-11-2019,active,TNS,Active,Full-Time,Zone B,Part-Time,Sales,Field Operations,Tower Hand,Female,62321,Black,Widowed,Fully Meets,2,3530,1,2,5,Customer Service,External,Passed
104,17-06-2023,active,WBL,Active,Full-Time,Zone C,Full-Time,Sales,Project Management - Con,Project Manager,Male,18409,Black,Divorced,Fully Meets,1,3531,2,4,4,Leadership Development,External,Completed
105,14-10-2021,active,EW,Active,Part-Time,Zone B,Full-Time,IT/IS,Wireless,Technician,Female,40306,Black,Widowed,Fully Meets,1,3532,2,2,5,Technical Skills,Internal,Failed
106,01-06-2021,16-Jul-23,MSC,Active,Contract,Zone B,Full-Time,Sales,General - Sga,Administrator,Male,65183,White,Married,Fully Meets,2,3533,2,5,2,Leadership Development,Internal,Completed
107,14-09-2018,active,TNS,Active,Full-Time,Zone A,Full-Time,Sales,Engineers,Engineer,Female,97002,Asian,Single,Fully Meets,4,3534,4,3,2,Customer Service,Internal,Completed
108,11-12-2018,02-Jun-22,PYZ,Active,Full-Time,Zone A,Temporary,Sales,Fielders,Engineer,Female,29811,Black,Single,Fully Meets,4,3535,1,5,1,Technical Skills,External,Incomplete
109,06-08-2022,active,WBL,Active,Contract,Zone C,Temporary,Sales,General - Sga,Administrative,Female,89169,Black,Single,Fully Meets,2,3536,1,2,4,Leadership Development,External,Passed
110,28-05-2022,24-Feb-23,NEL,Active,Contract,Zone C,Part-Time,Sales,Field Operations,Foreman,Male,63882,Hispanic,Married,Fully Meets,2,3537,4,2,5,Leadership Development,Internal,Completed
111,16-06-2019,05-Mar-22,PL,Active,Part-Time,Zone C,Part-Time,Sales,Fielders,Engineer,Male,62328,Asian,Widowed,Fully Meets,2,3538,1,5,4,Technical Skills,Internal,Failed
112,08-12-2019,active,BPC,Active,Full-Time,Zone C,Temporary,Sales,General - Con,Foreman,Male,74448,Hispanic,Single,Fully Meets,5,3539,3,3,4,Project Management,External,Failed
113,12-03-2020,09-Oct-22,CCDR,Active,Full-Time,Zone B,Part-Time,Sales,Splicing,Supervisor,Male,18721,White,Widowed,Exceeds,4,3540,2,2,3,Communication Skills,External,Incomplete
114,06-04-2020,24-Jul-23,SVG,Active,Full-Time,Zone B,Full-Time,Sales,Field Operations,Technician,Male,78938,Black,Married,Exceeds,2,3541,1,3,3,Customer Service,External,Passed
115,15-04-2023,active,EW,Active,Contract,Zone A,Temporary,Sales,Field Operations,Manager,Male,45456,White,Married,Needs Improvement,1,3542,2,3,4,Project Management,Internal,Failed
116,10-11-2020,active,MSC,Active,Part-Time,Zone A,Temporary,Sales,General - Con,Laborer,Female,45509,Black,Single,Fully Meets,2,3543,4,5,5,Communication Skills,External,Passed
117,29-06-2023,09-Jul-23,TNS,Active,Contract,Zone A,Temporary,Sales,Aerial,Foreman,Male,13902,Asian,Single,Fully Meets,2,3544,3,5,3,Leadership Development,External,Passed
118,07-03-2022,active,EW,Active,Full-Time,Zone C,Temporary,IT/IS,Field Operations,Locator,Female,9733,Black,Widowed,Fully Meets,1,3545,2,5,2,Customer Service,External,Incomplete
119,31-07-2021,27-Jan-23,CCDR,Active,Full-Time,Zone B,Part-Time,Sales,General - Con,Foreman,Male,35786,Hispanic,Widowed,Exceeds,1,3546,2,5,5,Project Management,External,Passed
120,20-01-2022,active,BPC,Active,Contract,Zone B,Full-Time,Sales,Project Management - Eng,Supervisor,Female,1919,Other,Married,Needs Improvement,2,3547,2,4,2,Technical Skills,External,Failed
121,11-07-2021,10-Oct-22,WBL,Active,Part-Time,Zone A,Full-Time,Sales,General - Con,Technician,Female,40135,White,Single,Fully Meets,1,3548,5,5,3,Leadership Development,External,Passed
122,15-10-2018,18-Oct-20,TNS,Active,Full-Time,Zone C,Full-Time,Sales,Field Operations,Technician,Female,72975,Black,Divorced,Fully Meets,2,3549,1,4,1,Communication Skills,External,Failed
123,26-11-2021,14-Oct-22,SVG,Active,Part-Time,Zone C,Temporary,Sales,Wireline Construction,Billing,Male,57754,White,Divorced,Fully Meets,1,3550,3,5,4,Project Management,Internal,Completed
124,11-08-2018,active,PYZ,Active,Part-Time,Zone C,Part-Time,Sales,Engineers,Engineer,Male,81142,Black,Married,Needs Improvement,4,3551,4,4,3,Communication Skills,External,Incomplete
125,16-02-2020,03-Jun-20,PL,Active,Full-Time,Zone B,Full-Time,Sales,Field Operations,Foreman,Male,28714,White,Single,Needs Improvement,1,3552,3,4,2,Leadership Development,External,Failed
126,20-01-2020,active,NEL,Active,Contract,Zone C,Temporary,Sales,Field Operations,Foreman,Male,50379,Black,Divorced,Fully Meets,4,3553,4,2,4,Project Management,Internal,Incomplete
127,31-03-2019,active,MSC,Active,Part-Time,Zone C,Temporary,Sales,People Services,Cpo,Male,78385,Asian,Widowed,Fully Meets,1,3554,2,1,2,Project Management,Internal,Completed
128,06-01-2023,07-May-23,EW,Active,Full-Time,Zone C,Temporary,Sales,General - Eng,Drafter,Female,48104,Hispanic,Widowed,Fully Meets,4,3555,2,5,1,Leadership Development,External,Passed
129,18-07-2019,15-Jan-20,CCDR,Active,Full-Time,Zone B,Temporary,Sales,Wireline Construction,Vp,Male,86009,White,Single,Exceeds,2,3556,2,2,3,Customer Service,Internal,Incomplete
130,13-02-2019,active,BPC,Active,Part-Time,Zone C,Temporary,Sales,Field Operations,Operator,Male,68837,Other,Single,Fully Meets,2,3557,4,5,2,Project Management,External,Failed
131,30-12-2018,active,MSC,Active,Part-Time,Zone A,Part-Time,Production       ,Yard (Material Handling),Manager,Female,2145,Black,Single,Fully Meets,1,3558,2,5,3,Technical Skills,Internal,Completed
132,06-11-2019,06-Sep-20,NEL,Active,Part-Time,Zone C,Full-Time,Production       ,Field Operations,Assistant,Male,1960,White,Single,Fully Meets,2,3559,3,2,1,Project Management,External,Failed
133,01-06-2022,active,MSC,Active,Contract,Zone C,Full-Time,Production       ,Field Operations,Technician,Female,2127,Asian,Divorced,Exceeds,4,3560,2,4,5,Technical Skills,External,Passed
134,28-03-2023,active,BPC,Active,Part-Time,Zone C,Temporary,Production       ,General - Con,Technician,Female,2171,White,Married,Fully Meets,5,3561,2,1,5,Technical Skills,External,Failed
135,21-05-2019,05-Jan-23,CCDR,Active,Contract,Zone B,Full-Time,Production       ,Shop (Fleet),Manager,Female,1821,Other,Single,Exceeds,2,3562,2,1,3,Project Management,External,Failed
136,01-01-2019,active,WBL,Active,Contract,Zone B,Full-Time,Production       ,Field Operations,Driver,Male,2148,Black,Widowed,PIP,4,3563,4,1,3,Leadership Development,External,Passed
137,26-01-2019,02-Dec-20,SVG,Terminated,Full-Time,Zone C,Temporary,Production       ,Aerial,Lineman,Female,2122,White,Divorced,Fully Meets,1,3564,4,4,3,Technical Skills,External,Incomplete
138,11-09-2021,active,WBL,Active,Part-Time,Zone B,Full-Time,Production       ,General - Con,Lineman,Male,1887,Other,Divorced,Fully Meets,4,3565,5,5,5,Project Management,External,Passed
139,26-09-2021,active,PL,Active,Part-Time,Zone A,Part-Time,Production       ,Aerial,Lineman,Male,1460,Black,Single,Fully Meets,2,3566,1,2,3,Communication Skills,Internal,Failed
140,04-03-2023,active,EW,Active,Full-Time,Zone C,Full-Time,Production       ,General - Sga,Technician,Male,2747,Asian,Widowed,Fully Meets,4,3567,2,3,2,Customer Service,Internal,Completed
141,11-07-2023,29-Jul-23,EW,Terminated,Full-Time,Zone B,Part-Time,Production       ,Field Operations,Foreman,Male,2478,Asian,Divorced,Fully Meets,2,3568,2,4,1,Project Management,Internal,Incomplete
142,09-02-2019,28-Aug-20,MSC,Active,Part-Time,Zone B,Temporary,Production       ,Catv,Supervisor,Female,2763,Hispanic,Divorced,Fully Meets,2,3569,1,3,5,Technical Skills,External,Incomplete
143,19-04-2019,26-Oct-21,TNS,Terminated,Full-Time,Zone B,Temporary,Production       ,Fielders,Engineer,Female,2445,Asian,Married,Fully Meets,1,3570,2,5,3,Project Management,External,Failed
144,07-07-2022,17-Jul-23,NEL,Terminated,Part-Time,Zone C,Full-Time,Production       ,Field Operations,Engineer,Female,1886,White,Widowed,Fully Meets,4,3571,4,1,5,Project Management,External,Completed
145,12-03-2019,19-May-20,WBL,Active,Contract,Zone A,Part-Time,Production       ,Fielders,Engineer,Male,2747,White,Single,Fully Meets,5,3572,5,5,5,Leadership Development,Internal,Failed
146,09-03-2020,17-Oct-21,NEL,Active,Contract,Zone B,Full-Time,Production       ,Field Operations,Driller,Female,2346,Asian,Divorced,Exceeds,4,3573,4,1,1,Customer Service,Internal,Completed
147,18-05-2021,04-Jan-22,WBL,Active,Contract,Zone B,Full-Time,Production       ,Underground,Laborer,Female,2124,Hispanic,Widowed,Fully Meets,1,3574,3,3,3,Customer Service,Internal,Completed
148,28-04-2021,18-Jan-22,MSC,Terminated,Part-Time,Zone A,Temporary,Production       ,Field Operations,Groundman,Male,2445,Hispanic,Single,Exceeds,5,3575,5,1,5,Technical Skills,Internal,Incomplete
149,21-07-2021,26-Apr-23,PL,Active,Full-Time,Zone B,Full-Time,Production       ,Engineers,Project Manager,Female,2133,Asian,Single,Exceeds,4,3576,2,3,3,Project Management,External,Completed
150,15-09-2019,active,BPC,Active,Part-Time,Zone C,Temporary,Production       ,Field Operations,Tower Hand,Male,2129,White,Widowed,Fully Meets,4,3577,5,4,5,Communication Skills,Internal,Passed
151,04-05-2019,active,WBL,Active,Full-Time,Zone A,Temporary,Production       ,Field Operations,Technician,Male,1760,Hispanic,Married,Exceeds,2,3578,1,4,2,Project Management,External,Completed
152,20-05-2021,active,BPC,Active,Full-Time,Zone C,Part-Time,Production       ,Field Operations,Laborer,Female,1851,Asian,Widowed,Needs Improvement,4,3579,5,3,3,Communication Skills,External,Failed
153,16-12-2019,active,PYZ,Active,Full-Time,Zone C,Full-Time,Production       ,Field Operations,Foreman,Male,41016,Other,Married,Fully Meets,4,3580,2,4,3,Communication Skills,Internal,Failed
154,20-11-2020,01-May-23,SVG,Active,Full-Time,Zone A,Part-Time,Production       ,Wireline Construction,Foreman,Male,18389,Other,Divorced,Fully Meets,2,3581,3,4,4,Communication Skills,External,Completed
155,19-08-2020,04-May-22,TNS,Active,Part-Time,Zone B,Part-Time,Production       ,Yard (Material Handling),Laborer,Male,90676,Asian,Widowed,Fully Meets,4,3582,2,2,5,Communication Skills,Internal,Completed
156,28-04-2021,18-Apr-22,WBL,Active,Full-Time,Zone C,Temporary,Production       ,Field Operations,Construction Manager,Female,16011,White,Married,Needs Improvement,4,3583,4,1,4,Communication Skills,Internal,Incomplete
157,14-08-2020,active,BPC,Active,Contract,Zone C,Full-Time,Production       ,Field Operations,Lineman,Female,2051,Other,Married,Fully Meets,4,3584,2,2,5,Technical Skills,External,Passed
158,22-12-2021,active,CCDR,Active,Full-Time,Zone A,Full-Time,Production       ,Yard (Material Handling),Laborer,Female,3074,Black,Divorced,Fully Meets,4,3585,1,2,3,Communication Skills,Internal,Completed
159,01-02-2019,10-Feb-19,EW,Active,Part-Time,Zone B,Full-Time,Production       ,People Services,Manager,Female,24711,Hispanic,Single,Fully Meets,2,3586,4,2,4,Communication Skills,External,Completed
160,10-05-2021,17-Dec-21,MSC,Active,Full-Time,Zone B,Temporary,Production       ,General - Eng,Administrative,Male,74564,Other,Divorced,Fully Meets,2,3587,1,2,2,Leadership Development,External,Completed
161,25-06-2019,15-Aug-19,NEL,Active,Full-Time,Zone C,Full-Time,Production       ,Shop (Fleet),Mechanic,Male,14504,Black,Widowed,Fully Meets,2,3588,4,2,1,Communication Skills,External,Passed
162,25-04-2019,active,PL,Active,Contract,Zone B,Temporary,Production       ,Field Operations,Laborer,Male,2683,White,Single,Fully Meets,1,3589,2,3,2,Communication Skills,Internal,Incomplete
163,25-02-2021,13-Oct-22,PYZ,Active,Part-Time,Zone C,Full-Time,Production       ,Field Operations,Laborer,Male,66167,Asian,Widowed,Fully Meets,4,3590,2,5,4,Leadership Development,External,Completed
164,23-11-2021,29-May-23,SVG,Active,Contract,Zone B,Part-Time,Production       ,Field Operations,Supervisor,Female,21634,White,Married,Needs Improvement,5,3591,2,1,4,Customer Service,Internal,Failed
165,05-10-2021,18-Jun-22,TNS,Active,Contract,Zone B,Full-Time,Production       ,Field Operations,Technician,Male,9454,Other,Single,Fully Meets,3,3592,4,1,2,Leadership Development,External,Incomplete
166,30-05-2020,active,WBL,Active,Contract,Zone A,Full-Time,Production       ,General - Con,Foreman,Male,48453,Asian,Married,Fully Meets,1,3593,4,4,3,Project Management,Internal,Incomplete
167,11-12-2018,active,PYZ,Active,Part-Time,Zone B,Part-Time,Production       ,Field Operations,Technician,Male,72888,Black,Married,Needs Improvement,1,3594,1,5,1,Leadership Development,Internal,Passed
168,22-09-2020,14-Sep-22,WBL,Active,Contract,Zone A,Temporary,Production       ,Engineers,Technician,Male,56703,Other,Divorced,Fully Meets,1,3595,2,3,1,Technical Skills,External,Passed
169,28-07-2019,active,NEL,Active,Part-Time,Zone C,Full-Time,Production       ,Splicing,Technician,Male,33998,Other,Single,Needs Improvement,2,3596,4,3,4,Technical Skills,Internal,Incomplete
170,06-06-2020,14-Apr-21,PYZ,Active,Contract,Zone C,Part-Time,Production       ,General - Con,Foreman,Female,17650,Black,Single,Fully Meets,1,3597,5,4,4,Technical Skills,External,Incomplete
171,28-09-2018,05-Aug-23,SVG,Terminated,Part-Time,Zone A,Full-Time,Production       ,Project Management - Eng,Supervisor,Female,72750,Other,Married,Needs Improvement,1,3598,2,5,4,Technical Skills,Internal,Passed
172,12-04-2020,active,TNS,Active,Part-Time,Zone A,Temporary,Production       ,General - Con,Technician,Female,14044,White,Divorced,Fully Meets,2,3599,4,4,2,Leadership Development,Internal,Completed
173,01-11-2022,active,WBL,Active,Contract,Zone B,Temporary,Production       ,Field Operations,Technician,Female,34810,White,Single,Fully Meets,2,3600,2,1,4,Leadership Development,Internal,Passed
174,21-11-2022,active,BPC,Active,Part-Time,Zone B,Full-Time,Production       ,Wireline Construction,Billing,Female,75187,White,Married,Fully Meets,5,3601,1,1,2,Project Management,External,Completed
175,11-04-2021,24-May-23,CCDR,Terminated,Full-Time,Zone B,Part-Time,Production       ,Engineers,Engineer,Female,30766,Hispanic,Married,Fully Meets,5,3602,3,3,3,Technical Skills,External,Incomplete
176,29-11-2018,21-Feb-19,EW,Terminated,Full-Time,Zone A,Part-Time,Production       ,Field Operations,Technician,Female,58348,White,Married,Fully Meets,2,3603,5,1,3,Technical Skills,External,Incomplete
177,16-01-2019,31-Aug-22,MSC,Active,Part-Time,Zone B,Full-Time,Production       ,Field Operations,Foreman,Female,44626,Hispanic,Divorced,Needs Improvement,4,3604,3,5,4,Project Management,External,Failed
178,18-09-2019,active,CCDR,Active,Contract,Zone C,Temporary,Production       ,Engineers,Technician,Male,2315,Other,Divorced,Fully Meets,4,3605,5,1,3,Communication Skills,External,Passed
179,01-08-2019,20-Jan-23,SVG,Terminated,Part-Time,Zone C,Full-Time,Production       ,Billable Consultants,Engineer,Male,95618,Other,Divorced,Fully Meets,3,3606,3,5,1,Project Management,Internal,Passed
180,18-06-2019,14-Apr-21,EW,Active,Full-Time,Zone A,Full-Time,Production       ,Project Management - Con,Coordinator,Male,15195,Other,Married,Fully Meets,5,3607,2,4,1,Customer Service,External,Passed
181,13-02-2019,active,MSC,Active,Full-Time,Zone C,Part-Time,Production       ,Field Operations,Technician,Male,74447,Other,Married,Fully Meets,3,3608,1,3,1,Project Management,External,Completed
182,02-06-2021,active,TNS,Active,Contract,Zone B,Full-Time,Production       ,Shop (Fleet),Welder,Female,21318,Other,Widowed,Fully Meets,3,3609,2,2,4,Customer Service,Internal,Passed
183,11-10-2018,active,PYZ,Active,Part-Time,Zone C,Full-Time,Production       ,Field Operations,Laborer,Female,51430,Other,Single,Fully Meets,3,3610,4,5,5,Customer Service,Internal,Incomplete
184,09-03-2021,active,WBL,Active,Contract,Zone C,Full-Time,Production       ,Project Management - Con,Technician,Female,85651,Hispanic,Married,Fully Meets,2,3611,2,3,4,Customer Service,Internal,Completed
185,23-01-2022,active,NEL,Active,Contract,Zone A,Part-Time,Production       ,Field Operations,Technician,Male,68900,Black,Single,PIP,4,3612,5,3,3,Leadership Development,External,Failed
186,24-02-2019,active,PL,Active,Contract,Zone B,Part-Time,Production       ,Field Operations,Laborer,Male,9241,Asian,Married,Exceeds,1,3613,1,5,2,Customer Service,Internal,Incomplete
187,08-01-2020,02-Jul-21,BPC,Active,Contract,Zone B,Temporary,Production       ,Project Management - Con,Field Project Manager,Male,23691,White,Married,Fully Meets,2,3614,4,5,1,Leadership Development,External,Passed
188,13-05-2021,22-Sep-22,CCDR,Active,Full-Time,Zone B,Part-Time,Production       ,General - Con,Manager,Male,74388,Asian,Divorced,Exceeds,2,3615,3,1,4,Communication Skills,Internal,Passed
189,12-02-2022,active,SVG,Active,Contract,Zone C,Full-Time,Production       ,General - Con,Laborer,Female,14234,Hispanic,Married,Fully Meets,4,3616,1,1,1,Customer Service,Internal,Incomplete
190,01-02-2023,active,EW,Active,Full-Time,Zone C,Full-Time,Production       ,Wireline Construction,Splicer,Female,37635,Hispanic,Married,Fully Meets,1,3617,2,3,3,Customer Service,Internal,Completed
191,04-02-2023,active,MSC,Active,Part-Time,Zone B,Temporary,Production       ,Splicing,Splicer,Male,13186,Black,Married,Fully Meets,3,3618,3,4,5,Leadership Development,External,Passed
192,23-03-2023,01-May-23,TNS,Active,Full-Time,Zone A,Full-Time,Production       ,General - Con,Technician,Male,76278,Asian,Married,Fully Meets,3,3619,1,5,2,Project Management,Internal,Passed
193,22-03-2023,14-Jul-23,PYZ,Active,Part-Time,Zone A,Temporary,Production       ,General - Eng,Specialist,Male,77580,Hispanic,Married,Fully Meets,2,3620,1,2,2,Technical Skills,Internal,Completed
194,28-11-2018,active,WBL,Active,Contract,Zone A,Full-Time,Production       ,Wireless,Laborer,Male,15586,White,Married,Fully Meets,2,3621,2,3,2,Leadership Development,External,Passed
195,09-07-2020,10-Jul-21,SVG,Active,Part-Time,Zone A,Temporary,Production       ,Field Operations,Laborer,Female,75607,Hispanic,Divorced,Fully Meets,3,3622,3,1,5,Project Management,External,Completed
196,11-02-2019,active,EW,Active,Part-Time,Zone A,Full-Time,Production       ,Engineers,Engineer,Female,47289,Asian,Divorced,Fully Meets,3,3623,2,2,5,Project Management,External,Completed
197,09-01-2020,active,MSC,Active,Part-Time,Zone B,Part-Time,Production       ,Technology / It,Engineer,Female,85711,Asian,Married,Fully Meets,4,3624,2,2,2,Communication Skills,External,Passed
198,11-11-2021,31-Jul-22,TNS,Terminated,Contract,Zone B,Part-Time,Production       ,Engineers,Engineer,Female,54392,Asian,Single,Fully Meets,5,3625,5,2,4,Technical Skills,External,Incomplete
199,15-05-2021,active,PYZ,Active,Full-Time,Zone B,Temporary,Production       ,Field Operations,Foreman,Female,61825,Asian,Single,Fully Meets,2,3626,2,5,1,Communication Skills,Internal,Failed
200,21-08-2019,28-Oct-22,WBL,Terminated,Contract,Zone C,Full-Time,Production       ,Field Operations,Supervisor,Female,52646,Black,Married,Fully Meets,3,3627,1,1,4,Leadership Development,Internal,Incomplete
201,18-09-2020,active,NEL,Active,Contract,Zone B,Part-Time,Production       ,Engineers,Technician,Female,56126,Hispanic,Married,Fully Meets,3,3628,4,3,1,Leadership Development,Internal,Incomplete
202,27-08-2022,03-Dec-22,NEL,Terminated,Contract,Zone B,Full-Time,Production       ,Field Operations,Laborer,Male,70056,Black,Divorced,Fully Meets,5,3629,2,4,4,Technical Skills,Internal,Incomplete
203,23-02-2019,active,MSC,Active,Contract,Zone B,Full-Time,Production       ,Field Operations,Laborer,Male,81819,Other,Widowed,Fully Meets,5,3630,5,3,2,Technical Skills,Internal,Failed
204,08-08-2022,25-Oct-22,EW,Active,Contract,Zone C,Full-Time,Production       ,Wireline Construction,Apprentice,Male,12978,Other,Divorced,Fully Meets,3,3631,4,1,5,Customer Service,Internal,Completed
205,24-09-2022,24-Oct-22,CCDR,Active,Contract,Zone C,Full-Time,Production       ,Field Operations,Foreman,Male,37983,Asian,Married,Fully Meets,3,3632,3,4,5,Technical Skills,Internal,Completed
206,21-03-2022,active,BPC,Active,Contract,Zone B,Temporary,Production       ,Aerial,Laborer,Female,56687,Hispanic,Single,Fully Meets,5,3633,4,4,4,Communication Skills,Internal,Incomplete
207,23-06-2023,26-Jul-23,PYZ,Active,Part-Time,Zone B,Full-Time,Production       ,General - Sga,Supervisor,Female,40148,Other,Married,Fully Meets,5,3634,2,5,2,Technical Skills,External,Incomplete
208,26-10-2020,active,WBL,Active,Part-Time,Zone C,Part-Time,Production       ,Yard (Material Handling),Runner,Female,71593,Hispanic,Single,Fully Meets,4,3635,1,5,4,Technical Skills,External,Failed
209,29-01-2020,active,NEL,Active,Contract,Zone B,Temporary,Production       ,Catv,Supervisor,Male,10775,Asian,Divorced,Fully Meets,3,3636,3,5,3,Communication Skills,External,Passed
210,23-04-2022,active,PL,Active,Full-Time,Zone C,Full-Time,Production       ,Aerial,Engineer,Male,59441,Asian,Divorced,Fully Meets,3,3637,2,1,3,Project Management,External,Completed
211,15-06-2023,active,BPC,Active,Full-Time,Zone C,Part-Time,Production       ,Field Operations,Inspector,Male,55470,Hispanic,Single,Fully Meets,3,3638,4,5,1,Customer Service,Internal,Completed
212,19-09-2019,14-Apr-20,CCDR,Active,Contract,Zone C,Full-Time,Production       ,Field Operations,Runner,Female,8655,Hispanic,Divorced,Fully Meets,3,3639,3,2,3,Communication Skills,External,Completed
213,07-01-2023,active,SVG,Active,Contract,Zone A,Temporary,Production       ,Field Operations,Foreman,Female,48077,Asian,Divorced,Fully Meets,3,3640,2,1,2,Communication Skills,External,Passed
214,07-02-2020,01-May-21,EW,Active,Contract,Zone B,Full-Time,Production       ,General - Con,Operator,Male,56039,Other,Widowed,Fully Meets,3,3641,2,5,4,Leadership Development,Internal,Passed
215,29-04-2020,12-Nov-21,MSC,Active,Contract,Zone B,Full-Time,Production       ,Field Operations,Laborer,Male,7474,Black,Single,Fully Meets,3,3642,4,1,2,Communication Skills,Internal,Completed
216,16-04-2020,active,TNS,Active,Full-Time,Zone A,Full-Time,Production       ,Catv,Laborer,Male,9287,Asian,Single,Fully Meets,3,3643,1,5,3,Leadership Development,Internal,Completed
217,16-06-2022,active,PYZ,Active,Part-Time,Zone B,Full-Time,Production       ,Field Operations,Laborer,Male,42213,Black,Married,Fully Meets,3,3644,4,4,4,Technical Skills,Internal,Incomplete
218,22-07-2019,active,WBL,Active,Part-Time,Zone C,Full-Time,Production       ,General - Con,Technician,Male,34428,Asian,Single,Fully Meets,3,3645,1,3,3,Leadership Development,External,Incomplete
219,22-04-2023,active,SVG,Active,Part-Time,Zone A,Full-Time,Production       ,Splicing,Splicer,Female,77551,Hispanic,Widowed,Fully Meets,3,3646,5,4,4,Communication Skills,External,Failed
220,28-12-2020,30-Jan-21,EW,Terminated,Part-Time,Zone A,Part-Time,Production       ,Engineers,Engineer,Female,20847,Black,Single,Fully Meets,3,3647,2,4,4,Technical Skills,Internal,Completed
221,23-02-2022,active,MSC,Active,Contract,Zone A,Full-Time,Production       ,Aerial,Lineman,Female,76615,Other,Divorced,Exceeds,4,3648,3,3,5,Leadership Development,Internal,Completed
222,13-08-2022,active,TNS,Active,Contract,Zone A,Part-Time,Production       ,Field Operations,Technician,Female,26602,White,Married,Exceeds,4,3649,1,2,2,Leadership Development,External,Completed
223,03-10-2019,28-Feb-22,PYZ,Terminated,Full-Time,Zone B,Part-Time,Production       ,Field Operations,Laborer,Female,72818,White,Divorced,Fully Meets,3,3650,3,2,4,Communication Skills,External,Passed
224,14-10-2019,active,WBL,Active,Full-Time,Zone C,Full-Time,Production       ,General - Con,Lineman,Female,90347,White,Single,Fully Meets,3,3651,1,4,1,Leadership Development,Internal,Failed
225,30-08-2019,27-Aug-22,NEL,Terminated,Part-Time,Zone C,Part-Time,Production       ,Field Operations,Supervisor,Male,96845,Other,Married,Fully Meets,3,3652,1,5,2,Communication Skills,External,Incomplete
226,04-02-2021,30-Jul-23,PL,Terminated,Contract,Zone B,Part-Time,Production       ,General - Con,Foreman,Male,67277,Asian,Widowed,Exceeds,3,3653,4,4,3,Customer Service,External,Failed
227,23-11-2022,active,PYZ,Active,Part-Time,Zone A,Part-Time,Production       ,Aerial,Lineman,Male,17975,Asian,Divorced,Exceeds,4,3654,2,4,1,Project Management,Internal,Incomplete
228,25-02-2023,active,SVG,Active,Part-Time,Zone C,Full-Time,Production       ,Engineers,Engineer,Male,97142,Asian,Married,Fully Meets,3,3655,1,5,1,Technical Skills,External,Passed
229,15-12-2019,active,TNS,Active,Part-Time,Zone B,Part-Time,Production       ,Underground,Laborer,Male,72523,Hispanic,Divorced,Exceeds,5,3656,5,3,2,Project Management,Internal,Failed
230,29-08-2021,active,WBL,Active,Part-Time,Zone C,Full-Time,Production       ,General - Con,Flagger,Female,44406,Black,Single,Fully Meets,4,3657,4,2,4,Project Management,External,Incomplete
231,04-11-2022,07-Jul-23,BPC,Active,Part-Time,Zone C,Temporary,Production       ,Project Management - Con,Technician,Female,95682,Black,Divorced,Fully Meets,3,3658,5,4,2,Leadership Development,External,Incomplete
232,02-10-2019,13-Oct-19,CCDR,Active,Full-Time,Zone A,Part-Time,Production       ,Field Operations,Engineer,Male,86746,Other,Divorced,Exceeds,1,3659,3,1,5,Leadership Development,External,Passed
233,24-05-2019,active,EW,Active,Full-Time,Zone A,Full-Time,Production       ,Field Operations,Supervisor,Male,73540,Hispanic,Single,Exceeds,3,3660,3,2,4,Leadership Development,Internal,Passed
234,28-02-2022,05-Sep-22,MSC,Active,Contract,Zone C,Temporary,Production       ,Executive,Vp,Male,21624,Asian,Married,Fully Meets,3,3661,3,2,5,Customer Service,External,Passed
235,13-06-2023,active,NEL,Active,Full-Time,Zone B,Temporary,Production       ,Wireline Construction,Laborer,Male,90473,Other,Married,Exceeds,2,3662,3,5,3,Customer Service,Internal,Passed
236,07-10-2019,22-Jan-22,PL,Active,Part-Time,Zone B,Full-Time,Production       ,General - Con,Foreman,Female,13534,Black,Single,Exceeds,3,3663,2,3,4,Technical Skills,Internal,Passed
237,06-10-2020,12-Jan-22,PYZ,Active,Full-Time,Zone C,Part-Time,Production       ,Field Operations,Locator,Female,2667,Other,Widowed,Fully Meets,3,3664,5,3,2,Communication Skills,Internal,Incomplete
238,22-11-2019,active,SVG,Active,Full-Time,Zone B,Temporary,Production       ,Field Operations,Field Technician,Male,54319,Asian,Married,Fully Meets,3,3665,5,2,1,Project Management,Internal,Passed
239,29-04-2022,21-Jan-23,TNS,Active,Full-Time,Zone A,Full-Time,Production       ,Field Operations,Laborer,Male,16052,Hispanic,Single,Fully Meets,3,3666,5,2,1,Project Management,Internal,Completed
240,11-12-2022,28-Apr-23,WBL,Active,Part-Time,Zone B,Temporary,Production       ,Billable Consultants,Technician,Male,18998,Black,Single,Fully Meets,3,3667,1,1,2,Leadership Development,Internal,Completed
241,06-08-2023,06-Aug-23,BPC,Active,Full-Time,Zone C,Full-Time,Production       ,Underground,Operator,Male,33735,Asian,Widowed,Needs Improvement,3,3668,1,5,1,Customer Service,External,Completed
242,28-03-2020,12-Mar-23,CCDR,Terminated,Contract,Zone A,Temporary,Production       ,Finance & Accounting,Clerk,Male,81928,Black,Widowed,Fully Meets,3,3669,4,2,4,Project Management,Internal,Completed
243,11-08-2022,27-Mar-23,SVG,Active,Full-Time,Zone A,Full-Time,Production       ,Billable Consultants,Engineer,Female,14006,Hispanic,Widowed,Needs Improvement,3,3670,2,2,3,Project Management,External,Completed
244,26-01-2023,19-Jun-23,EW,Terminated,Part-Time,Zone A,Temporary,Production       ,Splicing,Splicer,Female,45376,Asian,Divorced,Needs Improvement,3,3671,3,4,5,Communication Skills,External,Passed
245,14-01-2019,active,MSC,Active,Part-Time,Zone A,Full-Time,Production       ,General - Con,Foreman,Female,44501,Asian,Divorced,Fully Meets,3,3672,3,2,4,Project Management,External,Failed
246,11-06-2022,10-Jan-23,TNS,Terminated,Full-Time,Zone B,Temporary,Production       ,People Services,Manager,Female,47767,Other,Widowed,Fully Meets,3,3673,3,3,1,Customer Service,External,Passed
247,25-06-2020,02-Mar-22,BPC,Terminated,Part-Time,Zone C,Part-Time,Production       ,Engineers,Engineer,Female,39141,Other,Single,Fully Meets,3,3674,4,4,3,Project Management,Internal,Completed
248,08-06-2020,29-Dec-22,CCDR,Active,Full-Time,Zone C,Full-Time,Production       ,Engineers,Technician,Female,70090,Hispanic,Divorced,Fully Meets,3,3675,5,3,2,Customer Service,Internal,Passed
249,29-08-2018,active,BPC,Active,Contract,Zone B,Part-Time,Production       ,Yard (Material Handling),Associate,Male,35858,Black,Divorced,Fully Meets,3,3676,3,4,1,Customer Service,Internal,Failed
250,01-10-2022,active,CCDR,Active,Full-Time,Zone A,Full-Time,Production       ,Field Operations,Supervisor,Male,27462,Hispanic,Single,Fully Meets,3,3677,3,5,5,Leadership Development,External,Incomplete
251,22-07-2021,active,SVG,Active,Full-Time,Zone A,Full-Time,Production       ,General - Eng,Drafter,Male,65321,Asian,Single,Fully Meets,3,3678,3,4,4,Customer Service,Internal,Incomplete
252,14-12-2019,active,EW,Active,Full-Time,Zone A,Full-Time,Production       ,Engineers,Engineer,Male,54017,Asian,Divorced,Fully Meets,3,3679,4,2,5,Leadership Development,External,Completed
253,27-03-2020,active,MSC,Active,Part-Time,Zone B,Full-Time,Production       ,Underground,Operator,Female,51584,Other,Divorced,Fully Meets,3,3680,3,2,3,Leadership Development,Internal,Completed
254,25-11-2021,active,TNS,Active,Part-Time,Zone B,Temporary,Production       ,Engineers,Project Manager,Female,75321,Black,Widowed,Fully Meets,3,3681,5,2,5,Customer Service,External,Incomplete
255,08-07-2023,active,PYZ,Active,Full-Time,Zone C,Temporary,Production       ,Field Operations,Technician,Female,37646,Black,Single,Fully Meets,4,3682,3,3,3,Communication Skills,External,Incomplete
256,02-11-2021,11-Dec-21,WBL,Active,Part-Time,Zone C,Temporary,Production       ,Finance & Accounting,Administration,Male,33204,Other,Divorced,Fully Meets,3,3683,2,1,5,Project Management,Internal,Completed
257,01-12-2019,25-Dec-22,NEL,Active,Contract,Zone C,Part-Time,Production       ,Field Operations,Technician,Male,76198,Hispanic,Widowed,Fully Meets,3,3684,5,5,3,Communication Skills,Internal,Completed
258,16-08-2022,10-Nov-22,PL,Active,Full-Time,Zone C,Full-Time,Production       ,Project Management - Con,Coordinator,Male,10600,Asian,Widowed,Fully Meets,3,3685,4,3,4,Leadership Development,External,Passed
259,25-04-2021,12-Dec-22,BPC,Active,Part-Time,Zone A,Full-Time,Production       ,Engineers,Director,Male,67909,White,Single,Exceeds,1,3686,3,3,1,Project Management,Internal,Incomplete
260,17-05-2019,active,CCDR,Active,Part-Time,Zone B,Temporary,Production       ,Field Operations,Supervisor,Female,26340,White,Divorced,Exceeds,1,3687,2,4,5,Customer Service,External,Incomplete
261,04-05-2019,03-Aug-21,SVG,Active,Contract,Zone B,Full-Time,Production       ,Wireline Construction,Manager,Female,42113,Asian,Divorced,Exceeds,3,3688,4,4,4,Customer Service,Internal,Failed
262,16-07-2021,active,EW,Active,Contract,Zone A,Temporary,Production       ,Field Operations,Laborer,Male,95832,Asian,Married,Exceeds,3,3689,4,4,3,Communication Skills,External,Passed
263,04-08-2020,27-Feb-21,MSC,Active,Part-Time,Zone A,Temporary,Production       ,Yard (Material Handling),Laborer,Male,60287,White,Single,Needs Improvement,3,3690,4,3,5,Technical Skills,Internal,Completed
264,23-11-2020,active,TNS,Active,Part-Time,Zone C,Full-Time,Production       ,Finance & Accounting,Manager,Male,34316,Asian,Single,Needs Improvement,1,3691,1,1,5,Leadership Development,Internal,Completed
265,11-11-2019,active,PYZ,Active,Full-Time,Zone B,Part-Time,Production       ,Aerial,Lineman,Male,75371,Black,Widowed,Needs Improvement,3,3692,4,5,3,Technical Skills,Internal,Passed
266,20-05-2019,30-Aug-20,SVG,Active,Part-Time,Zone B,Temporary,Production       ,Project Management - Con,Field Project Manager,Female,13727,White,Married,Exceeds,2,3693,3,1,1,Project Management,External,Completed
267,05-11-2019,16-Apr-22,EW,Terminated,Full-Time,Zone A,Part-Time,Production       ,Field Operations,Specialist,Female,94278,Hispanic,Married,PIP,4,3694,3,3,5,Leadership Development,External,Completed
268,20-09-2018,04-Feb-21,MSC,Terminated,Contract,Zone C,Temporary,Production       ,Catv,Laborer,Female,70817,Hispanic,Divorced,PIP,4,3695,1,1,4,Project Management,External,Failed
269,02-09-2020,26-May-23,TNS,Terminated,Contract,Zone B,Part-Time,Production       ,Wireless,Foreman,Female,74423,Hispanic,Widowed,PIP,3,3696,2,1,2,Technical Skills,Internal,Passed
270,28-06-2020,active,PYZ,Active,Full-Time,Zone A,Part-Time,Production       ,Field Operations,Technician,Female,51256,Other,Single,PIP,4,3697,3,4,1,Technical Skills,Internal,Failed
271,22-03-2023,30-May-23,WBL,Active,Full-Time,Zone A,Full-Time,Production       ,Catv,Foreman,Female,16462,Hispanic,Married,PIP,3,3698,2,5,4,Leadership Development,External,Passed
272,30-08-2022,20-Sep-22,PYZ,Terminated,Part-Time,Zone B,Temporary,Production       ,Engineers,Engineer,Male,48065,Asian,Divorced,PIP,2,3699,2,4,3,Customer Service,External,Passed
273,24-10-2019,active,PL,Active,Part-Time,Zone A,Temporary,Production       ,Wireline Construction,Supervisor,Male,93840,Hispanic,Divorced,PIP,1,3700,4,1,1,Project Management,Internal,Failed
274,09-11-2019,active,NEL,Active,Part-Time,Zone B,Temporary,Production       ,Shop (Fleet),Mechanic,Male,35917,Other,Single,PIP,2,3701,4,1,4,Communication Skills,Internal,Failed
275,13-07-2019,active,MSC,Active,Part-Time,Zone C,Part-Time,Production       ,Aerial,Foreman,Male,22165,Asian,Single,Exceeds,3,3702,2,4,1,Leadership Development,External,Failed
276,31-08-2020,26-Jun-22,EW,Active,Part-Time,Zone A,Part-Time,Production       ,Engineers,Engineer,Female,87563,White,Widowed,Exceeds,4,3703,5,5,5,Communication Skills,External,Completed
277,25-01-2019,26-Oct-21,CCDR,Active,Full-Time,Zone C,Part-Time,Production       ,Field Operations,Associate,Female,20993,Asian,Married,Exceeds,5,3704,2,4,5,Technical Skills,External,Incomplete
278,21-11-2020,09-Apr-23,BPC,Active,Full-Time,Zone A,Part-Time,Production       ,General - Sga,Vp,Female,88723,White,Single,Exceeds,3,3705,3,1,4,Technical Skills,Internal,Completed
279,23-09-2019,active,WBL,Active,Full-Time,Zone B,Part-Time,Production       ,Field Operations,Laborer,Male,59933,White,Divorced,Exceeds,3,3706,2,1,4,Customer Service,Internal,Completed
280,11-12-2022,active,TNS,Active,Contract,Zone B,Temporary,Production       ,Engineers,Manager,Male,81280,Asian,Divorced,Exceeds,3,3707,3,2,4,Leadership Development,External,Passed
281,21-08-2020,20-Sep-22,SVG,Active,Full-Time,Zone C,Part-Time,Production       ,Fielders,Engineer,Male,13899,Black,Married,Exceeds,4,3708,5,5,2,Customer Service,External,Passed
282,04-02-2019,17-Apr-23,PYZ,Active,Full-Time,Zone C,Part-Time,Production       ,Splicing,Splicer,Male,44907,Black,Divorced,Exceeds,5,3709,3,5,3,Leadership Development,Internal,Incomplete
283,29-10-2021,active,PL,Active,Full-Time,Zone C,Part-Time,Production       ,Aerial,Foreman,Female,64630,Hispanic,Single,Exceeds,1,3710,5,5,3,Leadership Development,External,Completed
284,17-07-2021,active,NEL,Active,Part-Time,Zone A,Temporary,Production       ,Finance & Accounting,Administrative,Female,36588,Black,Single,Needs Improvement,1,3711,4,3,3,Leadership Development,External,Incomplete
285,28-04-2019,01-Sep-22,MSC,Active,Part-Time,Zone C,Temporary,Production       ,Field Operations,Technician,Male,33658,Asian,Married,Needs Improvement,5,3712,2,3,1,Project Management,Internal,Incomplete
286,21-07-2020,active,EW,Active,Full-Time,Zone B,Temporary,Production       ,General - Sga,Administrator,Male,87025,Hispanic,Widowed,Fully Meets,3,3713,3,4,1,Customer Service,External,Incomplete
287,19-01-2020,active,CCDR,Active,Full-Time,Zone B,Part-Time,Production       ,Field Operations,Laborer,Male,93985,White,Married,Fully Meets,4,3714,3,5,2,Leadership Development,Internal,Passed
288,12-09-2021,active,BPC,Active,Contract,Zone A,Full-Time,Production       ,Project Management - Con,Coordinator,Male,27233,Black,Widowed,Fully Meets,4,3715,1,1,4,Leadership Development,External,Incomplete
289,31-07-2022,18-Feb-23,SVG,Terminated,Full-Time,Zone A,Full-Time,Production       ,General - Con,Laborer,Female,5569,Black,Married,Fully Meets,1,3716,5,3,3,Project Management,Internal,Incomplete
290,18-05-2023,active,EW,Active,Contract,Zone B,Full-Time,Production       ,Field Operations,Specialist,Female,21090,Asian,Married,Fully Meets,2,3717,4,1,3,Communication Skills,External,Passed
291,25-05-2021,22-Oct-21,MSC,Terminated,Contract,Zone C,Temporary,Production       ,Field Operations,Driver,Female,52357,Other,Married,Fully Meets,4,3718,1,1,3,Communication Skills,Internal,Completed
292,22-07-2022,active,TNS,Active,Contract,Zone B,Full-Time,Production       ,Underground,Laborer,Female,47989,Hispanic,Divorced,Fully Meets,3,3719,1,2,1,Project Management,Internal,Incomplete
293,23-05-2019,12-Sep-20,PYZ,Active,Part-Time,Zone B,Full-Time,Production       ,Field Operations,Laborer,Female,31486,White,Single,Fully Meets,3,3720,2,1,5,Project Management,Internal,Passed
294,12-02-2020,07-Apr-20,NEL,Active,Full-Time,Zone B,Full-Time,Production       ,Fielders,Engineer,Male,24794,Black,Widowed,Fully Meets,2,3721,5,4,5,Technical Skills,External,Incomplete
295,16-02-2020,09-Jan-22,PL,Terminated,Part-Time,Zone B,Full-Time,Production       ,Field Operations,Laborer,Male,80316,White,Married,Fully Meets,2,3722,1,5,5,Communication Skills,Internal,Passed
296,29-04-2022,16-Jul-22,BPC,Terminated,Full-Time,Zone A,Temporary,Production       ,Wireline Construction,Laborer,Male,46742,Asian,Married,Fully Meets,3,3723,2,1,4,Communication Skills,Internal,Completed
297,10-10-2019,30-Oct-21,CCDR,Terminated,Part-Time,Zone C,Temporary,Production       ,Field Operations,Laborer,Male,30194,Asian,Divorced,Fully Meets,4,3724,1,2,5,Communication Skills,Internal,Incomplete
298,07-04-2019,09-Jul-23,SVG,Active,Contract,Zone B,Part-Time,Production       ,Aerial,Lineman,Male,36808,Asian,Widowed,Fully Meets,1,3725,4,3,3,Customer Service,External,Failed
299,13-07-2020,18-Sep-21,EW,Active,Contract,Zone A,Full-Time,Production       ,General - Con,Lineman,Female,36688,Other,Married,Fully Meets,4,3726,1,4,1,Communication Skills,External,Failed
300,26-08-2021,active,MSC,Active,Part-Time,Zone C,Temporary,Production       ,Field Operations,Supervisor,Female,37883,Other,Divorced,Fully Meets,3,3727,1,2,5,Project Management,Internal,Incomplete
301,23-12-2021,active,TNS,Active,Contract,Zone A,Part-Time,Production       ,Splicing,Laborer,Male,39843,Hispanic,Divorced,Fully Meets,5,3728,5,1,2,Customer Service,Internal,Completed
302,08-12-2022,04-Jul-23,BPC,Active,Contract,Zone B,Part-Time,Production       ,Wireline Construction,Supervisor,Male,69873,Other,Divorced,Fully Meets,3,3729,4,5,3,Customer Service,External,Failed
303,18-01-2022,active,CCDR,Active,Contract,Zone B,Temporary,Production       ,Fielders,Engineer,Male,2548,Black,Widowed,Fully Meets,4,3730,4,5,5,Leadership Development,External,Incomplete
304,28-02-2020,14-Dec-22,EW,Active,Part-Time,Zone B,Part-Time,Production       ,Field Operations,Engineer,Male,73555,Hispanic,Single,Fully Meets,3,3731,2,4,1,Project Management,External,Passed
305,31-05-2020,active,MSC,Active,Part-Time,Zone B,Part-Time,Production       ,Field Operations,Technician,Male,27650,Black,Widowed,Fully Meets,5,3732,3,4,4,Technical Skills,Internal,Incomplete
306,20-04-2020,23-Jul-22,NEL,Active,Contract,Zone C,Part-Time,Production       ,Field Operations,Driver,Female,2035,Hispanic,Single,Fully Meets,3,3733,1,3,5,Communication Skills,Internal,Incomplete
307,07-03-2019,active,PL,Active,Full-Time,Zone C,Temporary,Production       ,Technology / It,Engineer,Male,74284,White,Divorced,Fully Meets,3,3734,4,5,2,Communication Skills,Internal,Failed
308,29-05-2019,active,PYZ,Active,Contract,Zone C,Temporary,Production       ,Wireless,Project Manager,Male,81455,White,Married,Fully Meets,1,3735,4,4,4,Technical Skills,External,Failed
309,18-10-2020,22-Mar-23,SVG,Active,Full-Time,Zone A,Part-Time,Production       ,Wireline Construction,Laborer,Male,95345,Other,Married,Fully Meets,2,3736,3,1,3,Project Management,Internal,Incomplete
310,19-11-2018,active,TNS,Active,Part-Time,Zone B,Part-Time,Production       ,People Services,Director,Male,67176,Hispanic,Divorced,Fully Meets,5,3737,2,5,1,Customer Service,External,Failed
311,15-04-2022,09-Jan-23,SVG,Terminated,Full-Time,Zone A,Temporary,Production       ,General - Con,Lineman,Female,21015,Hispanic,Widowed,Fully Meets,3,3738,3,3,5,Technical Skills,Internal,Completed
312,24-08-2018,22-Mar-21,EW,Terminated,Full-Time,Zone B,Temporary,Production       ,Field Operations,Tower Hand,Female,80870,Asian,Divorced,Fully Meets,3,3739,1,3,4,Customer Service,External,Incomplete
313,15-10-2022,17-Feb-23,MSC,Terminated,Full-Time,Zone C,Part-Time,Production       ,People Services,Intern,Female,12265,Other,Single,Fully Meets,4,3740,2,2,4,Leadership Development,External,Completed
314,27-02-2023,28-Mar-23,TNS,Terminated,Full-Time,Zone A,Temporary,Production       ,Field Operations,Engineer,Female,47025,Hispanic,Widowed,Fully Meets,1,3741,2,5,4,Project Management,External,Completed
315,22-09-2021,15-May-23,PYZ,Active,Contract,Zone A,Temporary,Production       ,Field Operations,Manager,Female,81011,Asian,Married,Fully Meets,2,3742,2,1,1,Communication Skills,Internal,Passed
316,30-05-2020,active,WBL,Active,Contract,Zone A,Part-Time,Production       ,General - Con,Locator,Male,13394,Black,Married,Fully Meets,2,3743,2,1,3,Leadership Development,Internal,Passed
317,11-09-2020,active,NEL,Active,Part-Time,Zone B,Full-Time,Production       ,Aerial,Lineman,Female,50967,Asian,Widowed,Fully Meets,5,3744,4,3,2,Communication Skills,Internal,Completed
318,31-05-2019,06-Oct-20,PL,Terminated,Full-Time,Zone C,Full-Time,Production       ,General - Con,Technician,Male,8286,Asian,Single,Fully Meets,4,3745,5,4,4,Technical Skills,External,Failed
319,13-07-2020,active,BPC,Active,Part-Time,Zone B,Full-Time,Production       ,Shop (Fleet),Mechanic,Male,68039,Black,Widowed,Fully Meets,3,3746,2,1,5,Project Management,Internal,Passed
320,09-09-2021,10-Feb-23,CCDR,Terminated,Part-Time,Zone C,Temporary,Production       ,Technology / It,Technician,Male,56563,Black,Widowed,Fully Meets,2,3747,2,5,5,Leadership Development,External,Failed
321,06-04-2019,active,SVG,Active,Full-Time,Zone C,Part-Time,Production       ,General - Con,Laborer,Male,96739,Other,Married,Fully Meets,1,3748,4,1,3,Customer Service,Internal,Failed
322,16-02-2021,active,EW,Active,Full-Time,Zone A,Full-Time,Production       ,Project Management - Eng,Planner,Female,27488,Other,Married,Fully Meets,4,3749,1,3,3,Technical Skills,External,Passed
323,17-02-2020,active,MSC,Active,Full-Time,Zone C,Part-Time,Production       ,Engineers,Engineer,Male,49299,Black,Single,Fully Meets,1,3750,4,1,5,Project Management,External,Passed
324,15-10-2021,active,TNS,Active,Contract,Zone A,Full-Time,Production       ,Aerial,Model Assistant,Male,32547,Other,Single,Fully Meets,3,3751,1,1,4,Customer Service,Internal,Incomplete
325,06-07-2022,active,PYZ,Active,Full-Time,Zone A,Temporary,Production       ,Engineers,Engineer,Male,11664,White,Divorced,Fully Meets,2,3752,3,1,5,Communication Skills,Internal,Completed
326,05-03-2019,10-Dec-20,WBL,Active,Part-Time,Zone B,Part-Time,Production       ,Project Management - Eng,Planner,Male,37926,White,Single,Fully Meets,4,3753,1,3,2,Project Management,External,Failed
327,02-06-2020,25-Jan-22,NEL,Active,Full-Time,Zone C,Full-Time,Production       ,Project Management - Con,Engineer,Male,76770,Black,Married,Fully Meets,1,3754,3,3,5,Technical Skills,External,Incomplete
328,26-11-2020,17-Feb-23,PL,Active,Full-Time,Zone C,Full-Time,Production       ,Executive,Manager,Female,72484,Black,Married,Fully Meets,4,3755,5,4,2,Customer Service,Internal,Completed
329,24-05-2021,active,BPC,Active,Full-Time,Zone A,Temporary,Production       ,Field Operations,Driller,Female,13669,Hispanic,Married,Fully Meets,3,3756,1,5,3,Technical Skills,External,Failed
330,17-10-2022,26-Mar-23,CCDR,Active,Full-Time,Zone B,Part-Time,Production       ,Aerial,Lineman,Male,7481,Asian,Single,Fully Meets,2,3757,4,4,5,Technical Skills,Internal,Incomplete
331,16-11-2022,24-Jun-23,SVG,Terminated,Contract,Zone A,Temporary,Production       ,Engineers,Engineer,Male,76897,Other,Divorced,Fully Meets,3,3758,2,1,1,Leadership Development,Internal,Failed
332,01-05-2022,25-Sep-22,EW,Active,Contract,Zone B,Full-Time,Production       ,Yard (Material Handling),Laborer,Male,47326,Black,Married,Fully Meets,1,3759,3,4,1,Project Management,Internal,Completed
333,24-08-2021,active,MSC,Active,Full-Time,Zone A,Part-Time,Production       ,General - Con,Technician,Male,20814,Other,Widowed,Fully Meets,3,3760,4,3,1,Technical Skills,External,Passed
334,22-06-2023,10-Jul-23,CCDR,Active,Contract,Zone A,Full-Time,Production       ,General - Sga,Assistant,Female,75880,Black,Married,Fully Meets,1,3761,2,4,1,Customer Service,External,Failed
335,18-07-2020,active,SVG,Active,Part-Time,Zone B,Temporary,Production       ,Engineers,Engineer,Female,65366,Black,Divorced,Fully Meets,2,3762,2,1,1,Project Management,Internal,Failed
336,12-01-2023,06-Feb-23,EW,Terminated,Full-Time,Zone B,Full-Time,Production       ,Finance & Accounting,Clerk,Female,40231,White,Widowed,Fully Meets,3,3763,3,2,5,Technical Skills,External,Incomplete
337,16-02-2022,active,MSC,Active,Full-Time,Zone B,Temporary,Production       ,General - Sga,Manager,Female,41487,Black,Single,Fully Meets,3,3764,2,1,5,Communication Skills,External,Incomplete
338,02-09-2022,active,TNS,Active,Part-Time,Zone A,Temporary,Production       ,Yard (Material Handling),Runner,Female,36904,Hispanic,Widowed,Fully Meets,3,3765,1,1,2,Customer Service,Internal,Completed
339,02-02-2019,03-Feb-23,PYZ,Active,Part-Time,Zone A,Part-Time,Production       ,Yard (Material Handling),Manager,Female,10110,Black,Widowed,Fully Meets,3,3766,4,4,5,Technical Skills,Internal,Incomplete
340,26-08-2021,05-Sep-22,TNS,Terminated,Full-Time,Zone B,Part-Time,Production       ,General - Con,Laborer,Female,46087,Black,Divorced,Fully Meets,2,3767,2,5,3,Leadership Development,Internal,Completed
341,31-12-2020,active,SVG,Active,Contract,Zone B,Full-Time,Production       ,Catv,Foreman,Female,37838,Black,Divorced,Fully Meets,4,3768,2,4,1,Leadership Development,Internal,Completed
342,12-12-2020,active,PYZ,Active,Full-Time,Zone A,Full-Time,Production       ,Fielders,Engineer,Male,15968,Asian,Married,Fully Meets,3,3769,3,5,3,Project Management,Internal,Incomplete
343,13-01-2022,11-Apr-23,PL,Terminated,Contract,Zone B,Temporary,Production       ,Aerial,Lineman,Male,21100,Asian,Married,Fully Meets,3,3770,1,3,3,Project Management,Internal,Incomplete
344,24-01-2021,07-May-23,NEL,Terminated,Part-Time,Zone B,Temporary,Production       ,General - Con,Foreman,Male,65845,Asian,Married,Fully Meets,3,3771,2,2,4,Communication Skills,Internal,Incomplete
345,08-02-2022,22-Jul-22,MSC,Active,Full-Time,Zone A,Temporary,Production       ,Engineers,Engineer,Female,58535,Asian,Divorced,Fully Meets,3,3772,2,5,1,Communication Skills,External,Completed
346,11-10-2020,26-Feb-22,EW,Terminated,Part-Time,Zone A,Temporary,Production       ,Engineers,Engineer,Female,3994,Hispanic,Divorced,Fully Meets,3,3773,1,5,2,Project Management,External,Failed
347,20-06-2019,13-Oct-21,CCDR,Active,Part-Time,Zone B,Full-Time,Production       ,Engineers,Engineer,Male,32544,Black,Single,Fully Meets,3,3774,5,3,1,Leadership Development,Internal,Passed
348,13-07-2021,26-Nov-22,BPC,Active,Contract,Zone B,Part-Time,Production       ,Field Operations,Laborer,Male,36153,Other,Widowed,Fully Meets,3,3775,2,1,3,Customer Service,Internal,Completed
349,14-10-2021,30-Oct-21,WBL,Active,Contract,Zone A,Full-Time,Production       ,General - Eng,Administrative,Male,34262,Black,Married,Fully Meets,3,3776,4,1,5,Project Management,Internal,Completed
350,09-11-2021,active,TNS,Active,Contract,Zone C,Temporary,Production       ,Aerial,Lineman,Male,12906,Black,Single,Fully Meets,3,3777,4,3,2,Project Management,External,Completed
351,02-04-2023,27-Jul-23,SVG,Active,Full-Time,Zone A,Full-Time,Production       ,Wireline Construction,Groundman,Male,30753,Other,Married,Fully Meets,3,3778,1,5,3,Customer Service,Internal,Completed
352,19-10-2022,03-May-23,PYZ,Active,Part-Time,Zone B,Temporary,Production       ,Shop (Fleet),Technician,Female,60533,Other,Divorced,Fully Meets,3,3779,4,1,1,Project Management,External,Incomplete
353,09-05-2020,14-Sep-21,PL,Active,Part-Time,Zone C,Part-Time,Production       ,General - Con,Technician,Female,36882,Black,Widowed,Fully Meets,3,3780,2,3,2,Customer Service,Internal,Failed
354,18-08-2019,05-May-22,NEL,Active,Contract,Zone B,Full-Time,Production       ,General - Con,Laborer,Male,62493,Black,Single,Fully Meets,3,3781,5,3,1,Customer Service,External,Incomplete
355,09-03-2019,02-May-20,MSC,Terminated,Full-Time,Zone B,Temporary,Production       ,Field Operations,Driver,Male,92706,Asian,Widowed,Fully Meets,3,3782,1,5,1,Technical Skills,Internal,Passed
356,09-05-2020,active,EW,Active,Contract,Zone A,Full-Time,Production       ,Fielders,Engineer,Male,7773,Asian,Divorced,Fully Meets,3,3783,3,4,3,Technical Skills,External,Completed
357,14-08-2022,active,CCDR,Active,Contract,Zone A,Temporary,Production       ,Splicing,Supervisor,Female,55514,White,Single,Fully Meets,3,3784,3,3,2,Communication Skills,Internal,Completed
358,18-01-2022,active,PL,Active,Contract,Zone C,Temporary,Production       ,Project Management - Con,Director,Female,13406,Black,Divorced,Fully Meets,3,3785,3,2,2,Project Management,External,Passed
359,22-06-2021,26-Jul-22,PYZ,Terminated,Full-Time,Zone A,Part-Time,Production       ,Field Operations,Technician,Female,65379,Black,Divorced,Fully Meets,3,3786,3,4,2,Leadership Development,External,Failed
360,19-01-2023,20-Jun-23,SVG,Terminated,Full-Time,Zone C,Part-Time,Production       ,General - Sga,Supervisor,Female,69445,White,Widowed,Fully Meets,3,3787,1,2,1,Project Management,External,Passed
361,17-05-2023,13-Jun-23,TNS,Terminated,Part-Time,Zone A,Full-Time,Production       ,Field Operations,Foreman,Female,32440,Black,Married,Fully Meets,3,3788,3,4,2,Customer Service,External,Completed
362,07-06-2020,active,WBL,Active,Contract,Zone A,Part-Time,Production       ,Wireline Construction,Foreman,Female,30804,Other,Widowed,Fully Meets,3,3789,3,1,4,Technical Skills,External,Incomplete
363,07-07-2023,11-Jul-23,PYZ,Active,Full-Time,Zone A,Temporary,Production       ,Yard (Material Handling),Laborer,Female,17247,Hispanic,Single,Fully Meets,3,3790,3,2,1,Communication Skills,External,Completed
364,28-03-2020,active,WBL,Active,Full-Time,Zone B,Full-Time,Production       ,Finance & Accounting,Administration,Female,32417,Asian,Divorced,Fully Meets,3,3791,4,1,1,Leadership Development,External,Failed
365,23-05-2019,10-May-22,NEL,Active,Part-Time,Zone C,Full-Time,Production       ,Engineers,Engineer,Male,50738,White,Married,Fully Meets,3,3792,2,2,2,Project Management,External,Passed
366,20-04-2019,active,PL,Active,Full-Time,Zone B,Full-Time,Production       ,General - Con,Manager,Male,34278,Asian,Married,Fully Meets,3,3793,2,3,3,Project Management,Internal,Completed
367,09-09-2018,active,BPC,Active,Contract,Zone A,Full-Time,Production       ,General - Con,Foreman,Male,40836,Asian,Widowed,Fully Meets,5,3794,1,1,3,Communication Skills,External,Failed
368,14-07-2022,active,CCDR,Active,Part-Time,Zone A,Part-Time,Production       ,General - Sga,Manager,Male,59081,White,Divorced,Exceeds,3,3795,4,3,2,Project Management,External,Passed
369,17-04-2019,02-Dec-21,SVG,Active,Contract,Zone A,Part-Time,Production       ,General - Con,Laborer,Female,82019,Hispanic,Married,Exceeds,3,3796,1,5,2,Technical Skills,External,Incomplete
370,15-05-2020,active,EW,Active,Contract,Zone A,Full-Time,Production       ,Catv,Splicer,Female,32969,Black,Married,Fully Meets,3,3797,3,4,2,Technical Skills,External,Completed
371,04-04-2020,04-Jul-23,MSC,Active,Full-Time,Zone C,Full-Time,Production       ,General - Con,Lineman,Male,36648,Other,Widowed,Fully Meets,3,3798,1,1,1,Project Management,External,Passed
372,15-10-2022,active,TNS,Active,Full-Time,Zone A,Temporary,Production       ,Executive,Director,Male,95984,Hispanic,Single,Exceeds,3,3799,3,1,3,Communication Skills,Internal,Incomplete
373,11-07-2019,active,PYZ,Active,Contract,Zone C,Part-Time,Production       ,General - Sga,Administrator,Male,31864,Other,Married,Fully Meets,3,3800,5,3,5,Customer Service,Internal,Completed
374,02-10-2019,active,WBL,Active,Contract,Zone C,Temporary,Production       ,Field Operations,Laborer,Female,54738,Hispanic,Single,Fully Meets,3,3801,2,1,4,Leadership Development,External,Incomplete
375,04-03-2021,active,NEL,Active,Full-Time,Zone A,Full-Time,Production       ,Field Operations,Project Manager,Male,65896,White,Divorced,Fully Meets,3,3802,3,3,5,Leadership Development,Internal,Passed
376,10-02-2021,01-Jan-22,PL,Active,Contract,Zone B,Full-Time,Production       ,Field Operations,Tower Hand,Female,35618,Black,Single,Fully Meets,3,3803,1,2,5,Project Management,External,Passed
377,15-05-2019,active,BPC,Active,Full-Time,Zone C,Part-Time,Production       ,General - Con,Lineman,Female,17561,Hispanic,Single,Fully Meets,3,3804,3,2,2,Customer Service,External,Incomplete
378,28-04-2022,active,CCDR,Active,Full-Time,Zone B,Part-Time,Production       ,General - Con,Mechanic,Male,13779,Other,Divorced,Fully Meets,3,3805,2,5,2,Communication Skills,External,Incomplete
379,23-09-2021,01-Jul-23,SVG,Active,Contract,Zone C,Temporary,Production       ,Field Operations,Groundman,Male,31026,Other,Married,Fully Meets,3,3806,4,1,5,Customer Service,External,Passed
380,15-09-2021,10-Nov-21,EW,Active,Contract,Zone C,Temporary,Production       ,Project Management - Con,Manager,Male,84074,Asian,Single,Fully Meets,3,3807,4,5,4,Communication Skills,External,Passed
381,27-04-2019,20-Mar-20,PYZ,Active,Contract,Zone B,Full-Time,IT/IS,General - Sga,Administrator,Female,2472,White,Widowed,Fully Meets,3,3808,5,4,4,Technical Skills,External,Passed
382,06-10-2019,23-Aug-20,TNS,Active,Part-Time,Zone B,Part-Time,IT/IS,Field Operations,Foreman,Male,2343,Hispanic,Single,Fully Meets,3,3809,3,1,5,Technical Skills,External,Incomplete
383,16-02-2020,active,PL,Active,Full-Time,Zone A,Temporary,IT/IS,General - Sga,Administrator,Female,6033,Black,Single,Fully Meets,3,3810,3,3,1,Communication Skills,External,Completed
384,14-05-2022,21-Oct-22,PL,Active,Part-Time,Zone B,Temporary,IT/IS,Fielders,Engineer,Male,6278,Hispanic,Widowed,Fully Meets,3,3811,1,1,1,Technical Skills,External,Completed
385,13-02-2019,06-Aug-20,BPC,Active,Contract,Zone B,Full-Time,IT/IS,General - Eng,Administrative,Female,2453,Hispanic,Single,Fully Meets,3,3812,3,3,1,Communication Skills,Internal,Failed
386,24-08-2022,active,SVG,Active,Part-Time,Zone A,Part-Time,IT/IS,Engineers,Engineer,Male,1886,Hispanic,Widowed,Fully Meets,3,3813,2,3,4,Technical Skills,Internal,Failed
387,07-01-2019,05-Sep-20,EW,Active,Part-Time,Zone C,Full-Time,IT/IS,Engineers,Coordinator,Male,2169,Black,Widowed,Fully Meets,3,3814,4,1,2,Communication Skills,Internal,Failed
388,26-03-2021,active,SVG,Active,Contract,Zone C,Part-Time,IT/IS,Project Management - Con,Coordinator,Male,1420,White,Divorced,Fully Meets,3,3815,1,5,3,Project Management,Internal,Failed
389,01-05-2021,active,WBL,Active,Full-Time,Zone A,Temporary,IT/IS,Field Operations,Technician,Male,2135,Hispanic,Single,Fully Meets,3,3816,1,1,5,Communication Skills,External,Passed
390,10-10-2021,21-Jan-23,CCDR,Active,Part-Time,Zone A,Full-Time,IT/IS,General - Con,Technician,Female,2119,Black,Single,Needs Improvement,3,3817,3,3,1,Customer Service,Internal,Incomplete
391,02-01-2020,03-Apr-22,CCDR,Active,Part-Time,Zone A,Part-Time,IT/IS,Wireless,Technician,Male,2138,Asian,Single,Fully Meets,3,3818,1,1,3,Leadership Development,External,Incomplete
392,20-01-2020,active,MSC,Active,Full-Time,Zone B,Part-Time,IT/IS,Aerial,Foreman,Female,2048,Asian,Single,Fully Meets,3,3819,4,1,1,Leadership Development,Internal,Incomplete
393,11-08-2018,21-May-21,EW,Active,Contract,Zone C,Full-Time,IT/IS,General - Con,Foreman,Female,1773,Other,Divorced,Fully Meets,3,3820,1,3,4,Project Management,External,Incomplete
394,18-12-2021,active,TNS,Active,Contract,Zone A,Temporary,IT/IS,Field Operations,Manager,Male,1545,White,Single,Fully Meets,3,3821,5,4,4,Project Management,External,Passed
395,24-09-2019,04-Apr-22,WBL,Active,Full-Time,Zone B,Part-Time,Executive Office,General - Con,Technician,Male,56727,Hispanic,Divorced,Fully Meets,3,3822,4,4,5,Technical Skills,Internal,Incomplete
396,17-10-2022,26-Jun-23,TNS,Active,Full-Time,Zone A,Temporary,Executive Office,Shop (Fleet),Supervisor,Male,12469,White,Single,Needs Improvement,3,3823,5,4,1,Communication Skills,External,Completed
397,07-01-2020,active,SVG,Active,Contract,Zone C,Full-Time,IT/IS,General - Sga,Administrator,Male,83312,Black,Single,Fully Meets,3,3824,4,4,5,Leadership Development,Internal,Completed
398,05-11-2022,active,PYZ,Active,Full-Time,Zone A,Part-Time,IT/IS,Field Operations,Tower Hand,Male,97413,Black,Married,Fully Meets,3,3825,4,4,2,Leadership Development,Internal,Completed
399,26-04-2023,03-Jun-23,PL,Active,Part-Time,Zone B,Full-Time,IT/IS,Field Operations,Laborer,Male,21759,Asian,Divorced,Fully Meets,3,3826,2,1,3,Communication Skills,Internal,Completed
400,29-05-2019,active,NEL,Active,Part-Time,Zone B,Part-Time,IT/IS,General - Eng,Engineer,Male,79707,Asian,Widowed,Fully Meets,3,3827,3,3,4,Communication Skills,Internal,Failed
401,12-09-2019,active,PL,Active,Part-Time,Zone A,Full-Time,IT/IS,Aerial,Lineman,Male,84152,Black,Divorced,Fully Meets,3,3828,2,5,1,Leadership Development,External,Failed
402,27-01-2019,26-Feb-21,BPC,Active,Part-Time,Zone C,Full-Time,IT/IS,Project Management - Con,Manager,Male,55408,Other,Married,Exceeds,3,3829,3,2,1,Project Management,External,Incomplete
403,20-08-2019,active,CCDR,Active,Part-Time,Zone C,Temporary,IT/IS,Field Operations,Tower Hand,Male,89892,White,Widowed,PIP,3,3830,1,1,3,Technical Skills,Internal,Completed
404,14-09-2018,active,SVG,Active,Part-Time,Zone C,Part-Time,IT/IS,Field Operations,Laborer,Female,16260,Hispanic,Divorced,Needs Improvement,3,3831,3,2,5,Project Management,Internal,Failed
405,02-08-2021,29-Sep-22,EW,Active,Full-Time,Zone B,Part-Time,IT/IS,Project Management - Eng,Planner,Female,96097,Hispanic,Widowed,PIP,3,3832,1,4,5,Leadership Development,Internal,Incomplete
406,26-01-2022,02-Nov-22,PYZ,Active,Full-Time,Zone A,Part-Time,Executive Office,Field Operations,Top Hand,Male,21738,Asian,Single,PIP,3,3833,3,5,2,Leadership Development,External,Completed
407,10-05-2019,05-Aug-21,WBL,Active,Contract,Zone C,Part-Time,Executive Office,Field Operations,Technician,Male,40039,Hispanic,Married,Fully Meets,3,3834,3,5,5,Technical Skills,External,Passed
408,02-01-2019,06-Dec-22,NEL,Active,Part-Time,Zone B,Part-Time,IT/IS,Yard (Material Handling),Associate,Male,45952,Hispanic,Divorced,Fully Meets,3,3835,5,3,1,Customer Service,External,Failed
409,13-08-2021,active,PL,Active,Contract,Zone A,Temporary,IT/IS,General - Con,Technician,Male,9738,Black,Single,Fully Meets,3,3836,2,3,5,Technical Skills,External,Incomplete
410,02-10-2022,13-Nov-22,BPC,Active,Part-Time,Zone A,Part-Time,IT/IS,Finance & Accounting,Administrative,Male,72879,Other,Single,PIP,3,3837,5,3,1,Communication Skills,Internal,Failed
411,17-12-2018,21-Apr-21,CCDR,Active,Part-Time,Zone A,Full-Time,IT/IS,Field Operations,Assistant,Female,28364,Asian,Single,PIP,3,3838,1,1,2,Communication Skills,Internal,Failed
412,11-10-2021,active,PL,Active,Contract,Zone B,Part-Time,IT/IS,General - Con,Lineman,Male,94433,Hispanic,Divorced,PIP,3,3839,3,3,4,Communication Skills,External,Failed
413,01-04-2023,18-May-23,BPC,Active,Part-Time,Zone B,Full-Time,IT/IS,Field Operations,Foreman,Male,97654,Hispanic,Single,Fully Meets,3,3840,1,5,4,Technical Skills,External,Failed
414,20-03-2021,active,CCDR,Active,Full-Time,Zone C,Full-Time,IT/IS,Wireline Construction,Laborer,Male,78239,Asian,Single,Fully Meets,3,3841,5,4,4,Customer Service,External,Passed
415,20-08-2020,11-Aug-21,SVG,Active,Part-Time,Zone B,Part-Time,IT/IS,Aerial,Lineman,Female,40402,White,Divorced,Fully Meets,3,3842,2,5,5,Project Management,Internal,Completed
416,16-07-2023,30-Jul-23,EW,Active,Full-Time,Zone C,Full-Time,IT/IS,Engineers,Engineer,Female,21480,Asian,Single,Fully Meets,3,3843,3,5,5,Technical Skills,External,Passed
417,10-06-2021,18-Aug-22,PYZ,Active,Part-Time,Zone C,Temporary,Executive Office,General - Con,Laborer,Male,49677,White,Single,PIP,3,3844,3,2,5,Project Management,External,Failed
418,25-08-2019,active,WBL,Active,Contract,Zone A,Full-Time,Executive Office,Field Operations,Laborer,Male,69726,Hispanic,Single,PIP,3,3845,4,5,3,Project Management,Internal,Passed
419,04-05-2020,15-May-23,NEL,Active,Contract,Zone C,Full-Time,IT/IS,Wireline Construction,Driver,Male,44664,Asian,Single,Fully Meets,3,3846,4,5,1,Leadership Development,Internal,Incomplete
420,24-02-2019,11-Jun-20,PL,Active,Part-Time,Zone B,Temporary,IT/IS,Field Operations,Laborer,Male,53800,Hispanic,Single,Fully Meets,3,3847,5,3,1,Technical Skills,Internal,Completed
421,24-09-2019,active,BPC,Active,Full-Time,Zone C,Temporary,IT/IS,Field Operations,Technician,Male,69459,Asian,Married,Fully Meets,3,3848,5,1,4,Communication Skills,Internal,Incomplete
422,13-02-2021,active,CCDR,Active,Contract,Zone A,Part-Time,IT/IS,General - Con,Foreman,Female,78801,White,Widowed,Fully Meets,3,3849,3,3,1,Leadership Development,External,Passed
423,05-01-2020,25-Apr-22,MSC,Active,Part-Time,Zone B,Temporary,IT/IS,Yard (Material Handling),Administration,Male,77264,Hispanic,Single,Fully Meets,3,3850,1,3,5,Communication Skills,Internal,Completed
424,18-01-2019,30-Mar-20,NEL,Active,Contract,Zone C,Temporary,IT/IS,Executive,Manager,Male,38058,Black,Married,PIP,3,3851,5,2,1,Project Management,Internal,Failed
425,01-03-2019,25-Sep-21,PL,Active,Part-Time,Zone A,Temporary,IT/IS,Field Operations,Laborer,Female,34011,White,Widowed,PIP,3,3852,5,2,4,Technical Skills,External,Completed
426,14-08-2021,05-Nov-22,PYZ,Active,Full-Time,Zone A,Temporary,IT/IS,General - Con,Operator,Female,56198,Asian,Single,Fully Meets,3,3853,1,3,3,Leadership Development,External,Failed
427,06-06-2019,05-Sep-19,WBL,Active,Part-Time,Zone B,Temporary,Executive Office,Technology / It,Manager,Male,72343,Black,Single,Fully Meets,3,3854,5,2,5,Communication Skills,External,Incomplete
428,25-05-2021,13-Aug-22,WBL,Active,Part-Time,Zone B,Part-Time,Executive Office,People Services,Accountant,Male,77314,Other,Widowed,Fully Meets,3,3855,5,3,4,Communication Skills,External,Passed
429,17-03-2023,12-Jun-23,TNS,Active,Part-Time,Zone C,Part-Time,Executive Office,Wireline Construction,Groundman,Male,57170,Other,Divorced,PIP,3,3856,5,1,4,Technical Skills,External,Completed
430,02-10-2022,11-Oct-22,SVG,Active,Contract,Zone B,Temporary,IT/IS,Fielders,Engineer,Male,18837,Black,Widowed,PIP,3,3857,1,1,2,Leadership Development,External,Completed
431,22-01-2022,active,PYZ,Active,Full-Time,Zone B,Full-Time,IT/IS,Engineers,Technician,Male,90580,Other,Married,Fully Meets,3,3858,3,3,1,Project Management,External,Failed
432,29-11-2019,18-Aug-22,PL,Active,Full-Time,Zone B,Part-Time,IT/IS,Fielders,Engineer,Female,70282,Hispanic,Married,PIP,3,3859,1,2,5,Communication Skills,External,Completed
433,01-07-2020,22-Sep-22,NEL,Active,Contract,Zone B,Temporary,IT/IS,Catv,Lineman,Female,86329,Asian,Single,Fully Meets,3,3860,2,4,3,Technical Skills,Internal,Completed
434,24-03-2022,active,PL,Active,Full-Time,Zone C,Part-Time,IT/IS,General - Con,Flagger,Male,70757,Other,Widowed,PIP,3,3861,3,1,5,Project Management,Internal,Passed
435,13-05-2019,06-Jun-23,BPC,Active,Part-Time,Zone B,Temporary,IT/IS,Project Management - Con,Engineer,Male,58224,White,Married,PIP,3,3862,3,1,3,Communication Skills,Internal,Passed
436,07-06-2019,active,CCDR,Active,Contract,Zone A,Temporary,IT/IS,Aerial,Technician,Female,38413,Other,Single,PIP,3,3863,4,2,1,Leadership Development,Internal,Incomplete
437,05-12-2022,13-Jun-23,SVG,Active,Contract,Zone A,Full-Time,IT/IS,Aerial,Laborer,Female,32977,Other,Married,Needs Improvement,3,3864,3,4,2,Leadership Development,External,Incomplete
438,29-09-2020,22-Oct-21,MSC,Active,Part-Time,Zone C,Temporary,Production       ,Sales & Marketing,Vp,Male,9209,Asian,Single,Needs Improvement,3,3865,1,4,3,Project Management,External,Completed
439,04-09-2020,17-Apr-21,TNS,Active,Contract,Zone A,Full-Time,Executive Office,Field Operations,Technician,Male,58737,Other,Divorced,Fully Meets,3,3866,2,1,5,Customer Service,Internal,Incomplete
440,26-08-2018,active,PYZ,Active,Part-Time,Zone B,Full-Time,Executive Office,Catv,Clerk,Male,5363,Other,Widowed,Fully Meets,3,3867,5,3,3,Communication Skills,External,Failed
441,17-08-2019,active,WBL,Active,Contract,Zone A,Part-Time,IT/IS,Finance & Accounting,Administrative,Male,51175,Hispanic,Widowed,Fully Meets,3,3868,3,1,2,Project Management,Internal,Completed
442,25-09-2019,07-Feb-20,NEL,Active,Full-Time,Zone A,Temporary,IT/IS,Field Operations,Drafter,Male,49132,Hispanic,Divorced,Fully Meets,3,3869,1,4,2,Project Management,External,Completed
443,11-03-2023,11-Mar-23,PL,Active,Contract,Zone B,Temporary,IT/IS,Project Management - Con,Laborer,Male,64853,Asian,Single,Fully Meets,3,3870,1,5,1,Technical Skills,External,Completed
444,15-12-2022,active,BPC,Active,Full-Time,Zone B,Full-Time,IT/IS,General - Con,Lineman,Female,39859,White,Widowed,Fully Meets,3,3871,4,5,2,Technical Skills,External,Completed
445,10-08-2018,08-Feb-21,CCDR,Active,Contract,Zone B,Part-Time,IT/IS,Engineers,Director,Female,48135,Asian,Single,Fully Meets,3,3872,5,5,3,Communication Skills,Internal,Completed
446,04-03-2022,22-Jun-23,NEL,Active,Full-Time,Zone B,Part-Time,IT/IS,Executive,General Manager,Male,41066,Hispanic,Widowed,Fully Meets,3,3873,3,4,5,Project Management,Internal,Completed
447,02-06-2020,active,PL,Active,Part-Time,Zone C,Part-Time,IT/IS,General - Con,Laborer,Male,28613,Hispanic,Married,Fully Meets,3,3874,4,4,5,Project Management,External,Passed
448,29-06-2021,active,BPC,Active,Contract,Zone A,Temporary,IT/IS,Underground,Laborer,Male,81215,Asian,Divorced,Fully Meets,3,3875,5,5,1,Leadership Development,External,Incomplete
449,24-10-2021,active,CCDR,Active,Contract,Zone C,Temporary,IT/IS,General - Con,Lineman,Female,70578,Hispanic,Single,PIP,3,3876,3,2,5,Leadership Development,External,Failed
450,22-10-2018,07-Apr-20,MSC,Active,Part-Time,Zone A,Full-Time,Executive Office,General - Con,Lineman,Male,81607,Asian,Single,PIP,3,3877,3,3,4,Communication Skills,External,Passed
451,08-09-2018,23-Aug-21,TNS,Active,Contract,Zone B,Part-Time,Executive Office,Engineers,Engineer,Male,69536,Other,Divorced,Fully Meets,3,3878,4,4,1,Customer Service,Internal,Passed
452,08-02-2019,24-Feb-23,PYZ,Active,Full-Time,Zone C,Part-Time,IT/IS,Field Operations,Clerk,Male,16655,Hispanic,Married,Fully Meets,3,3879,1,5,2,Project Management,Internal,Incomplete
453,29-03-2021,27-Jun-21,WBL,Active,Part-Time,Zone B,Temporary,IT/IS,General - Con,Clerical,Male,73726,Black,Single,Fully Meets,3,3880,4,3,1,Communication Skills,Internal,Completed
454,19-06-2019,active,NEL,Active,Part-Time,Zone B,Part-Time,IT/IS,Field Operations,Laborer,Male,14181,Other,Divorced,Fully Meets,3,3881,5,3,5,Project Management,External,Failed
455,30-01-2019,active,PL,Active,Contract,Zone C,Part-Time,IT/IS,Wireless,Operator,Female,14438,Asian,Married,Fully Meets,3,3882,5,3,3,Customer Service,Internal,Completed
456,06-05-2022,26-Sep-22,BPC,Active,Contract,Zone B,Full-Time,IT/IS,Field Operations,Administrator,Female,11294,White,Widowed,Fully Meets,3,3883,2,2,1,Communication Skills,Internal,Incomplete
457,02-02-2019,active,CCDR,Active,Full-Time,Zone B,Temporary,IT/IS,Engineers,Engineer,Female,96985,Black,Widowed,Fully Meets,3,3884,4,2,3,Customer Service,External,Passed
458,08-12-2021,active,EW,Active,Full-Time,Zone B,Part-Time,IT/IS,Engineers,Engineer,Female,93436,Black,Single,Fully Meets,3,3885,5,5,5,Communication Skills,External,Failed
459,12-10-2018,active,MSC,Active,Part-Time,Zone B,Temporary,IT/IS,Wireless,Technician,Male,42646,Other,Single,Fully Meets,3,3886,5,2,5,Technical Skills,External,Passed
460,22-04-2022,15-May-23,NEL,Active,Contract,Zone B,Temporary,IT/IS,General - Con,Flagger,Male,54502,White,Divorced,Exceeds,3,3887,2,3,5,Communication Skills,External,Failed
461,05-09-2021,08-Jul-22,PL,Active,Full-Time,Zone B,Full-Time,IT/IS,Engineers,Engineer,Female,88391,Other,Divorced,Fully Meets,3,3888,3,1,4,Project Management,Internal,Completed
462,05-09-2022,30-Oct-22,TNS,Active,Contract,Zone B,Part-Time,Executive Office,General - Con,Foreman,Male,26421,Black,Single,Fully Meets,3,3889,2,1,1,Technical Skills,External,Incomplete
463,19-07-2022,25-Apr-23,WBL,Active,Full-Time,Zone B,Temporary,IT/IS,General - Con,Foreman,Male,85660,Asian,Divorced,Fully Meets,3,3890,2,3,3,Project Management,External,Completed
464,26-05-2022,active,BPC,Active,Full-Time,Zone C,Temporary,IT/IS,Engineers,Engineer,Male,60107,Other,Single,Fully Meets,3,3891,3,2,2,Leadership Development,External,Passed
465,31-10-2022,active,CCDR,Active,Full-Time,Zone A,Full-Time,IT/IS,Engineers,Principal,Male,60831,Hispanic,Divorced,Fully Meets,3,3892,5,4,2,Technical Skills,External,Completed
466,22-03-2023,28-Jul-23,EW,Active,Full-Time,Zone B,Part-Time,IT/IS,General - Con,Laborer,Female,68298,Asian,Married,Fully Meets,3,3893,3,1,2,Leadership Development,External,Failed
467,29-05-2023,active,MSC,Active,Full-Time,Zone A,Full-Time,IT/IS,Aerial,Lineman,Female,72913,Black,Married,Fully Meets,3,3894,4,3,5,Leadership Development,External,Failed
468,23-02-2020,08-Sep-21,NEL,Active,Full-Time,Zone C,Full-Time,IT/IS,Splicing,Tester,Female,3137,Other,Single,Fully Meets,3,3895,2,1,2,Technical Skills,External,Completed
469,13-08-2019,10-Jul-22,PL,Active,Part-Time,Zone B,Temporary,IT/IS,Engineers,Project Manager,Female,2618,Other,Widowed,Fully Meets,3,3896,5,3,1,Technical Skills,Internal,Passed
470,25-03-2019,13-Sep-21,NEL,Active,Part-Time,Zone A,Part-Time,IT/IS,Aerial,Project Manager,Female,84396,Black,Married,Fully Meets,3,3897,5,4,3,Technical Skills,Internal,Incomplete
471,14-12-2018,11-Feb-23,PL,Active,Part-Time,Zone C,Temporary,IT/IS,General - Con,Lineman,Male,83611,Asian,Single,Fully Meets,3,3898,4,5,1,Technical Skills,Internal,Failed
472,07-03-2021,31-Aug-21,BPC,Active,Contract,Zone B,Part-Time,IT/IS,Engineers,Engineer,Female,88656,Other,Divorced,Fully Meets,3,3899,4,5,4,Customer Service,Internal,Failed
473,16-06-2023,active,CCDR,Active,Contract,Zone C,Full-Time,IT/IS,Field Operations,Field Technician,Female,79249,Asian,Single,Fully Meets,3,3900,5,2,1,Technical Skills,Internal,Passed
474,18-06-2021,active,EW,Active,Part-Time,Zone A,Temporary,Executive Office,Project Management - Eng,Project Manager,Male,3921,Hispanic,Single,Fully Meets,3,3901,1,2,5,Customer Service,External,Failed
475,22-05-2023,16-Jun-23,MSC,Active,Contract,Zone B,Temporary,Executive Office,Wireline Construction,Groundman,Male,84876,Black,Single,Fully Meets,3,3902,3,1,1,Leadership Development,External,Failed
476,14-05-2019,active,TNS,Active,Full-Time,Zone A,Full-Time,IT/IS,Field Operations,Driver,Male,66324,Hispanic,Single,Fully Meets,3,3903,1,4,3,Communication Skills,External,Incomplete
477,27-12-2020,active,PYZ,Active,Contract,Zone A,Part-Time,IT/IS,Engineers,Engineer,Male,86510,Asian,Widowed,Fully Meets,3,3904,4,4,1,Project Management,External,Passed
478,04-08-2020,04-Feb-22,WBL,Active,Full-Time,Zone A,Full-Time,IT/IS,Billable Consultants,Engineer,Female,48843,Black,Widowed,Fully Meets,3,3905,5,5,5,Project Management,Internal,Failed
479,25-08-2020,active,NEL,Active,Contract,Zone C,Temporary,IT/IS,Wireline Construction,Splicer,Female,70797,Other,Married,Fully Meets,3,3906,3,2,4,Project Management,Internal,Completed
480,24-02-2022,active,PL,Active,Full-Time,Zone A,Temporary,IT/IS,Engineers,Director,Female,6437,White,Married,Fully Meets,3,3907,3,2,5,Technical Skills,External,Incomplete
481,06-08-2019,21-Mar-21,BPC,Active,Part-Time,Zone C,Temporary,IT/IS,Splicing,Splicer,Female,92289,Black,Married,Needs Improvement,3,3908,2,5,3,Project Management,External,Failed
482,01-08-2021,24-Sep-21,CCDR,Active,Part-Time,Zone C,Part-Time,IT/IS,General - Eng,Administrative,Female,58900,Other,Married,Needs Improvement,3,3909,1,1,2,Project Management,Internal,Failed
483,13-07-2022,22-Jan-23,WBL,Active,Part-Time,Zone A,Part-Time,IT/IS,Wireless,Technician,Female,35673,White,Widowed,Needs Improvement,3,3910,5,3,4,Leadership Development,External,Incomplete
484,28-05-2021,active,NEL,Active,Full-Time,Zone A,Part-Time,IT/IS,Splicing,Splicer,Male,68952,White,Widowed,Fully Meets,3,3911,2,5,4,Customer Service,External,Failed
485,06-07-2020,18-Jan-21,PL,Active,Part-Time,Zone C,Full-Time,IT/IS,General - Con,Foreman,Male,97493,Hispanic,Widowed,Needs Improvement,3,3912,1,3,4,Leadership Development,External,Passed
486,14-01-2020,08-Jun-22,BPC,Active,Full-Time,Zone A,Part-Time,IT/IS,Project Management - Con,Purchasing,Female,69903,White,Married,Fully Meets,3,3913,2,2,5,Technical Skills,Internal,Failed
487,04-02-2020,29-Jan-21,SVG,Active,Contract,Zone C,Temporary,Executive Office,Engineers,Project Manager,Male,9758,Other,Single,Exceeds,3,3914,3,5,3,Leadership Development,Internal,Failed
488,28-08-2022,active,TNS,Active,Contract,Zone B,Part-Time,IT/IS,Field Operations,Foreman,Male,31391,Other,Widowed,Fully Meets,3,3915,5,3,1,Leadership Development,External,Completed
489,27-06-2022,active,WBL,Active,Part-Time,Zone C,Temporary,IT/IS,Project Management - Con,Coordinator,Male,14939,Other,Widowed,Fully Meets,3,3916,1,3,1,Communication Skills,External,Passed
490,19-12-2019,31-Mar-23,PYZ,Active,Part-Time,Zone C,Full-Time,IT/IS,General - Con,Technician,Female,89635,Black,Widowed,Exceeds,3,3917,3,1,4,Project Management,Internal,Failed
491,24-09-2020,27-Mar-23,WBL,Active,Contract,Zone A,Full-Time,IT/IS,Field Operations,Laborer,Female,48262,Asian,Widowed,Fully Meets,3,3918,3,3,5,Communication Skills,External,Completed
492,06-07-2023,active,NEL,Active,Contract,Zone C,Full-Time,IT/IS,Field Operations,Tower Hand,Female,42410,Asian,Divorced,Fully Meets,3,3919,3,3,2,Customer Service,External,Completed
493,11-04-2021,19-Dec-22,PL,Active,Full-Time,Zone A,Part-Time,IT/IS,Field Operations,Laborer,Female,62625,Other,Divorced,Fully Meets,3,3920,2,1,4,Customer Service,Internal,Failed
494,12-02-2020,15-Jul-22,BPC,Active,Contract,Zone A,Part-Time,IT/IS,Splicing,Splicer,Female,56684,Other,Married,Fully Meets,3,3921,4,3,2,Customer Service,External,Completed
495,25-12-2018,active,CCDR,Active,Part-Time,Zone A,Full-Time,IT/IS,General - Con,Lineman,Female,26513,White,Widowed,Fully Meets,3,3922,5,3,1,Communication Skills,External,Incomplete
496,25-12-2021,19-Jun-23,WBL,Active,Full-Time,Zone C,Part-Time,IT/IS,Aerial,Foreman,Female,26918,Hispanic,Single,Exceeds,3,3923,2,4,3,Project Management,External,Failed
497,22-05-2021,active,NEL,Active,Full-Time,Zone B,Full-Time,IT/IS,General - Con,Technician,Male,86917,Other,Widowed,Fully Meets,3,3924,2,4,5,Customer Service,External,Passed
498,03-05-2020,14-Nov-22,PL,Active,Contract,Zone C,Part-Time,IT/IS,General - Sga,Vp,Male,64495,Hispanic,Widowed,Fully Meets,3,3925,1,3,3,Leadership Development,Internal,Failed
499,27-02-2019,active,BPC,Active,Full-Time,Zone C,Full-Time,IT/IS,Wireless,Supervisor,Female,47528,Hispanic,Single,Needs Improvement,3,3926,4,1,4,Customer Service,Internal,Incomplete
500,01-03-2020,05-Mar-22,SVG,Active,Contract,Zone C,Temporary,Executive Office,Aerial,Lineman,Male,50639,Other,Single,Fully Meets,3,3927,5,4,1,Customer Service,External,Completed
501,27-01-2021,18-Oct-21,TNS,Active,Full-Time,Zone A,Temporary,IT/IS,General - Con,Laborer,Male,59834,White,Widowed,Fully Meets,3,3928,4,2,1,Leadership Development,Internal,Failed
502,18-06-2023,24-Jul-23,WBL,Active,Contract,Zone C,Part-Time,IT/IS,Wireline Construction,Clerk,Female,73645,Asian,Married,Fully Meets,3,3929,2,5,2,Technical Skills,Internal,Failed
503,24-11-2019,active,BPC,Active,Contract,Zone A,Part-Time,IT/IS,General - Con,Helper,Female,65218,Asian,Married,Fully Meets,3,3930,4,4,4,Leadership Development,External,Failed
504,24-09-2021,active,CCDR,Active,Part-Time,Zone A,Temporary,IT/IS,Engineers,Drafter,Male,34001,Black,Widowed,Fully Meets,3,3931,2,1,5,Customer Service,External,Failed
505,17-08-2022,active,EW,Active,Contract,Zone B,Full-Time,IT/IS,General - Eng,Billing,Female,23569,Black,Single,Fully Meets,3,3932,5,5,4,Technical Skills,Internal,Completed
506,18-04-2023,active,MSC,Active,Contract,Zone A,Part-Time,IT/IS,Engineers,Engineer,Female,46935,White,Married,Fully Meets,3,3933,3,4,5,Communication Skills,Internal,Incomplete
507,15-04-2020,13-May-22,NEL,Active,Full-Time,Zone C,Temporary,IT/IS,Executive,Vp,Female,80168,Asian,Widowed,Fully Meets,3,3934,3,3,2,Project Management,Internal,Completed
508,25-12-2020,active,PL,Active,Full-Time,Zone C,Full-Time,IT/IS,Aerial,Lineman,Male,97304,White,Widowed,Fully Meets,3,3935,5,1,4,Customer Service,Internal,Passed
509,21-07-2022,01-May-23,MSC,Terminated,Full-Time,Zone B,Temporary,IT/IS,General - Sga,Director,Male,6033,Other,Widowed,Fully Meets,3,3936,5,3,4,Communication Skills,Internal,Completed
510,04-11-2022,active,EW,Active,Contract,Zone C,Part-Time,IT/IS,Field Operations,Laborer,Male,1960,White,Widowed,Fully Meets,3,3937,1,3,1,Communication Skills,Internal,Completed
511,20-04-2020,active,BPC,Active,Part-Time,Zone B,Temporary,IT/IS,Field Operations,Tower Hand,Female,1886,Hispanic,Married,Fully Meets,3,3938,1,1,1,Technical Skills,External,Completed
512,05-09-2019,active,CCDR,Active,Part-Time,Zone A,Part-Time,IT/IS,General - Con,Foreman,Male,78230,Black,Married,Fully Meets,3,3939,5,2,4,Technical Skills,Internal,Passed
513,11-08-2019,active,EW,Active,Contract,Zone B,Full-Time,IT/IS,General - Con,Technician,Male,2148,Other,Divorced,Fully Meets,3,3940,5,4,3,Project Management,External,Failed
514,04-11-2018,active,BPC,Active,Full-Time,Zone B,Temporary,IT/IS,Field Operations,Laborer,Male,1810,White,Married,Fully Meets,3,3941,2,3,3,Project Management,External,Incomplete
515,04-11-2018,22-Dec-21,PYZ,Terminated,Contract,Zone B,Temporary,IT/IS,Catv,Laborer,Female,2703,Asian,Married,PIP,3,3942,3,4,1,Customer Service,External,Completed
516,27-07-2019,25-Jul-21,NEL,Terminated,Part-Time,Zone A,Part-Time,IT/IS,General - Eng,Administrative,Male,2452,Black,Single,Fully Meets,3,3943,5,2,2,Communication Skills,External,Failed
517,21-12-2020,active,SVG,Active,Full-Time,Zone A,Full-Time,IT/IS,General - Sga,Administrator,Female,2148,White,Single,Fully Meets,3,3944,5,3,4,Technical Skills,External,Completed
518,25-07-2022,active,MSC,Active,Full-Time,Zone C,Temporary,IT/IS,Engineers,Engineer,Female,1886,Black,Single,PIP,3,3945,4,4,2,Communication Skills,External,Incomplete
519,15-06-2019,active,NEL,Active,Contract,Zone A,Temporary,IT/IS,Shop (Fleet),Technician,Female,2493,White,Married,Fully Meets,3,3946,1,3,4,Leadership Development,External,Passed
520,04-04-2020,22-Jun-22,EW,Terminated,Full-Time,Zone B,Full-Time,IT/IS,Field Operations,Field Technician,Female,2026,Hispanic,Married,Fully Meets,3,3947,4,3,1,Project Management,Internal,Failed
521,03-02-2023,29-May-23,MSC,Terminated,Contract,Zone C,Full-Time,IT/IS,Aerial,Foreman,Male,2747,Hispanic,Married,Fully Meets,3,3948,4,4,2,Leadership Development,External,Passed
522,20-09-2022,04-Jul-23,SVG,Active,Full-Time,Zone A,Temporary,IT/IS,General - Con,Laborer,Female,1886,White,Single,Fully Meets,3,3949,5,2,5,Communication Skills,Internal,Incomplete
523,12-07-2023,active,CCDR,Active,Full-Time,Zone A,Part-Time,IT/IS,Fielders,Engineer,Female,2301,Hispanic,Widowed,Fully Meets,3,3950,2,3,5,Technical Skills,Internal,Completed
524,25-04-2021,12-Feb-23,MSC,Terminated,Contract,Zone A,Temporary,IT/IS,Wireline Construction,Groundman,Female,2127,Asian,Divorced,Fully Meets,3,3951,4,1,3,Project Management,Internal,Completed
525,13-03-2021,active,EW,Active,Full-Time,Zone A,Full-Time,IT/IS,Finance & Accounting,Assistant,Male,2110,Black,Single,Fully Meets,3,3952,1,4,1,Project Management,External,Incomplete
526,16-08-2021,active,BPC,Active,Full-Time,Zone B,Full-Time,IT/IS,General - Eng,Engineer,Female,78692,White,Married,Fully Meets,3,3953,3,4,4,Customer Service,Internal,Passed
527,18-10-2021,active,CCDR,Active,Full-Time,Zone B,Temporary,IT/IS,General - Con,Flagger,Female,87816,Hispanic,Married,Fully Meets,3,3954,5,1,5,Leadership Development,External,Completed
528,16-02-2020,16-Mar-23,SVG,Active,Contract,Zone C,Full-Time,IT/IS,Project Management - Con,Coordinator,Female,31207,Hispanic,Married,Fully Meets,3,3955,2,1,1,Technical Skills,External,Failed
529,07-08-2019,08-Mar-23,EW,Active,Contract,Zone A,Temporary,IT/IS,General - Sga,Foreman,Female,6158,Black,Widowed,Fully Meets,3,3956,4,5,2,Customer Service,External,Failed
530,03-01-2022,active,MSC,Active,Contract,Zone C,Temporary,IT/IS,Field Operations,Administration,Female,36554,Other,Divorced,Fully Meets,3,3957,3,2,4,Communication Skills,Internal,Passed
531,22-09-2020,active,TNS,Active,Part-Time,Zone C,Full-Time,IT/IS,Field Operations,Foreman,Female,53042,Hispanic,Married,PIP,3,3958,5,3,1,Technical Skills,Internal,Completed
532,11-11-2022,14-Jul-23,PYZ,Terminated,Part-Time,Zone A,Full-Time,IT/IS,General - Con,Foreman,Male,42665,Hispanic,Single,Fully Meets,3,3959,5,4,5,Communication Skills,Internal,Incomplete
533,11-08-2018,active,WBL,Active,Part-Time,Zone A,Full-Time,IT/IS,Field Operations,Laborer,Male,95490,White,Married,Fully Meets,3,3960,3,4,1,Communication Skills,External,Completed
534,31-03-2023,active,NEL,Active,Full-Time,Zone A,Full-Time,IT/IS,Aerial,Lineman,Male,74182,Black,Divorced,Fully Meets,3,3961,2,5,2,Leadership Development,Internal,Passed
535,10-03-2021,active,MSC,Active,Contract,Zone B,Part-Time,IT/IS,Aerial,Lineman,Female,49449,Hispanic,Divorced,Fully Meets,3,3962,4,3,3,Customer Service,Internal,Failed
536,30-08-2019,active,TNS,Active,Part-Time,Zone B,Temporary,IT/IS,Field Operations,Foreman,Female,39060,Black,Widowed,Fully Meets,3,3963,4,1,5,Customer Service,External,Completed
537,07-06-2021,25-Jan-23,PYZ,Active,Part-Time,Zone A,Temporary,IT/IS,Aerial,Lineman,Male,21007,Black,Single,Exceeds,3,3964,5,2,3,Project Management,Internal,Completed
538,22-04-2020,active,WBL,Active,Contract,Zone B,Part-Time,IT/IS,General - Con,Laborer,Female,12883,Other,Married,Fully Meets,3,3965,4,1,2,Technical Skills,Internal,Completed
539,19-10-2018,04-Sep-21,NEL,Active,Contract,Zone A,Part-Time,Software Engineering,Field Operations,Laborer,Female,5707,Black,Single,Fully Meets,3,3966,5,5,5,Customer Service,External,Failed
540,03-12-2018,20-Jan-21,MSC,Active,Full-Time,Zone A,Temporary,IT/IS,Finance & Accounting,Administration,Female,10856,Black,Married,Fully Meets,3,3967,5,3,4,Customer Service,External,Failed
541,20-02-2021,active,NEL,Active,Contract,Zone B,Temporary,IT/IS,Engineers,Engineer,Female,94663,Other,Married,Fully Meets,3,3968,5,5,1,Technical Skills,External,Completed
542,17-01-2021,active,PL,Active,Contract,Zone A,Full-Time,IT/IS,Aerial,Lineman,Female,61086,Asian,Divorced,Exceeds,3,3969,4,5,2,Technical Skills,Internal,Failed
543,04-10-2020,27-Apr-23,PYZ,Active,Part-Time,Zone B,Full-Time,IT/IS,Field Operations,Foreman,Female,44077,Other,Married,Exceeds,3,3970,5,1,5,Technical Skills,Internal,Incomplete
544,29-01-2021,active,SVG,Active,Part-Time,Zone A,Temporary,IT/IS,General - Con,Technician,Female,49694,Other,Widowed,Fully Meets,3,3971,3,3,2,Project Management,External,Passed
545,26-07-2022,active,TNS,Active,Part-Time,Zone B,Part-Time,IT/IS,General - Con,Foreman,Female,21727,Black,Divorced,Fully Meets,3,3972,5,4,1,Leadership Development,External,Incomplete
546,21-09-2018,22-Jun-23,WBL,Terminated,Part-Time,Zone C,Temporary,IT/IS,Field Operations,Laborer,Female,50856,Hispanic,Single,Exceeds,3,3973,3,2,1,Leadership Development,Internal,Passed
547,25-12-2018,10-Jul-19,BPC,Terminated,Part-Time,Zone C,Full-Time,IT/IS,General - Eng,Engineer,Male,97255,Other,Married,Exceeds,3,3974,4,5,1,Communication Skills,Internal,Passed
548,03-11-2020,25-Sep-22,CCDR,Terminated,Part-Time,Zone B,Temporary,IT/IS,Field Operations,Technician,Male,44793,Asian,Single,Fully Meets,3,3975,1,4,3,Leadership Development,External,Completed
549,22-10-2021,active,MSC,Active,Full-Time,Zone C,Temporary,IT/IS,Field Operations,Laborer,Female,24094,White,Divorced,Fully Meets,3,3976,4,5,1,Leadership Development,Internal,Completed
550,27-08-2018,active,TNS,Active,Full-Time,Zone A,Full-Time,IT/IS,Wireline Construction,Apprentice,Female,41670,Black,Divorced,Fully Meets,3,3977,1,5,4,Technical Skills,External,Completed
551,12-07-2020,active,PYZ,Active,Part-Time,Zone B,Part-Time,IT/IS,General - Con,Laborer,Male,56453,Asian,Widowed,Fully Meets,3,3978,4,3,5,Project Management,External,Failed
552,25-01-2021,11-Jun-22,WBL,Active,Contract,Zone C,Temporary,IT/IS,Technology / It,Controller,Female,5067,Black,Married,Fully Meets,3,3979,3,5,2,Communication Skills,External,Failed
553,11-05-2020,active,PL,Active,Full-Time,Zone C,Full-Time,IT/IS,Project Management - Con,Project Manager,Female,39598,White,Married,Exceeds,3,3980,4,2,5,Communication Skills,External,Incomplete
554,24-07-2020,09-Apr-23,BPC,Active,Full-Time,Zone A,Temporary,IT/IS,Field Operations,Laborer,Female,35765,Black,Divorced,Fully Meets,3,3981,1,2,4,Communication Skills,External,Passed
555,09-08-2022,active,CCDR,Active,Part-Time,Zone B,Part-Time,IT/IS,Aerial,Laborer,Female,24218,Other,Married,Needs Improvement,3,3982,1,1,1,Technical Skills,Internal,Completed
556,12-06-2022,active,SVG,Active,Full-Time,Zone A,Full-Time,IT/IS,Field Operations,Technician,Female,62116,Hispanic,Married,Exceeds,3,3983,4,3,1,Project Management,External,Failed
557,10-02-2022,08-Jun-22,EW,Active,Contract,Zone B,Full-Time,IT/IS,Wireline Construction,Laborer,Female,67986,Hispanic,Single,Fully Meets,3,3984,5,5,4,Communication Skills,Internal,Incomplete
558,13-01-2023,19-May-23,MSC,Terminated,Part-Time,Zone A,Part-Time,IT/IS,People Services,Director,Male,26193,White,Widowed,Fully Meets,3,3985,5,4,2,Communication Skills,Internal,Passed
559,10-03-2020,active,TNS,Active,Part-Time,Zone A,Temporary,IT/IS,Catv,Supervisor,Female,46762,Hispanic,Married,Fully Meets,3,3986,4,3,2,Technical Skills,External,Passed
560,25-02-2022,19-Jul-22,PYZ,Terminated,Full-Time,Zone A,Full-Time,IT/IS,Catv,Supervisor,Male,81376,Other,Widowed,Exceeds,3,3987,5,4,1,Project Management,External,Passed
561,21-07-2022,21-Nov-22,SVG,Active,Contract,Zone A,Temporary,IT/IS,Shop (Fleet),Mechanic,Female,73583,White,Widowed,Fully Meets,3,3988,5,2,5,Project Management,Internal,Passed
562,11-07-2022,active,TNS,Active,Full-Time,Zone C,Part-Time,IT/IS,General - Con,Foreman,Female,43953,Asian,Widowed,Fully Meets,3,3989,2,1,1,Communication Skills,Internal,Passed
563,02-12-2019,26-Dec-19,WBL,Active,Contract,Zone C,Temporary,IT/IS,Safety,Safety,Male,73329,White,Divorced,Fully Meets,3,3990,2,2,1,Technical Skills,Internal,Failed
564,10-04-2023,active,BPC,Active,Contract,Zone B,Full-Time,IT/IS,Project Management - Con,Coordinator,Male,89576,Black,Single,Fully Meets,3,3991,2,3,2,Customer Service,Internal,Completed
565,08-12-2022,07-May-23,SVG,Active,Part-Time,Zone A,Full-Time,IT/IS,General - Eng,Technician,Male,49077,Black,Married,Fully Meets,3,3992,4,3,1,Project Management,External,Completed
566,22-06-2022,active,PYZ,Active,Contract,Zone C,Full-Time,IT/IS,Field Operations,Foreman,Female,42676,Asian,Married,Fully Meets,3,3993,3,4,4,Communication Skills,Internal,Failed
567,22-09-2022,active,PL,Active,Full-Time,Zone A,Full-Time,IT/IS,Field Operations,Top Hand,Female,53464,Asian,Single,Fully Meets,3,3994,3,5,2,Customer Service,Internal,Failed
568,15-07-2019,01-Jun-21,NEL,Active,Full-Time,Zone A,Temporary,IT/IS,Wireline Construction,Project Manager,Female,95641,Black,Widowed,Exceeds,3,3995,4,5,2,Project Management,External,Incomplete
569,01-09-2021,active,MSC,Active,Part-Time,Zone C,Full-Time,IT/IS,Catv,Laborer,Female,82286,White,Widowed,Fully Meets,3,3996,3,5,1,Customer Service,Internal,Failed
570,16-07-2019,active,EW,Active,Contract,Zone A,Temporary,IT/IS,Engineers,Project Manager,Male,72560,Black,Single,Needs Improvement,3,3997,2,4,1,Project Management,External,Failed
571,24-12-2021,27-Jul-22,CCDR,Terminated,Full-Time,Zone B,Full-Time,IT/IS,Yard (Material Handling),Administrative,Female,82557,Other,Married,Fully Meets,3,3998,5,5,2,Customer Service,External,Completed
572,17-04-2019,17-Aug-21,BPC,Terminated,Full-Time,Zone B,Full-Time,IT/IS,Engineers,Engineer,Male,13760,Asian,Single,Exceeds,3,3999,5,4,2,Leadership Development,Internal,Incomplete
573,26-10-2019,08-Jun-21,PYZ,Terminated,Contract,Zone C,Full-Time,IT/IS,Field Operations,Technician,Male,18464,Black,Divorced,Fully Meets,3,4000,3,2,1,Leadership Development,Internal,Completed
574,29-08-2019,active,BPC,Active,Part-Time,Zone A,Part-Time,Software Engineering,Engineers,Engineer,Female,1749,Black,Married,Fully Meets,3,1001,2,5,5,Customer Service,Internal,Failed
575,12-12-2022,28-May-23,NEL,Active,Part-Time,Zone A,Temporary,Software Engineering,Catv,Foreman,Female,2135,Asian,Widowed,Fully Meets,3,1002,4,5,3,Leadership Development,Internal,Failed
576,08-03-2023,15-Mar-23,WBL,Active,Contract,Zone A,Part-Time,Software Engineering,Field Operations,Foreman,Female,2176,White,Married,Fully Meets,3,1003,2,5,2,Technical Skills,Internal,Incomplete
577,29-05-2020,05-Mar-21,PYZ,Active,Part-Time,Zone C,Part-Time,Software Engineering,Project Management - Con,Coordinator,Male,2140,Black,Single,Fully Meets,3,1004,3,5,3,Customer Service,Internal,Completed
578,16-09-2022,active,SVG,Active,Full-Time,Zone B,Temporary,Software Engineering,Field Operations,Project Manager,Male,1844,Black,Divorced,Fully Meets,3,1005,2,4,5,Communication Skills,External,Passed
579,15-08-2021,20-Nov-21,MSC,Active,Full-Time,Zone C,Part-Time,Software Engineering,Engineers,Administrative,Female,2110,White,Widowed,Fully Meets,3,1006,5,2,1,Project Management,Internal,Failed
580,25-10-2020,26-Sep-21,SVG,Terminated,Part-Time,Zone A,Part-Time,Software Engineering,General - Con,Lineman,Male,2451,Black,Widowed,Fully Meets,3,1007,2,1,5,Leadership Development,External,Failed
581,28-08-2019,04-May-20,BPC,Active,Contract,Zone B,Temporary,Software Engineering,General - Con,Foreman,Female,2132,Hispanic,Married,Fully Meets,3,1008,5,2,2,Technical Skills,External,Incomplete
582,13-06-2019,12-Jan-23,NEL,Active,Part-Time,Zone C,Temporary,Software Engineering,General - Con,Model Assistant,Female,2132,Other,Single,Fully Meets,3,1009,2,5,1,Customer Service,Internal,Incomplete
583,12-01-2021,18-Mar-22,EW,Terminated,Part-Time,Zone C,Temporary,Software Engineering,Field Operations,Supervisor,Male,12889,Hispanic,Divorced,Fully Meets,3,1010,2,4,2,Communication Skills,External,Incomplete
584,07-02-2022,12-Feb-23,MSC,Terminated,Contract,Zone A,Temporary,Software Engineering,General - Con,Foreman,Male,21340,Hispanic,Married,Fully Meets,3,1011,1,2,3,Communication Skills,Internal,Completed
585,09-11-2020,06-Jun-21,TNS,Terminated,Contract,Zone A,Temporary,Software Engineering,General - Eng,Administrative,Male,67544,White,Single,Fully Meets,3,1012,3,5,4,Technical Skills,External,Failed
586,13-05-2020,active,PYZ,Active,Part-Time,Zone B,Full-Time,Software Engineering,Engineers,Engineer,Male,36398,Asian,Single,Fully Meets,3,1013,5,4,3,Project Management,External,Incomplete
587,31-12-2022,13-Jul-23,WBL,Active,Part-Time,Zone A,Full-Time,Software Engineering,Catv,Clerk,Male,2562,Other,Single,Fully Meets,3,1014,4,4,1,Customer Service,External,Incomplete
588,03-12-2018,active,NEL,Active,Contract,Zone A,Part-Time,Software Engineering,People Services,Vp,Female,22621,White,Married,Fully Meets,3,1015,1,1,3,Leadership Development,External,Passed
589,21-02-2020,29-May-21,PL,Active,Part-Time,Zone B,Part-Time,Admin Offices,Shop (Fleet),Mechanic,Female,64065,White,Single,Fully Meets,3,1016,2,3,2,Communication Skills,External,Completed
590,07-09-2020,15-Dec-21,BPC,Active,Full-Time,Zone B,Full-Time,Admin Offices,Field Operations,Laborer,Female,97374,Black,Single,Fully Meets,3,1017,4,1,3,Technical Skills,External,Passed
591,19-06-2020,08-Dec-21,CCDR,Active,Part-Time,Zone A,Part-Time,Admin Offices,General - Con,Laborer,Female,87646,White,Married,Fully Meets,3,1018,4,1,4,Project Management,Internal,Incomplete
592,14-10-2022,28-Jul-23,EW,Terminated,Full-Time,Zone A,Temporary,Software Engineering,Fielders,Engineer,Male,77974,Hispanic,Widowed,Fully Meets,3,1019,1,3,5,Project Management,External,Passed
593,20-06-2023,18-Jul-23,MSC,Terminated,Contract,Zone C,Full-Time,Software Engineering,Field Operations,Supervisor,Female,42126,Black,Widowed,Fully Meets,3,1020,2,1,2,Technical Skills,External,Passed
594,09-11-2020,17-Jul-23,TNS,Terminated,Full-Time,Zone C,Full-Time,Software Engineering,General - Eng,Billing,Male,51613,Hispanic,Single,Fully Meets,3,1021,5,1,4,Technical Skills,Internal,Failed
595,19-09-2022,active,PYZ,Active,Part-Time,Zone A,Temporary,Software Engineering,Field Operations,Engineer,Male,12765,Black,Divorced,Fully Meets,3,1022,1,4,4,Project Management,Internal,Failed
596,09-11-2018,10-Oct-21,WBL,Active,Contract,Zone C,Part-Time,Software Engineering,General - Con,Clerk,Male,64122,Hispanic,Divorced,Fully Meets,3,1023,4,4,3,Project Management,Internal,Failed
597,30-12-2018,23-Jun-21,NEL,Active,Contract,Zone A,Part-Time,Software Engineering,Fielders,Coordinator,Female,91332,Other,Divorced,Fully Meets,3,1024,5,3,1,Project Management,External,Completed
598,11-05-2023,15-May-23,PL,Active,Full-Time,Zone A,Temporary,Admin Offices,Field Operations,Foreman,Female,39827,Other,Divorced,Fully Meets,3,1025,4,1,4,Project Management,Internal,Incomplete
599,03-11-2022,09-Feb-23,BPC,Active,Contract,Zone A,Part-Time,Admin Offices,Engineers,Engineer,Female,27418,Other,Widowed,Fully Meets,3,1026,5,2,5,Communication Skills,External,Incomplete
600,14-06-2020,29-May-21,CCDR,Active,Part-Time,Zone A,Full-Time,Admin Offices,General - Con,Flagger,Male,24931,Other,Single,Fully Meets,3,1027,2,3,5,Communication Skills,External,Incomplete
601,15-10-2019,01-Jan-23,PYZ,Terminated,Full-Time,Zone C,Part-Time,Software Engineering,General - Con,Model Assistant,Male,2121,Asian,Single,Fully Meets,3,1028,5,5,4,Technical Skills,Internal,Incomplete
602,28-04-2020,active,SVG,Active,Part-Time,Zone B,Part-Time,Software Engineering,Field Operations,Specialist,Female,97697,Asian,Divorced,Fully Meets,3,1029,3,5,4,Project Management,Internal,Failed
603,29-10-2019,active,TNS,Active,Contract,Zone C,Temporary,Software Engineering,Field Operations,Foreman,Male,75783,Black,Single,Fully Meets,3,1030,4,4,1,Communication Skills,Internal,Completed
604,28-04-2021,active,WBL,Active,Part-Time,Zone B,Temporary,Software Engineering,General - Con,Lineman,Male,26111,White,Widowed,Fully Meets,3,1031,5,3,2,Communication Skills,Internal,Failed
605,19-04-2022,26-Aug-22,PYZ,Active,Full-Time,Zone C,Part-Time,Software Engineering,Aerial,Laborer,Male,50656,Asian,Widowed,Fully Meets,3,1032,5,4,4,Technical Skills,External,Completed
606,28-03-2023,active,WBL,Active,Contract,Zone B,Full-Time,Software Engineering,Field Operations,Operator,Male,71808,Other,Single,Fully Meets,3,1033,3,1,3,Communication Skills,Internal,Incomplete
607,06-05-2019,active,NEL,Active,Full-Time,Zone C,Part-Time,Software Engineering,Project Management - Con,Manager,Female,1043,Black,Single,Fully Meets,3,1034,2,5,1,Leadership Development,Internal,Failed
608,13-10-2020,active,PL,Active,Full-Time,Zone A,Temporary,Admin Offices,Underground,Laborer,Female,41260,Asian,Divorced,Fully Meets,3,1035,1,5,5,Communication Skills,Internal,Completed
609,06-07-2021,25-Nov-21,BPC,Active,Part-Time,Zone A,Part-Time,Admin Offices,Field Operations,Foreman,Male,15346,Asian,Single,Fully Meets,3,1036,5,2,1,Customer Service,External,Failed
610,24-09-2020,02-Nov-20,CCDR,Terminated,Part-Time,Zone C,Full-Time,Software Engineering,Fielders,Engineer,Male,4876,Other,Widowed,Fully Meets,3,1037,5,1,4,Leadership Development,Internal,Failed
611,18-01-2023,active,SVG,Active,Contract,Zone B,Part-Time,Software Engineering,Field Operations,Crew Leader,Male,14886,Hispanic,Married,Fully Meets,3,1038,5,1,2,Customer Service,External,Failed
612,22-08-2019,25-Mar-22,EW,Terminated,Part-Time,Zone B,Part-Time,Software Engineering,Finance & Accounting,Administrative,Female,46407,Other,Widowed,Fully Meets,3,1039,2,4,5,Customer Service,External,Passed
613,25-07-2019,17-Dec-22,MSC,Terminated,Contract,Zone A,Part-Time,Software Engineering,Field Operations,Technician,Male,74234,White,Divorced,Fully Meets,3,1040,5,3,1,Technical Skills,Internal,Completed
614,11-11-2019,10-Jan-20,TNS,Terminated,Full-Time,Zone A,Full-Time,Software Engineering,Engineers,Administrative,Male,45272,White,Single,Fully Meets,3,1041,3,1,4,Customer Service,Internal,Completed
615,16-07-2022,active,PYZ,Active,Contract,Zone B,Temporary,Software Engineering,Field Operations,Driller,Male,96170,Black,Widowed,Fully Meets,3,1042,1,3,4,Project Management,Internal,Passed
616,19-12-2022,10-May-23,WBL,Active,Full-Time,Zone C,Part-Time,Software Engineering,Splicing,Billing,Female,65963,White,Married,Fully Meets,3,1043,1,1,3,Communication Skills,External,Completed
617,15-09-2020,active,NEL,Active,Contract,Zone A,Temporary,Software Engineering,Field Operations,Foreman,Female,75123,Hispanic,Divorced,Fully Meets,3,1044,2,4,5,Technical Skills,External,Incomplete
618,04-10-2020,27-Feb-23,PL,Active,Full-Time,Zone C,Temporary,Admin Offices,Catv,Foreman,Female,11164,Black,Single,Fully Meets,3,1045,1,4,1,Customer Service,External,Completed
619,23-04-2022,03-Aug-22,CCDR,Terminated,Full-Time,Zone A,Temporary,Software Engineering,Underground,Laborer,Male,65978,White,Single,Fully Meets,3,1046,3,5,4,Leadership Development,Internal,Failed
620,27-11-2021,active,SVG,Active,Contract,Zone A,Part-Time,Software Engineering,Field Operations,Technician,Female,73877,Hispanic,Single,Fully Meets,3,1047,4,2,3,Project Management,Internal,Passed
621,29-11-2019,active,EW,Active,Part-Time,Zone A,Temporary,Software Engineering,General - Con,Helper,Male,48971,Asian,Widowed,Fully Meets,3,1048,3,1,4,Leadership Development,Internal,Completed
622,30-05-2019,19-Dec-20,MSC,Terminated,Part-Time,Zone B,Part-Time,Software Engineering,Field Operations,Technician,Male,16259,White,Married,Fully Meets,3,1049,3,5,2,Leadership Development,Internal,Completed
623,23-11-2020,active,TNS,Active,Contract,Zone B,Temporary,Software Engineering,Finance & Accounting,Accounting,Male,64114,Black,Widowed,Fully Meets,3,1050,4,5,1,Customer Service,Internal,Completed
624,08-04-2022,11-Jan-23,PYZ,Active,Full-Time,Zone C,Part-Time,Software Engineering,Field Operations,Operator,Male,14669,White,Divorced,Fully Meets,3,1051,2,4,5,Leadership Development,Internal,Passed
625,25-02-2021,04-Jun-21,WBL,Active,Contract,Zone B,Part-Time,Software Engineering,General - Con,Foreman,Female,52448,Hispanic,Single,Fully Meets,3,1052,1,4,4,Communication Skills,Internal,Incomplete
626,13-03-2019,07-Apr-21,NEL,Active,Contract,Zone C,Full-Time,Software Engineering,Project Management - Con,Project Manager,Female,43336,Hispanic,Divorced,Fully Meets,3,1053,2,1,4,Communication Skills,External,Passed
627,12-02-2023,active,PL,Active,Part-Time,Zone A,Full-Time,Software Engineering,Engineers,Project Manager,Male,56271,White,Single,Fully Meets,3,1054,1,5,2,Technical Skills,External,Failed
628,08-09-2018,active,PYZ,Active,Contract,Zone C,Full-Time,Software Engineering,Field Operations,Laborer,Female,56708,White,Widowed,Fully Meets,3,1055,3,4,1,Customer Service,Internal,Passed
629,18-11-2021,active,SVG,Active,Contract,Zone C,Temporary,Software Engineering,Wireline Construction,Driver,Male,12869,Hispanic,Widowed,Fully Meets,3,1056,4,2,2,Leadership Development,Internal,Completed
630,01-07-2023,active,TNS,Active,Full-Time,Zone A,Full-Time,Software Engineering,Wireline Construction,Foreman,Male,18240,Asian,Widowed,Fully Meets,3,1057,3,2,5,Project Management,Internal,Failed
631,18-04-2022,active,WBL,Active,Contract,Zone C,Temporary,Software Engineering,Billable Consultants,Technician,Male,77311,Hispanic,Married,Fully Meets,3,1058,4,2,1,Project Management,External,Incomplete
632,29-04-2023,active,BPC,Active,Part-Time,Zone C,Full-Time,Software Engineering,Engineers,Engineer,Female,63959,Asian,Widowed,Fully Meets,3,1059,4,3,3,Technical Skills,Internal,Incomplete
633,10-10-2018,25-Dec-18,CCDR,Active,Part-Time,Zone B,Full-Time,Software Engineering,General - Con,Project Manager,Female,20331,Black,Single,Fully Meets,3,1060,5,5,4,Project Management,Internal,Completed
634,20-11-2022,active,EW,Active,Part-Time,Zone C,Part-Time,Software Engineering,General - Sga,Specialist,Female,45515,Other,Single,Fully Meets,3,1061,3,3,1,Project Management,Internal,Incomplete
635,18-05-2019,14-Jan-20,BPC,Terminated,Part-Time,Zone A,Part-Time,Software Engineering,Engineers,Program Manager,Male,59717,Hispanic,Married,Fully Meets,3,1062,3,2,1,Technical Skills,Internal,Failed
636,22-06-2021,active,CCDR,Active,Full-Time,Zone B,Temporary,Software Engineering,Aerial,Foreman,Female,15748,Black,Single,Fully Meets,3,1063,5,2,4,Technical Skills,Internal,Completed
637,30-03-2022,13-Apr-22,SVG,Terminated,Part-Time,Zone A,Part-Time,Software Engineering,Field Operations,Technician,Male,67106,White,Divorced,Fully Meets,3,1064,5,4,4,Leadership Development,External,Passed
638,28-08-2018,active,EW,Active,Contract,Zone C,Temporary,Software Engineering,Engineers,Engineer,Male,33438,Other,Widowed,Fully Meets,3,1065,5,3,4,Technical Skills,External,Passed
639,27-12-2021,05-Jan-23,MSC,Active,Full-Time,Zone C,Temporary,Software Engineering,Catv,Operator,Male,61106,Hispanic,Single,Fully Meets,3,1066,4,3,5,Communication Skills,Internal,Completed
640,14-11-2020,active,TNS,Active,Part-Time,Zone A,Temporary,Software Engineering,Field Operations,Technician,Female,25160,White,Married,Fully Meets,3,1067,3,2,5,Project Management,External,Completed
641,01-10-2021,active,PYZ,Active,Full-Time,Zone B,Part-Time,Software Engineering,Wireline Construction,Project Manager,Female,52694,Black,Widowed,Fully Meets,3,1068,3,2,2,Communication Skills,External,Completed
642,13-10-2018,28-May-23,WBL,Active,Full-Time,Zone B,Part-Time,Software Engineering,General - Con,Foreman,Female,30264,Other,Widowed,Fully Meets,3,1069,3,1,2,Communication Skills,Internal,Failed
643,15-12-2018,28-May-22,NEL,Active,Full-Time,Zone C,Temporary,Software Engineering,General - Sga,Project Manager,Male,22326,Black,Married,Fully Meets,3,1070,3,1,2,Technical Skills,Internal,Failed
644,28-03-2019,17-Oct-20,PL,Terminated,Contract,Zone A,Part-Time,Software Engineering,Field Operations,Laborer,Male,30139,Black,Married,Fully Meets,3,1071,1,2,2,Communication Skills,Internal,Completed
645,27-12-2018,active,BPC,Active,Part-Time,Zone C,Part-Time,Software Engineering,Field Operations,Operator,Female,93329,Asian,Widowed,Fully Meets,3,1072,2,2,3,Technical Skills,Internal,Passed
646,11-05-2019,active,CCDR,Active,Full-Time,Zone A,Full-Time,Software Engineering,Field Operations,Foreman,Male,67825,White,Single,Fully Meets,3,1073,4,4,2,Project Management,Internal,Failed
647,19-02-2021,24-Feb-23,SVG,Terminated,Full-Time,Zone A,Temporary,Software Engineering,General - Con,Laborer,Male,86545,Asian,Divorced,Fully Meets,3,1074,3,4,1,Project Management,Internal,Passed
648,05-11-2022,16-Apr-23,EW,Active,Part-Time,Zone B,Full-Time,Software Engineering,Engineers,Engineer,Male,76670,Asian,Married,Fully Meets,3,1075,1,2,3,Project Management,Internal,Passed
649,22-03-2020,28-Sep-20,MSC,Active,Contract,Zone C,Part-Time,Software Engineering,General - Eng,Administrative,Female,29368,White,Widowed,Fully Meets,3,1076,1,3,1,Technical Skills,External,Incomplete
650,02-02-2019,active,TNS,Active,Contract,Zone B,Temporary,Software Engineering,Wireless,Foreman,Female,97585,Black,Single,Fully Meets,3,1077,5,2,4,Project Management,Internal,Incomplete
651,24-02-2020,16-Jun-21,PYZ,Active,Contract,Zone C,Temporary,Software Engineering,Aerial,Foreman,Female,42710,Asian,Divorced,Fully Meets,3,1078,3,3,4,Project Management,External,Passed
652,07-04-2021,01-May-22,WBL,Active,Part-Time,Zone B,Full-Time,Software Engineering,Project Management - Eng,Manager,Female,21279,Hispanic,Divorced,Fully Meets,3,1079,2,2,1,Communication Skills,External,Incomplete
653,14-11-2020,active,NEL,Active,Part-Time,Zone C,Full-Time,Software Engineering,Fielders,Engineer,Male,17976,Black,Widowed,Fully Meets,3,1080,3,1,3,Customer Service,External,Passed
654,17-01-2022,10-Aug-22,EW,Terminated,Contract,Zone B,Part-Time,Software Engineering,General - Con,Laborer,Male,53628,Asian,Divorced,Fully Meets,3,1081,1,3,3,Communication Skills,External,Failed
655,02-09-2021,27-Jun-23,MSC,Active,Part-Time,Zone B,Part-Time,Software Engineering,General - Con,Technician,Male,84761,Other,Married,Fully Meets,3,1082,1,4,1,Customer Service,External,Incomplete
656,30-07-2023,active,NEL,Active,Part-Time,Zone A,Full-Time,Software Engineering,Aerial,Supervisor,Female,2187,Asian,Divorced,Fully Meets,3,1083,5,5,3,Project Management,External,Completed
657,27-06-2023,active,PL,Active,Contract,Zone C,Part-Time,Software Engineering,Executive,Administrator,Male,76615,White,Single,Fully Meets,3,1084,1,2,4,Leadership Development,External,Completed
658,27-03-2022,active,PYZ,Active,Contract,Zone B,Full-Time,Software Engineering,General - Con,Lineman,Male,18707,Other,Divorced,Fully Meets,3,1085,5,5,3,Customer Service,External,Passed
659,12-08-2022,20-Oct-22,SVG,Active,Contract,Zone A,Temporary,Software Engineering,Field Operations,Supervisor,Female,23203,Black,Single,Fully Meets,3,1086,1,1,5,Leadership Development,External,Completed
660,08-07-2022,04-Aug-23,TNS,Active,Part-Time,Zone A,Part-Time,Software Engineering,Field Operations,Tower Hand,Female,18844,Other,Married,Fully Meets,3,1087,1,5,2,Technical Skills,Internal,Incomplete
661,15-08-2020,23-Jan-21,WBL,Active,Contract,Zone B,Part-Time,Software Engineering,General - Con,Foreman,Female,64815,White,Widowed,Fully Meets,3,1088,4,3,1,Leadership Development,External,Failed
662,27-05-2023,14-Jun-23,BPC,Active,Full-Time,Zone A,Temporary,Software Engineering,Wireline Construction,Groundman,Female,69860,Black,Married,Fully Meets,3,1089,3,1,5,Technical Skills,Internal,Passed
663,02-01-2023,active,CCDR,Active,Part-Time,Zone C,Full-Time,Software Engineering,Field Operations,Technician,Female,93542,Black,Divorced,Fully Meets,3,1090,4,3,4,Communication Skills,External,Completed
664,16-11-2018,03-Apr-21,PYZ,Active,Contract,Zone B,Temporary,Production       ,General - Sga,Supervisor,Male,2061,Asian,Single,Fully Meets,3,1091,2,4,3,Customer Service,Internal,Incomplete
665,12-07-2022,active,PYZ,Active,Part-Time,Zone C,Full-Time,Production       ,Field Operations,Clerk,Female,2066,Hispanic,Divorced,Fully Meets,3,1092,1,4,1,Communication Skills,Internal,Completed
666,16-12-2022,active,NEL,Active,Contract,Zone B,Part-Time,Production       ,Engineers,Engineer,Female,1886,Asian,Widowed,Fully Meets,3,1093,3,1,4,Customer Service,External,Failed
667,08-05-2023,active,EW,Active,Part-Time,Zone A,Full-Time,Production       ,Field Operations,Foreman,Female,1742,Other,Single,Fully Meets,3,1094,5,4,5,Communication Skills,Internal,Failed
668,07-04-2023,active,WBL,Active,Full-Time,Zone A,Temporary,Production       ,Engineers,Engineer,Female,2176,Hispanic,Divorced,Fully Meets,3,1095,1,2,1,Customer Service,Internal,Passed
669,15-02-2022,19-Oct-22,PYZ,Active,Part-Time,Zone C,Part-Time,Production       ,Shop (Fleet),Mechanic,Female,1844,Asian,Married,Fully Meets,3,1096,1,3,2,Technical Skills,External,Incomplete
670,17-07-2023,03-Aug-23,SVG,Active,Contract,Zone B,Part-Time,Production       ,Field Operations,Technician,Male,2132,Hispanic,Divorced,Fully Meets,3,1097,1,2,5,Customer Service,Internal,Completed
671,03-05-2019,02-Jun-23,PL,Terminated,Part-Time,Zone A,Temporary,Production       ,General - Eng,Engineer,Male,1420,Asian,Widowed,Fully Meets,3,1098,2,2,2,Leadership Development,External,Failed
672,25-03-2022,22-Apr-22,SVG,Active,Part-Time,Zone A,Part-Time,Production       ,Field Operations,Laborer,Female,2149,Other,Single,Fully Meets,3,1099,1,5,5,Project Management,External,Incomplete
673,07-04-2020,active,EW,Active,Full-Time,Zone C,Temporary,Production       ,Field Operations,Laborer,Male,2421,White,Divorced,Fully Meets,3,1100,1,4,5,Communication Skills,External,Completed
674,10-03-2021,active,TNS,Active,Full-Time,Zone A,Part-Time,Production       ,Engineers,Engineer,Female,2451,White,Widowed,Fully Meets,3,1101,1,1,3,Communication Skills,Internal,Passed
675,04-08-2019,active,EW,Active,Part-Time,Zone A,Part-Time,Production       ,General - Con,Groundman,Female,2472,Black,Single,Fully Meets,3,1102,5,1,4,Project Management,External,Failed
676,11-04-2021,27-May-23,BPC,Terminated,Full-Time,Zone C,Temporary,Production       ,Splicing,Splicer,Male,1938,Asian,Widowed,Fully Meets,3,1103,5,3,1,Leadership Development,External,Passed
677,16-06-2019,active,PYZ,Active,Part-Time,Zone C,Temporary,Production       ,General - Eng,Supervisor,Male,2072,Asian,Divorced,Fully Meets,3,1104,1,4,2,Communication Skills,Internal,Completed
678,08-10-2020,04-Dec-22,PL,Terminated,Contract,Zone A,Full-Time,Production       ,General - Con,Technician,Female,2176,Hispanic,Single,Fully Meets,3,1105,1,4,1,Technical Skills,Internal,Incomplete
679,18-08-2021,active,BPC,Active,Full-Time,Zone B,Temporary,Production       ,Aerial,Lineman,Male,2143,Other,Single,Fully Meets,3,1106,2,3,3,Project Management,Internal,Completed
680,16-03-2020,active,BPC,Active,Contract,Zone A,Part-Time,Production       ,Wireline Construction,Laborer,Female,1778,Other,Single,Fully Meets,3,1107,4,5,1,Technical Skills,Internal,Failed
681,24-01-2019,active,TNS,Active,Full-Time,Zone A,Full-Time,Production       ,General - Con,Flagger,Male,2324,White,Married,Fully Meets,3,1108,4,5,3,Customer Service,Internal,Completed
682,11-06-2022,25-Sep-22,EW,Terminated,Full-Time,Zone C,Part-Time,Production       ,Field Operations,Laborer,Female,1775,White,Divorced,Fully Meets,3,1109,4,5,4,Leadership Development,External,Completed
683,02-07-2022,active,NEL,Active,Full-Time,Zone B,Temporary,Production       ,General - Con,Foreman,Female,2148,Asian,Single,Fully Meets,3,1110,1,1,4,Customer Service,Internal,Passed
684,08-09-2019,29-Aug-20,BPC,Terminated,Full-Time,Zone A,Part-Time,Production       ,Splicing,Splicer,Female,2127,White,Widowed,Fully Meets,3,1111,4,1,1,Project Management,Internal,Failed
685,10-07-2022,active,MSC,Active,Full-Time,Zone A,Part-Time,Production       ,Engineers,Project Manager,Female,84262,White,Single,Fully Meets,3,1112,4,1,1,Communication Skills,Internal,Failed
686,24-04-2022,active,NEL,Active,Contract,Zone B,Part-Time,Production       ,General - Con,Lineman,Female,31490,Asian,Divorced,Fully Meets,3,1113,3,3,5,Technical Skills,External,Incomplete
687,31-03-2020,active,PL,Active,Full-Time,Zone C,Part-Time,Production       ,General - Con,Laborer,Female,59522,Hispanic,Widowed,Fully Meets,3,1114,1,3,3,Communication Skills,Internal,Incomplete
688,23-03-2019,active,PYZ,Active,Contract,Zone A,Part-Time,Production       ,Field Operations,Technician,Male,63452,Black,Widowed,Fully Meets,3,1115,4,1,3,Customer Service,Internal,Incomplete
689,09-03-2019,12-Jul-23,SVG,Terminated,Full-Time,Zone A,Full-Time,Production       ,Field Operations,Clerk,Male,50055,White,Divorced,Fully Meets,3,1116,3,4,4,Communication Skills,Internal,Incomplete
690,21-02-2019,06-Mar-19,TNS,Terminated,Full-Time,Zone C,Temporary,Production       ,General - Con,Technician,Male,6139,Other,Divorced,Fully Meets,3,1117,4,5,1,Communication Skills,Internal,Completed
691,04-10-2019,26-Nov-22,WBL,Active,Full-Time,Zone B,Temporary,Production       ,Engineers,Project Manager,Male,44761,Asian,Divorced,Fully Meets,3,1118,1,5,3,Communication Skills,External,Completed
692,24-11-2019,20-Dec-20,BPC,Active,Part-Time,Zone C,Part-Time,Production       ,Field Operations,Laborer,Female,49105,White,Single,Fully Meets,3,1119,4,4,5,Communication Skills,Internal,Incomplete
693,17-08-2020,active,CCDR,Active,Part-Time,Zone B,Temporary,Production       ,People Services,Administration,Female,24637,Black,Divorced,Fully Meets,3,1120,3,3,4,Leadership Development,Internal,Incomplete
694,16-03-2021,active,EW,Active,Part-Time,Zone C,Full-Time,Production       ,Aerial,Lineman,Female,87582,Hispanic,Widowed,Fully Meets,3,1121,1,1,4,Leadership Development,Internal,Failed
695,16-11-2021,26-Aug-22,MSC,Active,Contract,Zone C,Part-Time,Production       ,General - Con,Technician,Female,35632,White,Married,Fully Meets,3,1122,2,1,2,Communication Skills,Internal,Passed
696,03-05-2022,active,NEL,Active,Full-Time,Zone B,Full-Time,Production       ,Field Operations,Lineman,Female,38475,Other,Married,Fully Meets,3,1123,2,3,1,Project Management,Internal,Completed
697,24-12-2019,11-Nov-22,PL,Active,Full-Time,Zone A,Full-Time,Production       ,Engineers,Technician,Female,80817,Other,Married,Fully Meets,3,1124,3,2,3,Communication Skills,Internal,Failed
698,21-10-2021,active,WBL,Active,Contract,Zone B,Part-Time,Production       ,Aerial,Lineman,Male,10511,Hispanic,Married,Fully Meets,3,1125,4,3,4,Communication Skills,Internal,Incomplete
699,08-09-2018,06-Mar-20,NEL,Terminated,Part-Time,Zone C,Temporary,Production       ,Engineers,Engineer,Male,6305,White,Divorced,Fully Meets,3,1126,3,3,2,Technical Skills,Internal,Failed
700,26-02-2019,active,PL,Active,Full-Time,Zone A,Full-Time,Production       ,General - Con,Technician,Male,33576,White,Married,Fully Meets,3,1127,5,1,3,Communication Skills,External,Incomplete
701,21-04-2023,active,BPC,Active,Part-Time,Zone B,Part-Time,Production       ,General - Con,Technician,Female,12707,Hispanic,Married,Fully Meets,3,1128,4,2,4,Communication Skills,Internal,Incomplete
702,19-09-2019,23-Oct-21,CCDR,Terminated,Full-Time,Zone B,Part-Time,Production       ,Field Operations,Tower Hand,Female,73131,Other,Married,Fully Meets,3,1129,1,1,1,Technical Skills,Internal,Passed
703,23-12-2020,active,SVG,Active,Contract,Zone A,Part-Time,Production       ,Technology / It,Intern,Female,37659,Hispanic,Divorced,Fully Meets,3,1130,1,5,4,Leadership Development,External,Completed
704,29-03-2019,active,EW,Active,Part-Time,Zone B,Part-Time,Production       ,Splicing,Operator,Female,48502,Black,Single,Fully Meets,3,1131,4,4,4,Customer Service,Internal,Incomplete
705,15-05-2021,03-May-23,NEL,Terminated,Contract,Zone B,Full-Time,Production       ,Aerial,Laborer,Female,88428,Hispanic,Widowed,Fully Meets,3,1132,1,5,5,Communication Skills,Internal,Passed
706,14-03-2022,02-Oct-22,PL,Terminated,Full-Time,Zone B,Part-Time,Production       ,Aerial,Engineer,Female,95347,Hispanic,Married,Fully Meets,3,1133,1,2,4,Customer Service,External,Passed
707,06-12-2021,08-Jan-22,BPC,Terminated,Part-Time,Zone C,Temporary,Production       ,General - Con,Technician,Female,80920,Asian,Single,Fully Meets,3,1134,4,1,2,Communication Skills,External,Passed
708,27-10-2021,active,CCDR,Active,Full-Time,Zone A,Temporary,Production       ,Engineers,Principal,Male,7440,Other,Widowed,Fully Meets,3,1135,5,4,4,Project Management,Internal,Passed
709,01-04-2023,active,SVG,Active,Full-Time,Zone A,Temporary,Production       ,Field Operations,Driver,Male,84202,Other,Divorced,Fully Meets,3,1136,2,5,2,Customer Service,External,Completed
710,29-05-2019,active,EW,Active,Full-Time,Zone C,Part-Time,Production       ,Field Operations,Laborer,Male,3187,Black,Single,Fully Meets,3,1137,3,3,5,Communication Skills,Internal,Passed
711,12-07-2019,12-Jul-22,MSC,Active,Full-Time,Zone B,Temporary,Production       ,General - Eng,Coordinator,Male,2766,Black,Divorced,Fully Meets,3,1138,4,5,1,Customer Service,Internal,Failed
712,10-08-2018,21-Feb-22,TNS,Active,Contract,Zone A,Temporary,Production       ,Splicing,Technician,Male,75014,Hispanic,Married,Fully Meets,3,1139,2,4,2,Customer Service,External,Completed
713,29-09-2021,active,PYZ,Active,Part-Time,Zone C,Full-Time,Production       ,Engineers,Engineer,Female,53486,Black,Single,Fully Meets,3,1140,5,3,2,Customer Service,Internal,Passed
714,05-08-2021,active,WBL,Active,Contract,Zone A,Full-Time,Production       ,Field Operations,Locator,Female,73898,Black,Divorced,Fully Meets,3,1141,5,5,2,Technical Skills,Internal,Incomplete
715,02-08-2023,active,NEL,Active,Full-Time,Zone B,Temporary,Production       ,Project Management - Con,Coordinator,Female,89723,Asian,Married,Fully Meets,3,1142,4,4,4,Leadership Development,External,Completed
716,02-09-2018,28-Jul-21,PL,Active,Contract,Zone A,Full-Time,Production       ,Field Operations,Lineman,Female,46695,Hispanic,Widowed,Fully Meets,3,1143,2,4,2,Customer Service,Internal,Failed
717,13-10-2019,active,BPC,Active,Part-Time,Zone B,Part-Time,Production       ,Wireline Construction,Project Manager,Female,12711,Asian,Single,Fully Meets,3,1144,5,3,2,Communication Skills,External,Completed
718,24-09-2020,active,TNS,Active,Contract,Zone B,Full-Time,Production       ,Shop (Fleet),Shop,Male,66792,Hispanic,Married,Fully Meets,3,1145,3,3,4,Technical Skills,Internal,Incomplete
719,06-08-2023,active,SVG,Active,Contract,Zone C,Part-Time,Production       ,Field Operations,Groundman,Male,81317,Hispanic,Divorced,Fully Meets,3,1146,3,2,2,Technical Skills,External,Failed
720,11-06-2019,27-Feb-22,PYZ,Terminated,Full-Time,Zone B,Full-Time,Production       ,General - Con,Lineman,Female,50894,Black,Single,Fully Meets,3,1147,1,3,5,Leadership Development,Internal,Failed
721,14-02-2019,active,PL,Active,Part-Time,Zone A,Temporary,Production       ,Wireline Construction,Project Manager,Female,22415,Black,Married,Fully Meets,3,1148,4,1,3,Communication Skills,External,Passed
722,17-03-2022,active,NEL,Active,Part-Time,Zone C,Temporary,Production       ,Field Operations,Locator,Female,5855,Asian,Married,Fully Meets,3,1149,3,2,5,Leadership Development,External,Failed
723,05-08-2020,active,MSC,Active,Part-Time,Zone A,Full-Time,Production       ,Aerial,Lineman,Female,64124,White,Single,Fully Meets,3,1150,3,4,4,Project Management,External,Incomplete
724,23-08-2022,active,EW,Active,Part-Time,Zone A,Part-Time,Production       ,Field Operations,Laborer,Male,2497,Asian,Widowed,Fully Meets,3,1151,5,3,1,Project Management,External,Passed
725,12-01-2023,active,CCDR,Active,Full-Time,Zone A,Full-Time,Production       ,Engineers,Engineer,Female,36242,Other,Divorced,Fully Meets,3,1152,1,1,5,Customer Service,External,Incomplete
726,14-04-2020,10-Sep-21,EW,Terminated,Part-Time,Zone A,Temporary,Production       ,Field Operations,Laborer,Female,87428,Asian,Divorced,Fully Meets,3,1153,3,4,2,Communication Skills,Internal,Failed
727,27-09-2021,05-Feb-23,MSC,Terminated,Full-Time,Zone C,Part-Time,Production       ,Field Operations,Laborer,Female,76772,White,Married,Fully Meets,3,1154,1,3,2,Customer Service,Internal,Incomplete
728,17-11-2018,12-Mar-20,NEL,Terminated,Contract,Zone A,Temporary,Production       ,Finance & Accounting,Clerk,Female,21218,Other,Married,Fully Meets,3,1155,2,3,1,Technical Skills,Internal,Failed
729,22-07-2019,28-Feb-23,PL,Terminated,Contract,Zone A,Full-Time,Production       ,Billable Consultants,Project Manager,Male,94316,Hispanic,Married,Fully Meets,3,1156,1,5,2,Customer Service,Internal,Incomplete
730,10-02-2019,active,PYZ,Active,Part-Time,Zone A,Temporary,Production       ,Wireline Construction,Manager,Male,39746,Hispanic,Married,Fully Meets,3,1157,1,4,2,Technical Skills,External,Passed
731,22-11-2018,19-Jul-20,SVG,Terminated,Full-Time,Zone A,Full-Time,Production       ,Field Operations,Technician,Male,96001,Asian,Widowed,Fully Meets,3,1158,2,4,4,Customer Service,External,Completed
732,23-04-2023,active,TNS,Active,Part-Time,Zone A,Temporary,Production       ,Splicing,Splicer,Male,62733,Other,Divorced,Fully Meets,3,1159,1,2,4,Leadership Development,External,Failed
733,26-12-2022,23-May-23,WBL,Active,Part-Time,Zone B,Full-Time,Production       ,General - Con,Flagger,Female,66418,Asian,Single,Fully Meets,3,1160,4,2,3,Leadership Development,External,Failed
734,14-06-2020,active,PYZ,Active,Contract,Zone B,Part-Time,Production       ,Yard (Material Handling),Runner,Female,78453,Other,Widowed,Fully Meets,3,1161,3,4,4,Technical Skills,Internal,Passed
735,29-03-2022,20-May-23,WBL,Active,Full-Time,Zone C,Temporary,Production       ,General - Con,Laborer,Female,85444,Asian,Widowed,Fully Meets,3,1162,3,3,2,Communication Skills,External,Incomplete
736,18-12-2022,active,NEL,Active,Contract,Zone A,Part-Time,Production       ,Project Management - Con,Manager,Female,93166,White,Divorced,Fully Meets,3,1163,1,2,3,Communication Skills,External,Passed
737,21-03-2019,active,PL,Active,Part-Time,Zone A,Part-Time,Production       ,General - Sga,Project Coordinator,Female,12732,Other,Married,Fully Meets,3,1164,5,5,5,Technical Skills,Internal,Incomplete
738,08-02-2021,active,BPC,Active,Full-Time,Zone C,Full-Time,Production       ,Field Operations,Laborer,Female,48895,Other,Widowed,Fully Meets,3,1165,3,3,1,Communication Skills,Internal,Passed
739,06-06-2022,active,WBL,Active,Full-Time,Zone A,Temporary,Production       ,Field Operations,Foreman,Male,73043,Other,Married,Fully Meets,3,1166,2,1,4,Communication Skills,External,Passed
740,01-11-2021,active,NEL,Active,Contract,Zone B,Full-Time,Production       ,Field Operations,Laborer,Female,69064,Other,Single,Fully Meets,3,1167,2,3,4,Project Management,Internal,Failed
741,19-01-2023,active,PL,Active,Contract,Zone A,Full-Time,Production       ,Field Operations,Assistant,Female,85041,White,Married,Fully Meets,3,1168,2,2,2,Project Management,Internal,Failed
742,30-07-2020,active,BPC,Active,Contract,Zone B,Part-Time,Production       ,Field Operations,Operator,Female,66037,Asian,Single,Fully Meets,3,1169,1,3,2,Technical Skills,Internal,Incomplete
743,16-07-2023,active,CCDR,Active,Part-Time,Zone C,Full-Time,Production       ,Underground,Laborer,Female,53112,Black,Single,Fully Meets,3,1170,1,5,4,Communication Skills,External,Incomplete
744,16-06-2022,active,SVG,Active,Part-Time,Zone A,Part-Time,Production       ,Field Operations,Laborer,Female,93320,Hispanic,Single,Fully Meets,3,1171,4,1,4,Project Management,Internal,Completed
745,13-06-2021,27-May-22,EW,Terminated,Full-Time,Zone C,Full-Time,Production       ,Engineers,Engineer,Male,39849,Asian,Married,Fully Meets,3,1172,1,3,2,Communication Skills,External,Passed
746,14-11-2020,01-Nov-21,BPC,Terminated,Full-Time,Zone C,Full-Time,Production       ,Isp,Manager,Female,38596,White,Widowed,Fully Meets,3,1173,5,5,2,Customer Service,Internal,Passed
747,16-06-2020,13-Mar-23,CCDR,Terminated,Full-Time,Zone C,Temporary,Production       ,Field Operations,Construction Manager,Female,31731,Other,Widowed,Fully Meets,3,1174,2,1,5,Project Management,External,Incomplete
748,20-12-2018,24-Dec-20,EW,Terminated,Full-Time,Zone A,Part-Time,Production       ,Catv,Laborer,Female,38710,Asian,Divorced,Fully Meets,3,1175,2,1,2,Project Management,Internal,Passed
749,29-10-2022,active,MSC,Active,Contract,Zone A,Part-Time,Production       ,Engineers,Project Manager,Female,7184,White,Married,Fully Meets,3,1176,2,2,5,Leadership Development,Internal,Completed
750,20-07-2020,active,NEL,Active,Contract,Zone A,Temporary,Production       ,Aerial,Lineman,Female,13425,Other,Married,Fully Meets,3,1177,2,2,5,Customer Service,External,Passed
751,03-10-2021,19-Dec-21,PL,Terminated,Contract,Zone C,Part-Time,Production       ,Field Operations,Laborer,Male,93796,Other,Single,Fully Meets,3,1178,2,1,2,Project Management,External,Failed
752,16-07-2022,active,PYZ,Active,Part-Time,Zone A,Full-Time,Production       ,Aerial,Supervisor,Male,92453,Black,Divorced,Fully Meets,3,1179,3,5,1,Technical Skills,Internal,Passed
753,30-06-2020,active,SVG,Active,Full-Time,Zone B,Full-Time,Production       ,Underground,Laborer,Male,10449,Hispanic,Single,Fully Meets,3,1180,4,3,1,Technical Skills,Internal,Completed
754,13-06-2021,active,TNS,Active,Full-Time,Zone C,Part-Time,Production       ,Wireline Construction,Laborer,Male,14795,Other,Married,Fully Meets,3,1181,5,5,4,Communication Skills,External,Incomplete
755,29-12-2020,24-Oct-22,WBL,Active,Full-Time,Zone C,Temporary,Production       ,Splicing,Splicer,Female,60901,Black,Divorced,Fully Meets,3,1182,2,4,5,Communication Skills,External,Passed
756,03-02-2022,active,BPC,Active,Part-Time,Zone A,Full-Time,Production       ,Catv,Technician,Female,64083,Black,Married,Fully Meets,3,1183,4,5,5,Technical Skills,Internal,Incomplete
757,10-01-2022,11-May-23,CCDR,Active,Full-Time,Zone B,Temporary,Production       ,Wireline Construction,Foreman,Female,50781,Hispanic,Divorced,Fully Meets,3,1184,1,3,1,Customer Service,Internal,Completed
758,13-12-2018,active,EW,Active,Part-Time,Zone A,Full-Time,Production       ,Fielders,Engineer,Female,67399,Other,Widowed,Fully Meets,3,1185,1,2,4,Project Management,Internal,Failed
759,03-03-2021,active,MSC,Active,Full-Time,Zone A,Temporary,Production       ,Splicing,Tester,Female,82086,Hispanic,Single,Fully Meets,3,1186,3,3,5,Communication Skills,External,Failed
760,04-07-2021,active,NEL,Active,Part-Time,Zone A,Full-Time,Production       ,Aerial,Supervisor,Female,97001,Black,Single,Fully Meets,3,1187,4,1,1,Communication Skills,Internal,Incomplete
761,06-02-2020,21-Jul-21,WBL,Terminated,Contract,Zone B,Part-Time,Production       ,General - Sga,Estimator,Male,13562,Black,Divorced,Fully Meets,3,1188,4,1,1,Technical Skills,Internal,Passed
762,28-06-2020,11-Jul-22,NEL,Terminated,Contract,Zone C,Full-Time,Production       ,General - Eng,Engineer,Female,55949,Other,Married,Fully Meets,3,1189,5,5,3,Communication Skills,External,Completed
763,22-12-2020,20-Nov-21,PL,Terminated,Contract,Zone B,Full-Time,Production       ,Project Management - Eng,Project Manager,Female,88496,Hispanic,Married,Fully Meets,3,1190,2,5,3,Project Management,External,Failed
764,24-11-2019,active,BPC,Active,Full-Time,Zone B,Full-Time,Production       ,Wireline Construction,Billing,Female,55947,Black,Divorced,Fully Meets,3,1191,4,4,4,Customer Service,Internal,Completed
765,23-09-2022,active,CCDR,Active,Full-Time,Zone C,Full-Time,Production       ,General - Con,Technician,Female,75540,White,Single,Fully Meets,3,1192,3,1,1,Leadership Development,External,Passed
766,06-02-2020,23-Jan-22,SVG,Terminated,Full-Time,Zone B,Temporary,Production       ,Aerial,Foreman,Female,68342,Black,Married,Fully Meets,3,1193,5,2,3,Technical Skills,External,Failed
767,14-01-2019,06-Aug-21,EW,Terminated,Full-Time,Zone C,Temporary,Production       ,Field Operations,Foreman,Male,5779,Asian,Widowed,Fully Meets,3,1194,5,4,2,Communication Skills,Internal,Completed
768,25-06-2019,15-May-22,TNS,Active,Part-Time,Zone C,Part-Time,Production       ,Wireline Construction,Foreman,Female,91065,Hispanic,Widowed,Fully Meets,3,1195,5,3,2,Technical Skills,Internal,Failed
769,09-03-2019,active,PYZ,Active,Part-Time,Zone C,Temporary,Production       ,General - Eng,Administrator,Female,47386,Other,Married,Fully Meets,3,1196,4,5,4,Communication Skills,Internal,Completed
770,13-06-2020,active,WBL,Active,Full-Time,Zone B,Part-Time,Production       ,Safety,Administrative,Female,38009,Hispanic,Divorced,Fully Meets,3,1197,3,5,4,Technical Skills,Internal,Passed
771,22-01-2019,active,NEL,Active,Contract,Zone B,Part-Time,Production       ,Field Operations,Laborer,Female,61843,Asian,Married,Fully Meets,3,1198,3,2,2,Project Management,Internal,Failed
772,12-12-2020,active,PL,Active,Full-Time,Zone B,Part-Time,Production       ,Field Operations,Laborer,Female,75258,White,Widowed,Fully Meets,3,1199,3,3,3,Leadership Development,External,Passed
773,27-04-2022,active,BPC,Active,Part-Time,Zone A,Full-Time,Production       ,General - Con,Laborer,Female,62616,Other,Married,Fully Meets,3,1200,4,5,1,Project Management,Internal,Incomplete
774,11-04-2022,26-Sep-22,CCDR,Terminated,Contract,Zone A,Part-Time,Production       ,General - Con,Flagger,Male,53450,Other,Divorced,Fully Meets,3,1201,2,4,4,Communication Skills,External,Passed
775,01-09-2022,02-Dec-22,SVG,Terminated,Contract,Zone B,Temporary,Production       ,Wireline Construction,Model Assistant,Male,9799,White,Widowed,Fully Meets,3,1202,1,3,2,Technical Skills,Internal,Incomplete
776,08-09-2018,active,EW,Active,Contract,Zone A,Part-Time,Production       ,Engineers,Engineer,Male,14153,White,Divorced,Fully Meets,3,1203,3,5,3,Project Management,External,Incomplete
777,24-11-2022,05-Aug-23,MSC,Active,Full-Time,Zone B,Temporary,Production       ,General - Sga,Vp,Male,76112,White,Married,Fully Meets,3,1204,1,4,3,Project Management,External,Incomplete
778,23-07-2020,active,TNS,Active,Full-Time,Zone C,Part-Time,Production       ,Yard (Material Handling),Shop,Female,73101,Hispanic,Single,Fully Meets,3,1205,2,1,2,Communication Skills,External,Failed
779,28-12-2018,15-May-23,PYZ,Active,Part-Time,Zone C,Part-Time,Production       ,Engineers,Drafter,Female,82378,White,Divorced,Fully Meets,3,1206,3,4,2,Technical Skills,Internal,Passed
780,01-10-2019,active,WBL,Active,Contract,Zone B,Full-Time,Production       ,Wireline Construction,Laborer,Female,63878,White,Divorced,Fully Meets,3,1207,2,1,2,Communication Skills,Internal,Completed
781,17-08-2019,25-Oct-19,NEL,Active,Contract,Zone A,Part-Time,Production       ,Wireline Construction,Laborer,Female,59862,Black,Single,Fully Meets,3,1208,5,1,5,Leadership Development,Internal,Passed
782,31-05-2023,active,PL,Active,Part-Time,Zone A,Part-Time,Production       ,Wireline Construction,Foreman,Female,23252,Other,Married,Fully Meets,3,1209,1,3,1,Communication Skills,External,Failed
783,08-12-2020,10-Jun-23,BPC,Active,Full-Time,Zone B,Part-Time,Production       ,Field Operations,Top Hand,Female,91039,Asian,Divorced,Fully Meets,3,1210,4,5,1,Leadership Development,External,Incomplete
784,05-11-2018,23-Mar-23,CCDR,Terminated,Part-Time,Zone B,Part-Time,Production       ,Field Operations,Splicer,Male,37834,Other,Widowed,Fully Meets,3,1211,3,3,1,Leadership Development,External,Passed
785,26-08-2020,05-Apr-23,EW,Terminated,Contract,Zone C,Full-Time,Production       ,Engineers,Project Manager,Female,46678,Hispanic,Single,Fully Meets,3,1212,4,5,4,Project Management,Internal,Failed
786,23-02-2020,active,MSC,Active,Part-Time,Zone A,Part-Time,Production       ,Project Management - Con,Coordinator,Female,41849,White,Married,Fully Meets,3,1213,1,2,4,Project Management,External,Failed
787,12-02-2022,active,NEL,Active,Full-Time,Zone B,Full-Time,Production       ,Splicing,Splicer,Female,16422,Asian,Divorced,Fully Meets,3,1214,1,5,3,Customer Service,Internal,Completed
788,13-02-2020,active,PL,Active,Contract,Zone C,Temporary,Production       ,Aerial,Laborer,Female,79625,Asian,Widowed,Fully Meets,3,1215,2,1,5,Communication Skills,External,Passed
789,15-02-2023,09-Mar-23,PYZ,Terminated,Part-Time,Zone B,Part-Time,Production       ,General - Con,Technician,Female,11159,Black,Single,Fully Meets,3,1216,4,1,1,Leadership Development,External,Incomplete
790,03-12-2019,31-Aug-21,SVG,Terminated,Full-Time,Zone B,Part-Time,Production       ,Wireline Construction,Vp,Male,52300,Asian,Single,Fully Meets,3,1217,5,5,1,Customer Service,External,Completed
791,31-12-2018,active,WBL,Active,Full-Time,Zone B,Temporary,Production       ,General - Con,Locator,Female,32620,Black,Married,Fully Meets,3,1218,2,3,1,Leadership Development,Internal,Failed
792,16-01-2020,09-Feb-21,BPC,Terminated,Part-Time,Zone B,Part-Time,Production       ,Engineers,Engineer,Female,83986,Hispanic,Married,Fully Meets,3,1219,2,2,2,Communication Skills,External,Failed
793,20-11-2018,09-Feb-20,CCDR,Terminated,Full-Time,Zone C,Temporary,Production       ,Executive,Vp,Female,89298,Asian,Single,Fully Meets,3,1220,5,2,4,Leadership Development,External,Passed
794,11-11-2022,03-Jul-23,EW,Terminated,Part-Time,Zone A,Part-Time,Production       ,Yard (Material Handling),Coordinator,Female,91837,Asian,Single,Fully Meets,3,1221,5,5,3,Customer Service,Internal,Passed
795,18-12-2020,23-Jul-21,MSC,Terminated,Contract,Zone A,Part-Time,Production       ,People Services,Recruiting,Female,31362,Asian,Widowed,Fully Meets,3,1222,5,2,1,Leadership Development,External,Passed
796,26-01-2021,active,NEL,Active,Full-Time,Zone C,Temporary,Production       ,Engineers,Engineer,Female,3274,Asian,Widowed,Fully Meets,3,1223,4,1,4,Project Management,External,Completed
797,26-11-2021,24-May-22,PL,Terminated,Part-Time,Zone B,Part-Time,Production       ,Wireline Construction,Administrative,Male,71373,Hispanic,Married,Fully Meets,3,1224,4,2,3,Project Management,Internal,Incomplete
798,15-05-2023,active,PYZ,Active,Contract,Zone C,Part-Time,Production       ,Finance & Accounting,Accounting,Male,66660,Asian,Married,Fully Meets,3,1225,1,2,4,Customer Service,Internal,Completed
799,20-06-2023,active,SVG,Active,Full-Time,Zone A,Full-Time,Production       ,Field Operations,Driller,Male,26821,Other,Divorced,Fully Meets,3,1226,4,5,4,Customer Service,Internal,Completed
800,22-08-2019,06-Jun-22,TNS,Active,Part-Time,Zone C,Part-Time,Production       ,Billable Consultants,Engineer,Female,89365,Other,Divorced,Fully Meets,3,1227,1,2,2,Communication Skills,External,Failed
801,30-08-2021,active,WBL,Active,Contract,Zone B,Full-Time,Production       ,Fielders,Engineer,Female,88976,Other,Widowed,Fully Meets,3,1228,2,5,3,Technical Skills,Internal,Failed
802,27-01-2020,active,BPC,Active,Part-Time,Zone B,Part-Time,Production       ,Field Operations,Technician,Female,43853,Black,Single,Fully Meets,3,1229,4,2,5,Customer Service,External,Failed
803,04-03-2022,active,CCDR,Active,Contract,Zone C,Temporary,Production       ,Wireline Construction,Groundman,Female,19697,Hispanic,Widowed,Fully Meets,3,1230,5,4,4,Communication Skills,External,Completed
804,07-03-2020,active,EW,Active,Contract,Zone B,Temporary,Production       ,Wireless,Laborer,Female,50000,Black,Married,Fully Meets,3,1231,2,2,1,Project Management,External,Passed
805,19-03-2020,active,MSC,Active,Full-Time,Zone B,Full-Time,Production       ,People Services,Support,Female,35033,Other,Single,Fully Meets,3,1232,2,1,5,Leadership Development,Internal,Incomplete
806,23-07-2022,active,WBL,Active,Full-Time,Zone A,Part-Time,Production       ,Wireline Construction,Project Manager,Male,50676,Other,Divorced,Fully Meets,3,1233,5,5,3,Customer Service,Internal,Failed
807,18-10-2019,03-Oct-21,NEL,Terminated,Full-Time,Zone A,Temporary,Production       ,Sales & Marketing,Director,Female,25148,Black,Divorced,Fully Meets,3,1234,4,1,5,Leadership Development,Internal,Passed
808,14-04-2020,active,PL,Active,Full-Time,Zone B,Full-Time,Production       ,General - Con,Administrative,Female,96915,Other,Widowed,Fully Meets,3,1235,5,5,3,Project Management,Internal,Failed
809,25-11-2018,25-Jul-19,BPC,Terminated,Part-Time,Zone B,Full-Time,Production       ,Field Operations,Laborer,Female,95167,White,Married,Fully Meets,3,1236,1,4,1,Customer Service,External,Passed
810,23-03-2021,26-Aug-22,CCDR,Terminated,Part-Time,Zone A,Part-Time,Production       ,Yard (Material Handling),Engineer,Female,1223,Black,Divorced,Fully Meets,3,1237,4,3,1,Leadership Development,External,Passed
811,27-10-2020,08-Nov-21,SVG,Terminated,Part-Time,Zone B,Part-Time,Production       ,Engineers,Engineer,Female,31462,Other,Single,Fully Meets,3,1238,1,3,3,Leadership Development,Internal,Incomplete
812,11-06-2022,29-Jun-23,TNS,Terminated,Part-Time,Zone C,Temporary,Production       ,Splicing,Technician,Female,6735,Hispanic,Single,Fully Meets,3,1239,4,5,5,Project Management,Internal,Incomplete
813,19-03-2020,active,PYZ,Active,Contract,Zone B,Temporary,Production       ,Isp,Project Manager,Female,60585,Asian,Single,Fully Meets,3,1240,1,4,3,Communication Skills,External,Passed
814,07-11-2019,07-Dec-22,WBL,Terminated,Contract,Zone B,Full-Time,Production       ,Field Operations,Laborer,Female,46736,Black,Married,Fully Meets,3,1241,4,4,3,Project Management,External,Failed
815,24-04-2023,active,NEL,Active,Full-Time,Zone C,Part-Time,Production       ,Wireline Construction,Foreman,Female,35941,White,Married,Fully Meets,3,1242,4,4,1,Project Management,External,Passed
816,04-06-2020,active,PL,Active,Contract,Zone A,Temporary,Production       ,General - Con,Manager,Female,11657,White,Widowed,Fully Meets,3,1243,5,2,3,Communication Skills,Internal,Incomplete
817,23-05-2022,active,BPC,Active,Part-Time,Zone A,Full-Time,Production       ,Isp,Technician,Male,72528,Asian,Married,Fully Meets,3,1244,2,3,5,Technical Skills,External,Incomplete
818,17-05-2019,active,CCDR,Active,Full-Time,Zone B,Temporary,Production       ,Engineers,Technician,Male,14705,White,Widowed,Fully Meets,3,1245,3,5,5,Communication Skills,Internal,Incomplete
819,28-09-2018,25-Apr-21,SVG,Terminated,Part-Time,Zone B,Temporary,Production       ,Field Operations,Ceo,Male,5254,Black,Widowed,Fully Meets,3,1246,4,3,2,Communication Skills,Internal,Completed
820,04-03-2019,active,EW,Active,Part-Time,Zone C,Part-Time,Production       ,Wireless,Foreman,Female,94026,Other,Single,Fully Meets,3,1247,2,4,5,Customer Service,External,Completed
821,29-03-2021,01-Dec-21,MSC,Active,Part-Time,Zone B,Full-Time,Production       ,Underground,Operator,Female,90967,White,Divorced,Fully Meets,3,1248,5,3,2,Communication Skills,Internal,Passed
822,07-07-2019,14-Feb-20,TNS,Active,Full-Time,Zone A,Part-Time,Production       ,Field Operations,Driver,Female,46879,Asian,Divorced,Fully Meets,3,1249,2,4,2,Communication Skills,Internal,Completed
823,06-09-2018,active,BPC,Active,Contract,Zone B,Full-Time,Production       ,General - Sga,Lineman,Female,70353,Black,Widowed,Fully Meets,3,1250,4,5,1,Communication Skills,External,Incomplete
824,25-09-2018,active,CCDR,Active,Part-Time,Zone A,Part-Time,Production       ,Splicing,Laborer,Female,27888,Asian,Married,Fully Meets,3,1251,5,5,3,Communication Skills,External,Failed
825,11-03-2022,25-Apr-22,EW,Active,Part-Time,Zone A,Temporary,Production       ,Project Management - Con,Technician,Female,36258,Asian,Divorced,Fully Meets,3,1252,2,3,2,Leadership Development,Internal,Completed
826,13-07-2020,06-Oct-21,MSC,Active,Part-Time,Zone A,Part-Time,Production       ,Project Management - Con,Engineer,Female,17844,Asian,Divorced,Fully Meets,3,1253,2,4,2,Customer Service,Internal,Completed
827,22-06-2020,active,WBL,Active,Contract,Zone B,Full-Time,Production       ,General - Con,Groundman,Female,87263,White,Married,Fully Meets,3,1254,3,1,5,Project Management,Internal,Passed
828,30-09-2019,02-Mar-21,NEL,Terminated,Full-Time,Zone A,Temporary,Production       ,General - Con,Laborer,Female,8671,Black,Married,Fully Meets,3,1255,3,1,1,Customer Service,External,Passed
829,08-01-2020,active,PL,Active,Contract,Zone A,Temporary,Production       ,Wireline Construction,Laborer,Female,16520,White,Widowed,Fully Meets,3,1256,4,4,2,Project Management,Internal,Completed
830,16-10-2021,active,BPC,Active,Full-Time,Zone B,Temporary,Production       ,Engineers,Engineer,Female,22868,Asian,Divorced,Fully Meets,3,1257,2,1,1,Technical Skills,Internal,Failed
831,29-06-2022,active,CCDR,Active,Full-Time,Zone C,Temporary,Production       ,Aerial,Foreman,Female,59954,Other,Widowed,Fully Meets,3,1258,3,5,4,Project Management,Internal,Incomplete
832,01-05-2022,24-Apr-23,SVG,Terminated,Full-Time,Zone A,Temporary,Production       ,General - Con,Laborer,Male,43998,White,Single,Fully Meets,3,1259,1,3,4,Leadership Development,Internal,Completed
833,16-08-2018,active,TNS,Active,Full-Time,Zone B,Part-Time,Production       ,Project Management - Con,Manager,Female,75748,Asian,Married,Fully Meets,3,1260,5,2,5,Leadership Development,Internal,Completed
834,27-12-2019,active,PYZ,Active,Part-Time,Zone C,Temporary,Production       ,Field Operations,Laborer,Female,87591,Hispanic,Married,Fully Meets,3,1261,2,5,4,Project Management,External,Incomplete
835,01-07-2021,28-Mar-23,WBL,Terminated,Part-Time,Zone A,Full-Time,Production       ,Engineers,Engineer,Female,23777,Hispanic,Widowed,Fully Meets,3,1262,3,4,1,Communication Skills,Internal,Passed
836,20-10-2022,active,NEL,Active,Full-Time,Zone B,Full-Time,Production       ,Shop (Fleet),Foreman,Female,34732,Hispanic,Divorced,Fully Meets,3,1263,4,5,3,Communication Skills,Internal,Failed
837,15-02-2019,active,PL,Active,Full-Time,Zone C,Full-Time,Production       ,Field Operations,Director,Female,28097,Hispanic,Married,Fully Meets,3,1264,3,5,4,Customer Service,Internal,Failed
838,17-01-2022,25-Jul-22,BPC,Terminated,Part-Time,Zone C,Full-Time,Production       ,Field Operations,Laborer,Male,39841,Black,Widowed,Fully Meets,3,1265,4,2,5,Leadership Development,Internal,Incomplete
839,14-11-2021,01-Jul-22,CCDR,Terminated,Full-Time,Zone A,Full-Time,Production       ,Project Management - Con,Manager,Male,46871,Hispanic,Divorced,Fully Meets,3,1266,1,3,1,Project Management,Internal,Incomplete
840,14-11-2020,22-Dec-20,SVG,Active,Part-Time,Zone C,Full-Time,Production       ,General - Con,Lineman,Female,91614,White,Divorced,Fully Meets,3,1267,4,1,5,Technical Skills,Internal,Failed
841,25-02-2023,active,EW,Active,Part-Time,Zone A,Part-Time,Production       ,General - Con,Technician,Female,89515,Other,Single,Fully Meets,3,1268,2,1,2,Project Management,External,Passed
842,23-08-2022,active,MSC,Active,Contract,Zone A,Full-Time,Production       ,Yard (Material Handling),Laborer,Female,82774,Black,Divorced,Fully Meets,3,1269,1,2,4,Customer Service,External,Passed
843,01-05-2019,31-Dec-19,TNS,Active,Part-Time,Zone C,Full-Time,Production       ,Field Operations,Laborer,Female,79937,Hispanic,Married,Fully Meets,3,1270,5,5,1,Leadership Development,External,Completed
844,26-04-2020,active,PYZ,Active,Full-Time,Zone A,Part-Time,Production       ,General - Sga,Foreman,Female,95232,Asian,Widowed,Fully Meets,3,1271,3,1,5,Customer Service,Internal,Completed
845,08-02-2021,15-Jul-22,WBL,Active,Full-Time,Zone C,Temporary,Production       ,General - Eng,Coordinator,Female,37465,Black,Single,Fully Meets,3,1272,4,2,3,Technical Skills,Internal,Failed
846,29-10-2020,26-Jan-21,NEL,Active,Contract,Zone A,Part-Time,Production       ,General - Sga,Manager,Female,50409,Asian,Single,Fully Meets,3,1273,1,4,2,Technical Skills,External,Incomplete
847,22-11-2022,active,PL,Active,Contract,Zone A,Full-Time,Production       ,Engineers,Engineer,Female,2006,Black,Single,Fully Meets,3,1274,2,1,5,Project Management,Internal,Passed
848,11-10-2022,active,CCDR,Active,Full-Time,Zone B,Part-Time,Production       ,Aerial,Splicer,Female,55846,Other,Single,Fully Meets,3,1275,2,5,3,Communication Skills,External,Incomplete
849,28-12-2019,active,EW,Active,Full-Time,Zone A,Full-Time,Production       ,General - Sga,Administrator,Female,74245,White,Married,Fully Meets,3,1276,1,4,5,Communication Skills,Internal,Failed
850,11-04-2019,active,MSC,Active,Full-Time,Zone C,Part-Time,Production       ,Splicing,Technician,Female,95565,Other,Single,Fully Meets,3,1277,4,3,3,Communication Skills,Internal,Passed
851,26-10-2020,active,NEL,Active,Full-Time,Zone A,Part-Time,Production       ,Field Operations,Laborer,Female,89318,White,Divorced,Fully Meets,3,1278,2,4,5,Technical Skills,Internal,Incomplete
852,09-07-2021,27-Jan-23,PL,Terminated,Part-Time,Zone B,Full-Time,Production       ,Field Operations,Technician,Female,29507,White,Married,Fully Meets,3,1279,3,3,5,Technical Skills,Internal,Incomplete
853,12-01-2022,active,MSC,Active,Full-Time,Zone C,Temporary,Production       ,General - Sga,Administrator,Male,77219,Black,Single,Fully Meets,3,1280,3,2,2,Leadership Development,External,Completed
854,07-08-2020,20-Jul-21,TNS,Terminated,Part-Time,Zone A,Part-Time,Production       ,Finance & Accounting,Administrative,Female,30117,White,Widowed,Fully Meets,3,1281,4,2,1,Project Management,External,Completed
855,10-04-2021,19-Nov-22,BPC,Terminated,Part-Time,Zone A,Temporary,Production       ,Catv,Administrative,Female,30179,Black,Widowed,Fully Meets,3,1282,3,3,1,Leadership Development,External,Passed
856,11-01-2021,active,CCDR,Active,Full-Time,Zone C,Full-Time,Production       ,General - Eng,Drafter,Female,72581,Asian,Married,Fully Meets,3,1283,2,1,2,Customer Service,External,Failed
857,08-12-2019,active,EW,Active,Contract,Zone B,Full-Time,Production       ,General - Eng,Supervisor,Female,39352,Other,Married,Fully Meets,3,1284,5,1,5,Communication Skills,External,Completed
858,26-09-2021,active,MSC,Active,Part-Time,Zone C,Full-Time,Production       ,General - Eng,Supervisor,Male,89374,Hispanic,Widowed,Fully Meets,3,1285,3,2,2,Project Management,External,Completed
859,09-09-2021,28-Oct-21,NEL,Terminated,Full-Time,Zone B,Temporary,Production       ,Field Operations,Driller,Male,74629,Asian,Divorced,Fully Meets,3,1286,1,5,1,Customer Service,Internal,Incomplete
860,19-09-2020,20-Feb-23,PL,Terminated,Full-Time,Zone A,Full-Time,Production       ,General - Con,Technician,Female,56136,Black,Widowed,Fully Meets,3,1287,3,5,2,Technical Skills,External,Completed
861,11-01-2022,26-Oct-22,PYZ,Active,Full-Time,Zone C,Part-Time,Production       ,Aerial,Lineman,Female,69514,Hispanic,Single,Fully Meets,3,1288,2,4,5,Technical Skills,External,Incomplete
862,18-07-2019,active,SVG,Active,Full-Time,Zone C,Full-Time,Production       ,General - Con,Clerk,Female,40307,Other,Single,Fully Meets,3,1289,5,3,1,Leadership Development,Internal,Incomplete
863,13-04-2021,active,TNS,Active,Full-Time,Zone A,Full-Time,Production       ,General - Sga,Administrator,Female,57255,White,Married,Fully Meets,3,1290,5,4,2,Leadership Development,External,Completed
864,17-06-2023,27-Jul-23,WBL,Active,Contract,Zone B,Temporary,Production       ,Engineers,Coordinator,Female,94486,Black,Divorced,Fully Meets,3,1291,5,4,5,Technical Skills,Internal,Passed
865,27-10-2018,active,BPC,Active,Full-Time,Zone A,Part-Time,Production       ,Engineers,Engineer,Female,28931,White,Divorced,Fully Meets,3,1292,1,4,3,Customer Service,Internal,Completed
866,01-06-2021,29-Apr-23,CCDR,Active,Contract,Zone B,Full-Time,Production       ,Wireline Construction,Lineman,Female,60878,Asian,Single,Fully Meets,3,1293,2,3,2,Project Management,Internal,Passed
867,07-04-2023,07-May-23,EW,Active,Part-Time,Zone B,Part-Time,Production       ,Wireline Construction,Laborer,Female,58589,Hispanic,Single,Fully Meets,3,1294,5,4,2,Technical Skills,Internal,Passed
868,13-06-2021,active,PYZ,Active,Full-Time,Zone A,Full-Time,Production       ,General - Con,Groundman,Female,26059,Other,Married,Fully Meets,3,1295,3,3,3,Communication Skills,Internal,Incomplete
869,13-03-2019,12-Sep-20,WBL,Terminated,Full-Time,Zone B,Part-Time,Production       ,Field Operations,Administrator,Female,94411,Asian,Widowed,Fully Meets,3,1296,1,1,5,Communication Skills,External,Passed
870,24-05-2019,09-Oct-21,NEL,Terminated,Part-Time,Zone A,Temporary,Production       ,Isp,Technician,Female,46980,Other,Married,Fully Meets,3,1297,2,4,4,Project Management,External,Passed
871,25-02-2023,active,PL,Active,Part-Time,Zone B,Temporary,Production       ,General - Con,Laborer,Female,12398,Black,Married,Fully Meets,3,1298,1,2,1,Project Management,Internal,Passed
872,24-03-2020,active,BPC,Active,Contract,Zone B,Full-Time,Production       ,Aerial,Foreman,Female,95571,Asian,Widowed,Fully Meets,3,1299,1,2,2,Project Management,External,Completed
873,12-06-2021,active,CCDR,Active,Contract,Zone B,Temporary,Production       ,Field Operations,Laborer,Female,91189,Black,Married,Fully Meets,3,1300,1,3,1,Technical Skills,Internal,Passed
874,22-03-2019,23-Mar-22,MSC,Terminated,Part-Time,Zone B,Temporary,Production       ,Field Operations,Driller,Female,62803,Asian,Widowed,Fully Meets,3,1301,1,4,2,Communication Skills,Internal,Incomplete
875,08-03-2021,17-Dec-22,TNS,Terminated,Full-Time,Zone A,Full-Time,Production       ,Field Operations,Laborer,Female,77552,Other,Married,Fully Meets,3,1302,1,2,4,Project Management,Internal,Passed
876,15-05-2020,active,PYZ,Active,Contract,Zone A,Full-Time,Production       ,Finance & Accounting,Administration,Female,35973,Hispanic,Single,Fully Meets,3,1303,5,3,5,Leadership Development,Internal,Failed
877,24-01-2023,active,WBL,Active,Full-Time,Zone B,Part-Time,Production       ,Safety,Safety,Female,47801,Asian,Widowed,Fully Meets,3,1304,3,5,1,Communication Skills,External,Completed
878,06-01-2021,30-Dec-22,NEL,Terminated,Full-Time,Zone B,Temporary,Production       ,Field Operations,Laborer,Male,1615,White,Married,Fully Meets,3,1305,2,5,2,Technical Skills,Internal,Failed
879,16-04-2021,active,PL,Active,Part-Time,Zone B,Part-Time,Production       ,Project Management - Con,Coordinator,Male,49042,Hispanic,Single,Fully Meets,3,1306,1,3,5,Technical Skills,External,Failed
880,22-09-2021,25-Oct-21,BPC,Terminated,Contract,Zone A,Full-Time,Production       ,Engineers,Director,Male,94852,Black,Married,Fully Meets,3,1307,1,5,1,Technical Skills,Internal,Incomplete
881,28-06-2022,07-Mar-23,CCDR,Active,Full-Time,Zone C,Full-Time,Production       ,Project Management - Con,Supervisor,Female,60350,Asian,Divorced,Fully Meets,3,1308,4,5,2,Leadership Development,External,Failed
882,17-08-2020,active,SVG,Active,Part-Time,Zone C,Part-Time,Production       ,Field Operations,Driller,Female,41055,Other,Widowed,Fully Meets,3,1309,1,1,3,Technical Skills,External,Failed
883,03-04-2023,21-Jul-23,EW,Active,Part-Time,Zone B,Full-Time,Production       ,General - Con,Technician,Female,21439,Asian,Single,Fully Meets,3,1310,3,4,3,Project Management,Internal,Incomplete
884,26-05-2023,12-Jun-23,MSC,Active,Full-Time,Zone C,Part-Time,Production       ,Engineers,Specialist,Male,32645,Asian,Single,Fully Meets,3,1311,5,2,3,Leadership Development,Internal,Incomplete
885,10-04-2021,active,TNS,Active,Full-Time,Zone B,Full-Time,Production       ,General - Eng,Technician,Female,47354,Black,Widowed,Fully Meets,3,1312,2,5,2,Communication Skills,Internal,Completed
886,18-04-2023,active,PYZ,Active,Contract,Zone C,Part-Time,Production       ,Field Operations,Operator,Female,64005,Hispanic,Single,Fully Meets,3,1313,5,4,1,Leadership Development,Internal,Incomplete
887,13-10-2021,21-Jun-23,WBL,Active,Contract,Zone C,Full-Time,Production       ,General - Con,Technician,Female,91553,White,Divorced,Fully Meets,3,1314,5,5,3,Project Management,Internal,Passed
888,10-10-2020,active,NEL,Active,Part-Time,Zone A,Temporary,Admin Offices,Splicing,Tester,Female,2050,Asian,Widowed,Fully Meets,3,1315,5,1,1,Communication Skills,External,Failed
889,20-01-2019,15-Sep-21,CCDR,Active,Part-Time,Zone A,Full-Time,Executive Office,Aerial,Foreman,Female,1902,Asian,Single,Fully Meets,3,1316,3,4,3,Technical Skills,External,Passed
890,09-05-2021,27-Oct-22,MSC,Active,Full-Time,Zone A,Part-Time,Admin Offices,Aerial,Lineman,Female,2468,Black,Widowed,Fully Meets,3,1317,4,2,2,Communication Skills,External,Passed
891,29-07-2023,04-Aug-23,WBL,Active,Contract,Zone B,Temporary,Admin Offices,Field Operations,Laborer,Female,2330,White,Divorced,Fully Meets,3,1318,5,4,2,Communication Skills,External,Completed
892,24-08-2019,14-Dec-22,EW,Active,Part-Time,Zone C,Temporary,Admin Offices,Finance & Accounting,Intern,Male,2703,Asian,Married,Fully Meets,3,1319,4,2,5,Project Management,Internal,Failed
893,25-12-2018,active,WBL,Active,Part-Time,Zone B,Full-Time,Admin Offices,Wireline Construction,Billing,Female,2170,White,Widowed,Fully Meets,3,1320,5,1,5,Leadership Development,External,Completed
894,27-05-2021,24-Aug-21,TNS,Active,Contract,Zone A,Full-Time,Admin Offices,Project Management - Con,Vp,Male,1460,Black,Single,Fully Meets,3,1321,1,5,5,Customer Service,Internal,Passed
895,02-02-2023,23-Jun-23,TNS,Active,Full-Time,Zone B,Full-Time,Admin Offices,Executive,Ceo,Female,1450,Hispanic,Widowed,Fully Meets,3,1322,1,5,2,Customer Service,External,Incomplete
896,06-12-2022,active,PL,Active,Full-Time,Zone B,Temporary,Admin Offices,Aerial,Foreman,Female,1844,Black,Divorced,Fully Meets,3,1323,5,1,5,Customer Service,Internal,Passed
897,23-07-2021,active,MSC,Active,Part-Time,Zone A,Part-Time,Admin Offices,General - Con,Helper,Female,11194,Hispanic,Single,Fully Meets,3,1324,5,3,3,Project Management,Internal,Failed
898,16-11-2019,active,TNS,Active,Contract,Zone B,Temporary,Admin Offices,Engineers,Drafter,Female,60432,Black,Divorced,Fully Meets,3,1325,1,5,3,Project Management,External,Failed
899,08-03-2020,07-Nov-21,PYZ,Active,Full-Time,Zone A,Temporary,Admin Offices,General - Eng,Billing,Male,86677,White,Widowed,Fully Meets,3,1326,5,3,1,Leadership Development,External,Passed
900,14-01-2019,active,WBL,Active,Part-Time,Zone B,Temporary,Admin Offices,Engineers,Engineer,Male,93156,White,Single,Fully Meets,3,1327,5,3,4,Leadership Development,Internal,Passed
901,29-02-2020,23-Sep-21,NEL,Active,Part-Time,Zone C,Full-Time,IT/IS,Executive,Vp,Male,66733,Asian,Single,Fully Meets,3,1328,1,4,3,Customer Service,Internal,Failed
902,25-11-2022,12-Apr-23,PL,Active,Contract,Zone B,Part-Time,Software Engineering,Field Operations,Laborer,Male,77070,Black,Widowed,Fully Meets,3,1329,3,2,5,Project Management,External,Passed
903,15-09-2022,05-May-23,MSC,Active,Full-Time,Zone A,Part-Time,Admin Offices,General - Con,Associate,Female,66991,White,Divorced,Fully Meets,3,1330,3,5,2,Project Management,Internal,Incomplete
904,11-08-2021,active,TNS,Active,Full-Time,Zone C,Temporary,Admin Offices,People Services,Intern,Female,69431,Black,Widowed,Fully Meets,3,1331,3,2,5,Communication Skills,Internal,Failed
905,03-08-2023,active,PYZ,Active,Contract,Zone B,Part-Time,Admin Offices,Wireline Construction,Foreman,Male,12089,Hispanic,Divorced,Fully Meets,3,1332,1,2,5,Leadership Development,External,Incomplete
906,14-03-2022,active,WBL,Active,Part-Time,Zone A,Part-Time,IT/IS,Field Operations,Laborer,Male,74486,Black,Divorced,Fully Meets,3,1333,3,4,5,Customer Service,Internal,Passed
907,01-09-2020,29-Nov-20,NEL,Active,Full-Time,Zone B,Part-Time,IT/IS,Underground,Laborer,Male,15975,Other,Widowed,Fully Meets,3,1334,1,3,1,Project Management,Internal,Failed
908,31-10-2021,active,NEL,Active,Contract,Zone A,Full-Time,Software Engineering,General - Con,Technician,Female,27425,White,Divorced,Fully Meets,3,1335,4,5,5,Leadership Development,Internal,Incomplete
909,26-02-2020,30-Mar-23,TNS,Active,Full-Time,Zone A,Part-Time,Admin Offices,Field Operations,Technician,Female,88247,Black,Married,Fully Meets,3,1336,5,1,4,Leadership Development,Internal,Passed
910,10-08-2018,07-Dec-21,WBL,Active,Full-Time,Zone A,Temporary,Admin Offices,General - Con,Safety Manager,Female,71014,White,Single,Fully Meets,3,1337,3,3,4,Project Management,External,Failed
911,30-09-2020,active,BPC,Active,Contract,Zone C,Part-Time,Admin Offices,Shop (Fleet),Mechanic,Male,90987,Other,Widowed,Fully Meets,3,1338,1,1,1,Leadership Development,External,Incomplete
912,01-04-2021,14-Aug-22,CCDR,Active,Contract,Zone B,Temporary,IT/IS,Wireline Construction,Foreman,Male,47635,Hispanic,Widowed,Fully Meets,3,1339,1,3,2,Customer Service,Internal,Incomplete
913,21-03-2021,21-Nov-21,EW,Active,Full-Time,Zone B,Part-Time,IT/IS,General - Eng,Engineer,Male,37302,White,Divorced,Fully Meets,3,1340,5,4,4,Leadership Development,External,Incomplete
914,03-11-2021,active,CCDR,Active,Part-Time,Zone C,Full-Time,Software Engineering,Engineers,Engineer,Female,76343,Hispanic,Single,Fully Meets,3,1341,1,3,4,Project Management,Internal,Passed
915,22-06-2019,26-Aug-19,EW,Active,Full-Time,Zone B,Part-Time,Admin Offices,Aerial,Lineman,Female,2559,Asian,Single,Fully Meets,3,1342,3,2,2,Project Management,Internal,Failed
916,12-11-2019,19-May-23,MSC,Active,Contract,Zone B,Temporary,Admin Offices,Shop (Fleet),Manager,Female,68008,White,Married,Fully Meets,3,1343,1,2,3,Customer Service,External,Completed
917,20-09-2022,active,TNS,Active,Part-Time,Zone A,Part-Time,Admin Offices,General - Con,Foreman,Male,93554,White,Single,Fully Meets,3,1344,1,4,5,Technical Skills,Internal,Incomplete
918,27-01-2023,active,PYZ,Active,Full-Time,Zone A,Full-Time,Admin Offices,Fielders,Engineer,Male,85275,Other,Single,Fully Meets,3,1345,2,4,4,Communication Skills,External,Passed
919,21-02-2021,22-Aug-22,WBL,Active,Contract,Zone C,Temporary,IT/IS,Field Operations,Laborer,Male,37276,White,Divorced,Fully Meets,3,1346,4,2,3,Technical Skills,External,Failed
920,04-03-2022,18-Jan-23,NEL,Active,Part-Time,Zone B,Full-Time,IT/IS,General - Con,Coordinator,Male,54734,Hispanic,Married,Fully Meets,3,1347,4,3,1,Communication Skills,Internal,Failed
921,21-04-2019,02-Dec-20,WBL,Active,Contract,Zone C,Part-Time,Software Engineering,Field Operations,Engineer,Female,34961,Other,Married,Fully Meets,3,1348,2,2,4,Technical Skills,Internal,Completed
922,02-08-2021,26-Nov-22,EW,Active,Full-Time,Zone B,Part-Time,Admin Offices,Safety,Manager,Female,33234,White,Divorced,Fully Meets,3,1349,1,2,3,Technical Skills,Internal,Incomplete
923,04-03-2022,active,MSC,Active,Part-Time,Zone B,Temporary,Admin Offices,Field Operations,Laborer,Female,45030,Black,Divorced,Fully Meets,3,1350,3,4,5,Leadership Development,Internal,Incomplete
924,28-03-2021,active,TNS,Active,Contract,Zone C,Part-Time,Admin Offices,Field Operations,Tower Hand,Male,38846,White,Divorced,Fully Meets,3,1351,4,1,5,Project Management,Internal,Passed
925,08-08-2018,01-Jun-23,PYZ,Active,Contract,Zone B,Full-Time,Admin Offices,Field Operations,Technician,Male,43568,Other,Divorced,Fully Meets,3,1352,4,2,1,Communication Skills,External,Completed
926,15-09-2020,06-Jan-22,WBL,Active,Part-Time,Zone A,Temporary,IT/IS,Field Operations,Supervisor,Male,48891,White,Single,Fully Meets,3,1353,5,1,5,Communication Skills,Internal,Incomplete
927,28-10-2020,27-Feb-22,WBL,Active,Full-Time,Zone C,Full-Time,Software Engineering,Field Operations,Top Hand,Female,79778,Black,Widowed,Fully Meets,3,1354,4,4,2,Communication Skills,External,Failed
928,16-06-2021,23-Nov-21,SVG,Active,Full-Time,Zone B,Temporary,Admin Offices,General - Con,Coordinator,Female,79459,Hispanic,Single,Fully Meets,3,1355,2,2,3,Project Management,Internal,Completed
929,20-03-2023,21-Jun-23,EW,Active,Part-Time,Zone A,Temporary,Admin Offices,Engineers,Engineer,Female,93230,Hispanic,Married,Fully Meets,3,1356,1,1,1,Technical Skills,Internal,Incomplete
930,07-09-2018,16-Jul-21,MSC,Active,Full-Time,Zone C,Temporary,Admin Offices,Engineers,Principal,Male,74550,Black,Divorced,Fully Meets,3,1357,1,4,3,Project Management,External,Incomplete
931,08-11-2018,28-Oct-22,TNS,Active,Part-Time,Zone B,Full-Time,Admin Offices,Field Operations,Laborer,Male,1706,Black,Married,Fully Meets,3,1358,1,2,5,Communication Skills,Internal,Completed
932,26-01-2019,active,BPC,Active,Full-Time,Zone A,Part-Time,Admin Offices,Catv,Foreman,Male,50894,Asian,Married,Fully Meets,3,1359,4,5,1,Customer Service,External,Incomplete
933,30-08-2021,active,CCDR,Active,Contract,Zone B,Full-Time,IT/IS,Field Operations,Technician,Male,27367,Asian,Divorced,PIP,3,1360,5,2,1,Leadership Development,Internal,Passed
934,08-03-2023,30-Mar-23,BPC,Active,Full-Time,Zone A,Full-Time,Admin Offices,Aerial,Supervisor,Female,18484,Black,Married,Exceeds,3,1361,1,3,2,Project Management,Internal,Failed
935,10-11-2019,03-Dec-20,SVG,Active,Full-Time,Zone C,Part-Time,Admin Offices,General - Con,Technician,Female,36283,Asian,Widowed,Exceeds,3,1362,5,2,5,Customer Service,Internal,Passed
936,28-07-2023,active,EW,Active,Full-Time,Zone A,Full-Time,Admin Offices,General - Con,Laborer,Female,82125,Asian,Divorced,PIP,3,1363,5,2,2,Project Management,Internal,Completed
937,03-04-2019,05-Aug-19,MSC,Active,Contract,Zone C,Temporary,Admin Offices,Finance & Accounting,Administration,Male,32101,White,Divorced,Exceeds,3,1364,2,2,4,Project Management,External,Incomplete
938,24-07-2019,active,TNS,Active,Contract,Zone C,Part-Time,Admin Offices,Field Operations,Lineman,Male,64340,Hispanic,Widowed,Exceeds,3,1365,5,1,2,Leadership Development,External,Incomplete
939,29-04-2022,11-Dec-22,PYZ,Active,Contract,Zone B,Temporary,IT/IS,General - Con,Laborer,Male,14151,Black,Single,Exceeds,3,1366,1,4,2,Technical Skills,Internal,Completed
940,06-10-2020,active,WBL,Active,Part-Time,Zone B,Temporary,IT/IS,Executive,Coordinator,Female,61754,White,Divorced,Exceeds,3,1367,1,4,3,Project Management,External,Incomplete
941,04-04-2020,active,PYZ,Active,Part-Time,Zone C,Temporary,Admin Offices,General - Sga,Estimator,Female,24157,White,Widowed,Exceeds,3,1368,2,2,2,Project Management,Internal,Incomplete
942,26-03-2021,active,CCDR,Active,Contract,Zone C,Full-Time,Sales,Aerial,Foreman,Female,6564,Black,Married,Exceeds,3,1369,2,4,3,Communication Skills,External,Incomplete
943,19-05-2022,active,SVG,Active,Part-Time,Zone A,Temporary,Admin Offices,General - Con,Locator,Female,55619,Black,Married,Exceeds,3,1370,1,2,1,Leadership Development,Internal,Incomplete
944,28-08-2021,16-Oct-21,EW,Active,Contract,Zone A,Part-Time,Admin Offices,Field Operations,Technician,Female,26844,Black,Married,Exceeds,3,1371,1,1,2,Leadership Development,External,Passed
945,24-11-2022,active,MSC,Active,Contract,Zone A,Full-Time,Admin Offices,Aerial,Foreman,Male,34610,White,Single,Exceeds,3,1372,3,1,4,Customer Service,Internal,Passed
946,12-01-2022,11-Nov-22,TNS,Active,Contract,Zone A,Part-Time,Admin Offices,Field Operations,Laborer,Male,20630,Other,Divorced,Exceeds,3,1373,1,2,5,Leadership Development,External,Failed
947,07-07-2019,active,PYZ,Active,Part-Time,Zone B,Temporary,IT/IS,Aerial,Foreman,Female,78109,White,Married,Exceeds,3,1374,5,5,4,Customer Service,Internal,Completed
948,14-07-2021,active,PYZ,Active,Contract,Zone B,Full-Time,Admin Offices,Technology / It,Intern,Female,1498,Asian,Divorced,Exceeds,3,1375,1,3,2,Technical Skills,External,Passed
949,03-12-2019,10-Feb-22,CCDR,Active,Full-Time,Zone B,Temporary,Sales,Field Operations,Supervisor,Female,30890,Other,Single,Exceeds,3,1376,4,3,5,Customer Service,External,Completed
950,03-03-2021,10-Jul-21,SVG,Active,Part-Time,Zone A,Full-Time,Admin Offices,General - Con,Technician,Female,67773,White,Divorced,Exceeds,3,1377,5,5,4,Communication Skills,Internal,Completed
951,13-06-2022,active,EW,Active,Full-Time,Zone C,Part-Time,Admin Offices,Fielders,Engineer,Female,12640,White,Married,PIP,3,1378,1,4,5,Communication Skills,External,Failed
952,23-01-2023,active,MSC,Active,Part-Time,Zone A,Temporary,Admin Offices,General - Sga,Supervisor,Male,64384,White,Widowed,Exceeds,3,1379,5,2,5,Communication Skills,Internal,Passed
953,06-09-2020,active,TNS,Active,Part-Time,Zone A,Temporary,Admin Offices,Field Operations,Laborer,Male,3676,Hispanic,Single,Exceeds,3,1380,1,1,2,Communication Skills,External,Failed
954,17-10-2022,active,PYZ,Active,Full-Time,Zone A,Temporary,IT/IS,Aerial,Foreman,Female,71974,Other,Single,PIP,3,1381,2,2,1,Leadership Development,Internal,Failed
955,07-06-2019,active,TNS,Active,Full-Time,Zone B,Part-Time,Admin Offices,Field Operations,Supervisor,Female,27614,White,Widowed,Exceeds,3,1382,2,1,1,Communication Skills,Internal,Passed
956,28-01-2022,16-Sep-22,BPC,Active,Contract,Zone C,Part-Time,Admin Offices,General - Con,Technician,Female,88549,Hispanic,Divorced,Exceeds,3,1383,4,1,5,Customer Service,Internal,Completed
957,01-07-2020,05-Mar-21,CCDR,Active,Part-Time,Zone B,Full-Time,Admin Offices,Field Operations,Groundman,Female,14083,Other,Single,PIP,3,1384,2,3,4,Leadership Development,Internal,Passed
958,30-05-2020,active,SVG,Active,Full-Time,Zone C,Part-Time,Admin Offices,Field Operations,Laborer,Female,37965,Hispanic,Divorced,PIP,3,1385,3,1,3,Communication Skills,Internal,Passed
959,05-10-2019,04-Feb-23,EW,Active,Contract,Zone C,Full-Time,Admin Offices,General - Con,Technician,Female,13405,White,Married,Exceeds,3,1386,2,4,5,Technical Skills,External,Passed
960,06-11-2021,20-Apr-23,MSC,Active,Contract,Zone B,Full-Time,Admin Offices,General - Con,Laborer,Male,63614,Hispanic,Divorced,PIP,3,1387,5,1,2,Communication Skills,External,Incomplete
961,09-05-2019,07-May-20,TNS,Active,Part-Time,Zone B,Full-Time,Admin Offices,Field Operations,Construction Manager,Female,31721,Black,Single,Exceeds,3,1388,5,2,4,Communication Skills,External,Completed
962,28-10-2019,active,NEL,Active,Part-Time,Zone A,Full-Time,Production       ,Isp,Manager,Male,2128,Hispanic,Widowed,Exceeds,3,1389,4,4,3,Communication Skills,External,Incomplete
963,11-01-2019,active,SVG,Active,Contract,Zone C,Part-Time,Production       ,General - Con,Lineman,Male,2108,Asian,Married,Exceeds,3,1390,2,3,4,Communication Skills,External,Completed
964,02-04-2020,active,MSC,Active,Contract,Zone A,Temporary,Production       ,Wireless,Supervisor,Female,2093,Other,Single,Needs Improvement,3,1391,4,1,1,Leadership Development,External,Completed
965,07-06-2019,15-Aug-19,PL,Active,Part-Time,Zone A,Part-Time,Production       ,Field Operations,Operator,Female,2093,Hispanic,Widowed,Exceeds,3,1392,4,4,3,Leadership Development,External,Completed
966,22-11-2021,23-Nov-22,SVG,Active,Part-Time,Zone C,Part-Time,Production       ,General - Con,Flagger,Female,1775,Other,Single,Exceeds,3,1393,4,4,4,Technical Skills,External,Failed
967,19-01-2019,active,NEL,Active,Full-Time,Zone A,Part-Time,Production       ,Field Operations,Laborer,Male,2134,Black,Married,Exceeds,3,1394,1,2,2,Leadership Development,Internal,Passed
968,17-12-2021,26-Dec-21,SVG,Terminated,Full-Time,Zone C,Part-Time,Production       ,General - Con,Laborer,Male,2045,Black,Divorced,Exceeds,3,1395,4,1,2,Communication Skills,Internal,Failed
969,04-05-2019,15-Feb-21,SVG,Active,Part-Time,Zone A,Full-Time,Production       ,General - Eng,Engineer,Female,1810,Hispanic,Married,Exceeds,3,1396,2,1,3,Communication Skills,Internal,Completed
970,25-12-2018,11-Mar-19,MSC,Active,Contract,Zone A,Part-Time,Production       ,General - Con,Laborer,Male,1801,Other,Single,Exceeds,3,1397,3,2,3,Customer Service,Internal,Incomplete
971,03-01-2021,08-Mar-23,PYZ,Active,Part-Time,Zone C,Full-Time,Production       ,Splicing,Runner,Female,2451,White,Single,Needs Improvement,3,1398,1,1,1,Communication Skills,External,Passed
972,15-06-2023,active,BPC,Active,Part-Time,Zone C,Full-Time,Production       ,General - Con,Foreman,Female,2031,Other,Widowed,Needs Improvement,3,1399,1,4,4,Customer Service,Internal,Incomplete
973,29-08-2018,09-Feb-23,NEL,Active,Full-Time,Zone B,Full-Time,Production       ,Field Operations,Laborer,Female,2128,White,Divorced,Exceeds,3,1400,2,3,3,Communication Skills,Internal,Failed
974,04-01-2019,active,PL,Active,Contract,Zone B,Part-Time,Production       ,Splicing,Lineman,Male,2451,White,Single,Exceeds,3,1401,2,5,3,Communication Skills,Internal,Incomplete
975,10-09-2021,active,MSC,Active,Full-Time,Zone B,Full-Time,Production       ,General - Sga,Technician,Female,1902,White,Divorced,Exceeds,3,1402,2,4,4,Communication Skills,External,Passed
976,08-07-2021,active,SVG,Active,Full-Time,Zone B,Temporary,Production       ,Field Operations,Technician,Female,2351,White,Widowed,Exceeds,3,1403,1,3,2,Technical Skills,Internal,Failed
977,01-11-2018,29-Apr-21,BPC,Terminated,Contract,Zone B,Part-Time,Production       ,Finance & Accounting,Manager,Male,2472,Hispanic,Single,Exceeds,3,1404,1,2,2,Project Management,Internal,Completed
978,08-12-2018,11-Jun-22,PL,Active,Part-Time,Zone A,Temporary,Production       ,Field Operations,Construction Manager,Female,2050,Other,Single,Exceeds,3,1405,3,3,3,Customer Service,External,Completed
979,25-10-2022,active,PYZ,Active,Part-Time,Zone A,Full-Time,Production       ,General - Con,Flagger,Female,1752,Asian,Single,Exceeds,3,1406,4,1,5,Technical Skills,Internal,Incomplete
980,04-04-2023,active,TNS,Active,Full-Time,Zone B,Temporary,Production       ,General - Sga,Administrative,Male,1730,Hispanic,Married,Exceeds,3,1407,3,3,1,Communication Skills,External,Completed
981,17-03-2021,active,PL,Active,Contract,Zone B,Part-Time,Production       ,Field Operations,Supervisor,Female,2155,Other,Single,Exceeds,3,1408,3,3,3,Communication Skills,Internal,Passed
982,11-03-2019,06-Sep-21,MSC,Terminated,Full-Time,Zone A,Part-Time,Production       ,General - Con,Technician,Female,2458,Other,Widowed,Exceeds,3,1409,2,2,1,Customer Service,Internal,Passed
983,25-02-2022,28-Apr-23,SVG,Active,Contract,Zone C,Temporary,Production       ,Wireline Construction,Laborer,Female,26720,White,Widowed,Exceeds,3,1410,2,2,4,Project Management,External,Completed
984,02-07-2019,active,EW,Active,Part-Time,Zone C,Part-Time,Production       ,Aerial,Foreman,Female,78612,Hispanic,Married,Exceeds,3,1411,5,4,5,Technical Skills,External,Incomplete
985,20-06-2019,active,MSC,Active,Part-Time,Zone B,Full-Time,Production       ,Field Operations,Warehouse Technician,Female,75935,White,Widowed,Exceeds,3,1412,4,3,5,Project Management,External,Incomplete
986,27-09-2019,08-Feb-23,TNS,Active,Part-Time,Zone A,Full-Time,Production       ,Finance & Accounting,Accounting,Male,51599,Black,Widowed,Needs Improvement,3,1413,4,3,2,Technical Skills,Internal,Completed
987,15-11-2022,26-Jul-23,BPC,Active,Contract,Zone C,Full-Time,Production       ,Aerial,Labor,Male,95839,Asian,Married,Exceeds,3,1414,1,4,4,Customer Service,Internal,Failed
988,22-08-2020,active,CCDR,Active,Part-Time,Zone A,Part-Time,Production       ,Field Operations,Tower Hand,Male,93199,Asian,Divorced,Exceeds,3,1415,2,2,1,Customer Service,Internal,Incomplete
989,09-04-2020,active,EW,Active,Part-Time,Zone B,Full-Time,Production       ,Field Operations,Flagger,Male,39796,Asian,Widowed,Exceeds,3,1416,5,4,3,Customer Service,External,Passed
990,30-03-2021,active,MSC,Active,Full-Time,Zone C,Part-Time,Production       ,Aerial,Supervisor,Female,10875,Other,Single,Exceeds,3,1417,3,5,2,Project Management,Internal,Passed
991,26-09-2018,active,NEL,Active,Part-Time,Zone C,Temporary,Production       ,Wireline Construction,Project Manager,Female,33720,Other,Married,Needs Improvement,3,1418,2,1,3,Project Management,External,Failed
992,22-05-2023,active,PL,Active,Contract,Zone C,Full-Time,Production       ,Field Operations,Laborer,Female,50647,Other,Divorced,Exceeds,3,1419,4,2,1,Leadership Development,Internal,Passed
993,04-06-2021,active,PYZ,Active,Contract,Zone B,Temporary,Production       ,Project Management - Con,Project Manager,Female,33776,White,Divorced,Exceeds,3,1420,1,2,4,Communication Skills,Internal,Completed
994,22-10-2019,25-Jul-23,SVG,Active,Contract,Zone C,Full-Time,Production       ,General - Con,Administration,Female,24552,Other,Married,Exceeds,3,1421,3,5,5,Customer Service,Internal,Completed
995,04-10-2019,18-Oct-20,TNS,Active,Full-Time,Zone B,Full-Time,Production       ,Technology / It,Technician,Female,6933,Hispanic,Divorced,Needs Improvement,3,1422,1,5,2,Technical Skills,Internal,Failed
996,25-06-2022,active,WBL,Active,Full-Time,Zone A,Full-Time,Production       ,Aerial,Laborer,Female,3012,White,Single,Needs Improvement,3,1423,2,5,5,Communication Skills,Internal,Passed
997,17-11-2021,03-Aug-22,BPC,Active,Full-Time,Zone B,Part-Time,Production       ,General - Con,Laborer,Female,60993,Asian,Married,Needs Improvement,3,1424,4,4,5,Technical Skills,External,Incomplete
998,04-08-2019,active,CCDR,Active,Part-Time,Zone B,Full-Time,Production       ,Field Operations,Technician,Female,10504,Black,Single,Needs Improvement,3,1425,2,3,1,Technical Skills,Internal,Failed
999,08-03-2022,12-Nov-22,EW,Terminated,Full-Time,Zone A,Full-Time,Production       ,General - Con,Technician,Female,11397,Hispanic,Widowed,Exceeds,3,1426,4,5,5,Project Management,External,Completed
1000,22-02-2019,active,CCDR,Active,Full-Time,Zone A,Part-Time,Production       ,Engineers,Project Manager,Male,96208,Asian,Divorced,Needs Improvement,3,1427,1,2,3,Project Management,External,Passed
1001,08-12-2022,active,SVG,Active,Full-Time,Zone C,Part-Time,Production       ,Executive,Director,Male,76607,White,Divorced,Exceeds,3,1428,3,5,2,Technical Skills,Internal,Failed
1002,22-11-2019,12-Mar-22,EW,Terminated,Contract,Zone B,Temporary,Production       ,Field Operations,Technician,Female,6668,Hispanic,Divorced,Exceeds,3,1429,1,4,3,Communication Skills,External,Failed
1003,13-02-2023,03-Mar-23,MSC,Terminated,Part-Time,Zone A,Temporary,Production       ,Yard (Material Handling),Shop,Female,36785,Asian,Single,Needs Improvement,3,1430,2,2,2,Leadership Development,External,Passed
1004,15-03-2019,active,TNS,Active,Full-Time,Zone B,Full-Time,Production       ,Field Operations,Laborer,Female,16451,Black,Widowed,Exceeds,3,1431,2,1,1,Technical Skills,External,Failed
1005,18-07-2019,active,PYZ,Active,Contract,Zone A,Part-Time,Production       ,Project Management - Con,Administration,Male,96784,White,Married,Exceeds,3,1432,4,3,4,Communication Skills,Internal,Completed
1006,09-04-2021,28-Nov-21,SVG,Active,Part-Time,Zone C,Part-Time,Production       ,General - Con,Clerk,Female,40314,White,Widowed,Needs Improvement,3,1433,5,1,3,Customer Service,Internal,Passed
1007,30-12-2018,30-Mar-23,EW,Active,Part-Time,Zone C,Part-Time,Production       ,Splicing,Splicer,Female,88408,White,Divorced,Exceeds,3,1434,1,2,3,Project Management,External,Incomplete
1008,30-07-2021,active,MSC,Active,Contract,Zone C,Temporary,Production       ,Field Operations,Laborer,Female,70770,Hispanic,Single,Exceeds,3,1435,4,2,3,Leadership Development,Internal,Passed
1009,28-10-2022,active,TNS,Active,Full-Time,Zone C,Temporary,Production       ,Field Operations,Laborer,Male,35871,Hispanic,Married,Needs Improvement,3,1436,1,2,2,Technical Skills,Internal,Incomplete
1010,29-10-2020,active,PYZ,Active,Contract,Zone C,Temporary,Production       ,Project Management - Con,Manager,Male,13357,Asian,Single,Exceeds,3,1437,4,5,5,Leadership Development,External,Passed
1011,17-03-2023,22-Mar-23,WBL,Active,Contract,Zone B,Part-Time,Production       ,Field Operations,Foreman,Male,51453,Asian,Married,Exceeds,3,1438,1,4,1,Customer Service,External,Passed
1012,20-07-2022,26-Apr-23,NEL,Active,Full-Time,Zone A,Temporary,Production       ,General - Con,Laborer,Female,76246,Asian,Widowed,Needs Improvement,3,1439,3,1,3,Communication Skills,Internal,Completed
1013,04-08-2023,active,PL,Active,Part-Time,Zone A,Temporary,Production       ,Field Operations,Driver,Female,57866,Hispanic,Single,Needs Improvement,3,1440,3,1,4,Communication Skills,External,Failed
1014,26-11-2021,23-Sep-22,BPC,Active,Contract,Zone A,Temporary,Production       ,Field Operations,Laborer,Female,69720,Hispanic,Married,Needs Improvement,3,1441,1,1,5,Customer Service,Internal,Incomplete
1015,27-09-2018,active,CCDR,Active,Full-Time,Zone A,Temporary,Production       ,Safety,Safety,Female,31956,Black,Single,Needs Improvement,3,1442,2,4,2,Technical Skills,External,Incomplete
1016,04-08-2019,active,SVG,Active,Contract,Zone C,Part-Time,Production       ,Field Operations,Technician,Female,96317,White,Divorced,Needs Improvement,3,1443,5,2,3,Leadership Development,Internal,Failed
1017,03-10-2019,active,EW,Active,Contract,Zone C,Part-Time,Production       ,General - Con,Laborer,Female,78331,White,Divorced,Needs Improvement,3,1444,5,5,3,Leadership Development,External,Incomplete
1018,05-09-2021,29-Sep-22,MSC,Active,Part-Time,Zone C,Part-Time,Production       ,Aerial,Labor,Female,89203,White,Married,Exceeds,3,1445,2,2,4,Communication Skills,Internal,Passed
1019,21-07-2020,28-Feb-23,TNS,Active,Full-Time,Zone B,Temporary,Production       ,Aerial,Driver,Female,68233,White,Married,Exceeds,3,1446,1,1,5,Communication Skills,Internal,Passed
1020,12-12-2022,26-Jun-23,PYZ,Active,Full-Time,Zone C,Part-Time,Production       ,Field Operations,Supervisor,Female,24188,Black,Single,Exceeds,3,1447,4,4,1,Technical Skills,External,Completed
1021,13-09-2020,active,WBL,Active,Part-Time,Zone A,Part-Time,Production       ,General - Con,Technician,Female,72868,Other,Single,Needs Improvement,3,1448,1,1,3,Leadership Development,Internal,Failed
1022,15-11-2022,active,PL,Active,Part-Time,Zone B,Temporary,Production       ,General - Sga,Administrator,Male,82061,Other,Divorced,Needs Improvement,3,1449,4,2,2,Customer Service,Internal,Passed
1023,07-02-2020,20-Apr-22,PYZ,Terminated,Full-Time,Zone C,Temporary,Production       ,Field Operations,Manager,Male,19127,White,Single,Needs Improvement,3,1450,5,1,2,Project Management,Internal,Incomplete
1024,31-12-2022,active,SVG,Active,Part-Time,Zone A,Part-Time,Production       ,Splicing,Technician,Female,26670,Hispanic,Widowed,Needs Improvement,3,1451,4,3,4,Communication Skills,External,Completed
1025,26-03-2019,active,TNS,Active,Full-Time,Zone B,Full-Time,Production       ,Field Operations,Driver,Female,86883,White,Single,Needs Improvement,3,1452,4,4,5,Technical Skills,Internal,Passed
1026,22-03-2023,active,WBL,Active,Full-Time,Zone C,Temporary,Production       ,Engineers,Engineer,Male,83496,Black,Single,Needs Improvement,3,1453,1,5,1,Technical Skills,Internal,Passed
1027,23-12-2022,25-Dec-22,WBL,Terminated,Full-Time,Zone C,Temporary,Production       ,General - Con,Lineman,Male,5270,Hispanic,Married,Needs Improvement,3,1454,2,2,1,Customer Service,External,Completed
1028,27-12-2019,active,PL,Active,Contract,Zone C,Full-Time,Production       ,General - Sga,Administrator,Female,18041,Other,Widowed,Needs Improvement,3,1455,2,2,4,Leadership Development,Internal,Passed
1029,25-06-2019,09-Jul-19,PYZ,Active,Full-Time,Zone B,Full-Time,Production       ,Engineers,Engineer,Female,55931,Hispanic,Married,Exceeds,3,1456,2,1,5,Customer Service,External,Incomplete
1030,23-11-2018,active,SVG,Active,Contract,Zone A,Part-Time,Production       ,Field Operations,Driller,Female,84889,Other,Married,Exceeds,3,1457,2,1,1,Project Management,External,Passed
1031,17-01-2021,active,TNS,Active,Full-Time,Zone A,Part-Time,Production       ,Wireline Construction,Foreman,Female,20292,Hispanic,Single,Exceeds,3,1458,2,2,4,Technical Skills,External,Incomplete
1032,08-09-2021,active,WBL,Active,Contract,Zone C,Temporary,Production       ,Engineers,Technician,Male,46927,Black,Single,Exceeds,3,1459,5,2,5,Project Management,Internal,Failed
1033,24-02-2021,18-Jun-22,BPC,Active,Full-Time,Zone A,Temporary,Production       ,Wireline Construction,Foreman,Male,14170,Other,Divorced,Exceeds,3,1460,2,3,1,Customer Service,Internal,Incomplete
1034,12-04-2019,28-Sep-20,CCDR,Active,Full-Time,Zone C,Full-Time,Production       ,Project Management - Con,Technician,Female,82370,Asian,Widowed,Exceeds,3,1461,1,1,2,Communication Skills,Internal,Passed
1035,13-07-2023,active,EW,Active,Contract,Zone C,Temporary,Production       ,Fielders,Engineer,Female,83401,Other,Widowed,Exceeds,3,1462,4,5,5,Leadership Development,External,Completed
1036,05-10-2020,active,MSC,Active,Contract,Zone C,Temporary,Production       ,Field Operations,Technician,Female,28372,Hispanic,Divorced,Exceeds,3,1463,5,4,5,Customer Service,Internal,Completed
1037,27-01-2019,active,NEL,Active,Part-Time,Zone C,Full-Time,Production       ,General - Sga,Supervisor,Female,7304,Asian,Married,Exceeds,3,1464,2,5,1,Customer Service,Internal,Completed
1038,17-12-2020,20-Nov-21,PL,Active,Part-Time,Zone A,Full-Time,Production       ,Technology / It,Analyst,Female,7717,Other,Single,Exceeds,3,1465,1,1,3,Leadership Development,External,Incomplete
1039,04-03-2021,active,PYZ,Active,Full-Time,Zone A,Temporary,Production       ,Billable Consultants,Engineer,Female,50559,White,Widowed,Exceeds,3,1466,1,4,5,Project Management,External,Completed
1040,30-03-2023,active,SVG,Active,Full-Time,Zone A,Temporary,Production       ,People Services,Generalist,Female,18652,Black,Married,Fully Meets,3,1467,3,4,2,Technical Skills,External,Completed
1041,27-12-2018,active,TNS,Active,Contract,Zone A,Part-Time,Production       ,Field Operations,Laborer,Female,24605,Hispanic,Divorced,Exceeds,3,1468,3,1,3,Leadership Development,Internal,Passed
1042,20-09-2021,active,WBL,Active,Full-Time,Zone B,Temporary,Production       ,Field Operations,Lineman,Female,59499,Asian,Married,Exceeds,3,1469,4,2,4,Leadership Development,External,Incomplete
1043,08-02-2023,active,BPC,Active,Part-Time,Zone B,Part-Time,Production       ,General - Sga,Administrator,Female,62387,Asian,Married,Exceeds,3,1470,1,4,1,Communication Skills,External,Failed
1044,16-10-2019,12-Jan-22,CCDR,Terminated,Full-Time,Zone B,Part-Time,Production       ,Field Operations,Lineman,Male,4589,White,Divorced,Exceeds,3,1471,3,4,2,Technical Skills,Internal,Completed
1045,31-08-2021,active,SVG,Active,Contract,Zone C,Full-Time,Production       ,Project Management - Con,Field Project Manager,Male,46068,Other,Single,Exceeds,3,1472,2,4,1,Project Management,Internal,Passed
1046,25-09-2020,active,EW,Active,Contract,Zone B,Full-Time,Production       ,Field Operations,Laborer,Female,24519,Black,Divorced,Exceeds,3,1473,5,2,1,Leadership Development,External,Passed
1047,01-02-2023,03-Feb-23,MSC,Terminated,Full-Time,Zone C,Part-Time,Production       ,Engineers,Engineer,Female,46511,Hispanic,Married,Exceeds,3,1474,2,1,3,Project Management,External,Failed
1048,17-01-2023,21-May-23,TNS,Active,Full-Time,Zone A,Temporary,Production       ,Wireline Construction,Laborer,Male,86113,Other,Married,Exceeds,3,1475,2,3,3,Technical Skills,Internal,Passed
1049,07-12-2019,02-Sep-20,PYZ,Terminated,Contract,Zone C,Part-Time,Production       ,Field Operations,Foreman,Male,16157,Other,Divorced,PIP,3,1476,1,4,1,Technical Skills,External,Completed
1050,21-11-2018,11-Jan-22,CCDR,Active,Contract,Zone B,Full-Time,Production       ,Wireline Construction,Laborer,Female,75398,Asian,Married,Exceeds,3,1477,5,5,3,Technical Skills,External,Failed
1051,15-02-2021,18-Jul-23,SVG,Active,Part-Time,Zone B,Part-Time,Production       ,Field Operations,Locator,Female,35244,Other,Divorced,Exceeds,3,1478,1,1,3,Leadership Development,External,Failed
1052,06-01-2021,active,EW,Active,Part-Time,Zone B,Full-Time,Production       ,Project Management - Con,Coordinator,Female,31819,White,Married,Exceeds,3,1479,3,4,2,Project Management,Internal,Failed
1053,18-01-2019,active,MSC,Active,Part-Time,Zone B,Part-Time,Production       ,Shop (Fleet),Mechanic,Male,77316,Black,Married,Needs Improvement,3,1480,5,1,4,Leadership Development,External,Failed
1054,15-03-2023,active,TNS,Active,Full-Time,Zone A,Part-Time,Production       ,Field Operations,Technician,Male,71882,Asian,Single,Exceeds,3,1481,3,5,3,Communication Skills,Internal,Completed
1055,11-11-2019,active,PYZ,Active,Contract,Zone C,Temporary,Production       ,Finance & Accounting,Vp,Female,81260,Asian,Widowed,Exceeds,3,1482,1,1,1,Customer Service,Internal,Completed
1056,21-08-2022,20-Jan-23,WBL,Active,Full-Time,Zone A,Full-Time,Production       ,Shop (Fleet),Shop,Female,74813,Hispanic,Single,Exceeds,3,1483,3,5,4,Communication Skills,External,Incomplete
1057,05-05-2020,active,NEL,Active,Full-Time,Zone B,Full-Time,Production       ,General - Con,Laborer,Female,43208,Hispanic,Married,Exceeds,3,1484,5,2,1,Communication Skills,External,Incomplete
1058,05-03-2021,02-Apr-23,PL,Active,Contract,Zone A,Part-Time,Production       ,Aerial,Laborer,Female,92712,Asian,Married,Exceeds,3,1485,1,2,1,Leadership Development,External,Completed
1059,07-03-2019,active,BPC,Active,Part-Time,Zone A,Full-Time,Production       ,Engineers,Engineer,Female,53726,Hispanic,Divorced,Fully Meets,3,1486,5,5,2,Customer Service,Internal,Incomplete
1060,08-05-2022,27-Mar-23,CCDR,Active,Full-Time,Zone B,Part-Time,Production       ,General - Con,Operator,Female,31742,Asian,Widowed,Fully Meets,3,1487,4,4,2,Customer Service,External,Failed
1061,21-08-2020,30-May-22,SVG,Active,Part-Time,Zone A,Full-Time,Production       ,Engineers,Project Manager,Female,7547,Hispanic,Single,Fully Meets,3,1488,2,2,4,Technical Skills,Internal,Incomplete
1062,01-12-2020,active,EW,Active,Contract,Zone A,Part-Time,Production       ,Fielders,Technician,Female,42750,White,Widowed,Fully Meets,3,1489,3,5,2,Leadership Development,External,Completed
1063,13-08-2019,active,MSC,Active,Contract,Zone A,Temporary,Production       ,Engineers,Director,Female,40934,White,Widowed,Needs Improvement,3,1490,2,3,4,Communication Skills,External,Incomplete
1064,09-03-2020,active,TNS,Active,Part-Time,Zone C,Temporary,Production       ,Project Management - Con,Manager,Female,4664,Hispanic,Married,Exceeds,3,1491,1,3,3,Technical Skills,External,Failed
1065,06-05-2020,active,CCDR,Active,Full-Time,Zone B,Temporary,Production       ,Engineers,Engineer,Male,73153,Other,Divorced,Exceeds,3,1492,4,5,2,Customer Service,Internal,Failed
1066,03-08-2022,active,SVG,Active,Full-Time,Zone B,Temporary,Production       ,Field Operations,Laborer,Male,57107,Black,Married,Fully Meets,3,1493,2,2,4,Communication Skills,Internal,Incomplete
1067,13-10-2018,04-Dec-19,EW,Terminated,Contract,Zone B,Full-Time,Production       ,Splicing,Coordinator,Female,18325,Hispanic,Divorced,Fully Meets,3,1494,5,5,5,Customer Service,External,Passed
1068,04-07-2021,active,MSC,Active,Part-Time,Zone A,Temporary,Production       ,General - Con,Laborer,Male,38175,Hispanic,Single,Fully Meets,3,1495,3,3,4,Customer Service,Internal,Completed
1069,30-04-2019,04-May-20,TNS,Active,Part-Time,Zone A,Full-Time,Production       ,Splicing,Technician,Male,27412,White,Widowed,Fully Meets,3,1496,2,3,3,Customer Service,External,Completed
1070,03-11-2020,active,PYZ,Active,Contract,Zone C,Temporary,Production       ,Engineers,Drafter,Male,26808,Black,Widowed,Needs Improvement,3,1497,5,4,5,Technical Skills,External,Completed
1071,15-08-2022,20-Aug-22,BPC,Active,Full-Time,Zone B,Part-Time,Production       ,Engineers,Director,Female,43193,Black,Married,Exceeds,3,1498,1,5,3,Project Management,Internal,Passed
1072,26-02-2022,16-Oct-22,CCDR,Active,Contract,Zone A,Full-Time,Production       ,General - Con,Operator,Female,94816,Other,Married,Fully Meets,3,1499,4,2,3,Customer Service,External,Incomplete
1073,13-05-2019,active,SVG,Active,Part-Time,Zone B,Part-Time,Production       ,Field Operations,Tower Hand,Female,92438,Hispanic,Divorced,Fully Meets,3,1500,1,4,4,Technical Skills,Internal,Passed
1074,24-10-2021,03-Oct-22,EW,Active,Contract,Zone A,Part-Time,Production       ,Field Operations,Tower Hand,Male,12961,Hispanic,Widowed,Fully Meets,3,1501,5,4,4,Customer Service,Internal,Completed
1075,10-05-2021,10-Apr-23,MSC,Active,Full-Time,Zone B,Full-Time,Production       ,General - Eng,Administrative,Male,96477,White,Divorced,Fully Meets,3,1502,5,3,5,Technical Skills,Internal,Failed
1076,13-06-2021,20-Jun-21,TNS,Active,Contract,Zone A,Part-Time,Production       ,General - Sga,Business Development,Female,31097,Black,Single,Fully Meets,3,1503,2,2,4,Communication Skills,External,Failed
1077,04-11-2019,28-Jul-21,PYZ,Active,Full-Time,Zone C,Full-Time,Production       ,Engineers,Technician,Female,11962,Other,Married,Needs Improvement,3,1504,5,3,2,Technical Skills,Internal,Failed
1078,29-01-2020,active,WBL,Active,Full-Time,Zone A,Part-Time,Production       ,Wireline Construction,Supervisor,Female,29145,Other,Widowed,Exceeds,3,1505,2,5,4,Leadership Development,Internal,Passed
1079,05-09-2018,08-Sep-20,NEL,Active,Part-Time,Zone B,Part-Time,Production       ,Engineers,Engineer,Female,25033,Hispanic,Single,Exceeds,3,1506,2,3,2,Leadership Development,External,Failed
1080,21-07-2021,active,PL,Active,Full-Time,Zone C,Full-Time,Production       ,General - Sga,Administrator,Female,58830,Black,Widowed,Fully Meets,3,1507,1,2,1,Technical Skills,Internal,Completed
1081,20-05-2023,active,BPC,Active,Part-Time,Zone B,Temporary,Production       ,General - Con,Lineman,Female,64063,White,Single,Fully Meets,3,1508,4,3,2,Customer Service,Internal,Passed
1082,16-05-2022,active,CCDR,Active,Full-Time,Zone C,Full-Time,Production       ,General - Sga,Assistant,Female,92210,Other,Single,Fully Meets,3,1509,5,1,3,Project Management,Internal,Incomplete
1083,15-03-2021,active,SVG,Active,Contract,Zone C,Temporary,Production       ,General - Sga,Technician,Female,79031,Black,Married,Fully Meets,3,1510,2,3,3,Technical Skills,External,Incomplete
1084,26-06-2023,30-Jul-23,EW,Active,Full-Time,Zone C,Full-Time,Production       ,Field Operations,Groundman,Female,47284,Hispanic,Single,Fully Meets,3,1511,2,3,2,Leadership Development,Internal,Failed
1085,11-10-2019,24-Apr-21,MSC,Active,Contract,Zone B,Part-Time,Production       ,Field Operations,Laborer,Female,42058,Asian,Widowed,Fully Meets,3,1512,4,5,2,Project Management,External,Failed
1086,21-12-2019,active,PL,Active,Contract,Zone C,Temporary,Production       ,General - Eng,Engineer,Male,75433,Other,Widowed,Fully Meets,3,1513,5,3,5,Technical Skills,External,Failed
1087,15-07-2022,active,PYZ,Active,Contract,Zone C,Part-Time,Production       ,Splicing,Manager,Male,22316,Hispanic,Widowed,Fully Meets,3,1514,1,3,2,Leadership Development,Internal,Failed
1088,26-09-2018,active,SVG,Active,Full-Time,Zone B,Part-Time,Production       ,General - Con,Laborer,Female,96974,Other,Married,Fully Meets,3,1515,2,3,1,Communication Skills,External,Completed
1089,16-10-2022,active,TNS,Active,Contract,Zone B,Full-Time,Production       ,General - Eng,Manager,Male,46694,Hispanic,Widowed,Fully Meets,3,1516,1,5,3,Communication Skills,Internal,Failed
1090,02-12-2021,25-Apr-22,WBL,Active,Full-Time,Zone C,Part-Time,Production       ,Splicing,Splicer,Male,4704,White,Married,Fully Meets,3,1517,4,5,3,Customer Service,External,Passed
1091,07-03-2019,06-Mar-23,BPC,Terminated,Full-Time,Zone B,Temporary,Production       ,Fielders,Engineer,Male,35960,White,Divorced,Fully Meets,3,1518,4,4,2,Customer Service,Internal,Completed
1092,02-05-2023,26-Jul-23,BPC,Active,Part-Time,Zone B,Full-Time,Production       ,Project Management - Con,Supervisor,Female,76669,Asian,Single,Fully Meets,3,1519,1,3,1,Leadership Development,External,Completed
1093,24-08-2020,26-Feb-23,CCDR,Active,Full-Time,Zone A,Full-Time,Production       ,Sales & Marketing,Vp,Female,34189,White,Divorced,Fully Meets,3,1520,2,2,5,Communication Skills,External,Failed
1094,08-12-2020,07-Sep-21,SVG,Active,Contract,Zone B,Temporary,Production       ,Wireline Construction,Groundman,Male,16162,Black,Single,Needs Improvement,3,1521,4,1,3,Project Management,Internal,Passed
1095,15-02-2021,active,EW,Active,Full-Time,Zone B,Full-Time,Production       ,Field Operations,Operator,Male,49777,Hispanic,Married,Fully Meets,3,1522,3,4,5,Technical Skills,External,Incomplete
1096,15-09-2020,24-Jun-23,MSC,Active,Contract,Zone B,Full-Time,Production       ,People Services,Director,Male,18628,Other,Married,Fully Meets,3,1523,4,4,3,Technical Skills,External,Incomplete
1097,16-03-2023,active,TNS,Active,Full-Time,Zone A,Temporary,Production       ,Engineers,Engineer,Female,5112,Other,Single,Fully Meets,3,1524,4,1,2,Communication Skills,Internal,Completed
1098,14-11-2021,07-Oct-22,BPC,Active,Full-Time,Zone B,Temporary,Production       ,General - Con,Laborer,Female,42288,Asian,Widowed,Needs Improvement,3,1525,2,4,1,Technical Skills,Internal,Incomplete
1099,23-04-2021,active,CCDR,Active,Contract,Zone B,Full-Time,Production       ,Field Operations,Foreman,Female,13579,Other,Divorced,Fully Meets,3,1526,2,3,3,Leadership Development,Internal,Completed
1100,05-06-2022,26-Aug-22,EW,Active,Part-Time,Zone A,Full-Time,Production       ,Engineers,Engineer,Female,39855,Asian,Widowed,Fully Meets,3,1527,1,1,3,Customer Service,External,Incomplete
1101,19-11-2022,active,MSC,Active,Part-Time,Zone A,Part-Time,Production       ,Field Operations,Laborer,Female,47571,Asian,Widowed,Fully Meets,3,1528,5,5,2,Communication Skills,Internal,Incomplete
1102,14-04-2023,active,NEL,Active,Full-Time,Zone C,Part-Time,Production       ,Field Operations,Laborer,Female,90069,Hispanic,Married,Fully Meets,3,1529,3,1,3,Communication Skills,External,Incomplete
1103,13-12-2022,active,PL,Active,Contract,Zone B,Full-Time,Production       ,Field Operations,Top Hand,Female,25072,Other,Single,Fully Meets,3,1530,1,2,3,Project Management,External,Passed
1104,11-03-2023,09-Apr-23,PYZ,Active,Part-Time,Zone A,Full-Time,Production       ,Aerial,Lineman,Female,2315,Asian,Widowed,Fully Meets,3,1531,5,5,3,Leadership Development,Internal,Passed
1105,22-11-2019,18-Feb-20,SVG,Active,Part-Time,Zone B,Full-Time,Production       ,General - Con,Technician,Female,74746,Asian,Divorced,Fully Meets,3,1532,5,2,2,Technical Skills,External,Completed
1106,13-03-2021,19-Nov-21,TNS,Active,Contract,Zone C,Full-Time,Production       ,Aerial,Technician,Female,20157,Black,Widowed,Fully Meets,3,1533,1,3,2,Leadership Development,External,Passed
1107,27-02-2022,active,CCDR,Active,Full-Time,Zone B,Temporary,Production       ,Field Operations,Operator,Male,11719,White,Married,Fully Meets,3,1534,1,1,5,Project Management,External,Failed
1108,08-05-2021,active,SVG,Active,Contract,Zone B,Part-Time,Production       ,General - Con,Foreman,Female,30912,Black,Widowed,Fully Meets,3,1535,4,2,1,Customer Service,Internal,Failed
1109,27-12-2022,active,EW,Active,Contract,Zone C,Part-Time,Production       ,General - Con,Locator,Female,35052,Asian,Single,Fully Meets,3,1536,5,3,5,Communication Skills,Internal,Passed
1110,16-08-2020,active,MSC,Active,Contract,Zone B,Full-Time,Production       ,Project Management - Con,Vp,Male,13235,Hispanic,Divorced,Fully Meets,3,1537,5,2,4,Communication Skills,External,Incomplete
1111,20-01-2023,active,TNS,Active,Contract,Zone B,Full-Time,Production       ,Splicing,Splicer,Male,27010,White,Widowed,Fully Meets,3,1538,2,4,5,Leadership Development,External,Failed
1112,28-12-2020,01-Oct-21,PYZ,Terminated,Part-Time,Zone A,Full-Time,Production       ,Project Management - Con,Laborer,Male,79458,Hispanic,Widowed,Fully Meets,3,1539,4,4,5,Communication Skills,Internal,Passed
1113,18-02-2021,active,BPC,Active,Contract,Zone C,Temporary,Production       ,Technology / It,Cio,Female,62937,Black,Widowed,Fully Meets,3,1540,2,4,2,Communication Skills,Internal,Incomplete
1114,16-01-2021,active,CCDR,Active,Part-Time,Zone C,Full-Time,Production       ,General - Sga,Assistant,Female,7598,Black,Widowed,Fully Meets,3,1541,1,4,1,Communication Skills,Internal,Passed
1115,07-04-2022,active,SVG,Active,Full-Time,Zone A,Temporary,Production       ,Splicing,Construction Manager,Male,26161,White,Married,Fully Meets,3,1542,5,4,4,Leadership Development,External,Incomplete
1116,11-07-2019,04-May-21,EW,Active,Part-Time,Zone A,Part-Time,Production       ,Field Operations,Laborer,Male,43421,Black,Married,Fully Meets,3,1543,4,1,1,Technical Skills,Internal,Incomplete
1117,09-08-2020,06-Nov-22,MSC,Active,Part-Time,Zone C,Temporary,Production       ,General - Eng,Technician,Female,53393,Other,Married,Fully Meets,3,1544,5,1,5,Communication Skills,Internal,Passed
1118,20-09-2018,active,TNS,Active,Contract,Zone A,Part-Time,Production       ,Field Operations,Laborer,Female,33362,Hispanic,Married,Fully Meets,3,1545,2,4,2,Leadership Development,Internal,Passed
1119,21-01-2020,19-May-21,PYZ,Active,Part-Time,Zone B,Part-Time,Production       ,Splicing,Construction Manager,Female,61239,Hispanic,Widowed,Fully Meets,3,1546,3,1,5,Project Management,External,Incomplete
1120,17-02-2022,14-Feb-23,WBL,Active,Contract,Zone B,Temporary,Production       ,Technology / It,Intern,Female,31989,Hispanic,Widowed,Fully Meets,3,1547,4,4,4,Leadership Development,Internal,Incomplete
1121,11-06-2019,active,NEL,Active,Part-Time,Zone A,Full-Time,Production       ,Engineers,Engineer,Male,75761,Asian,Widowed,Needs Improvement,3,1548,1,4,4,Communication Skills,Internal,Passed
1122,05-05-2022,active,PL,Active,Part-Time,Zone C,Full-Time,Production       ,Executive,Executive,Female,25854,Other,Married,Fully Meets,3,1549,2,3,1,Project Management,External,Completed
1123,19-09-2018,12-Aug-20,BPC,Active,Full-Time,Zone A,Temporary,Production       ,Field Operations,Technician,Female,92807,Black,Widowed,Fully Meets,3,1550,2,3,3,Customer Service,External,Failed
1124,01-06-2021,19-Jun-23,CCDR,Active,Contract,Zone B,Full-Time,Production       ,Engineers,Project Manager,Female,5288,Black,Divorced,Fully Meets,3,1551,4,4,2,Project Management,External,Incomplete
1125,05-07-2023,11-Jul-23,SVG,Active,Part-Time,Zone C,Part-Time,Production       ,Wireline Construction,Laborer,Female,66412,Asian,Widowed,Fully Meets,3,1552,3,2,4,Leadership Development,External,Passed
1126,17-12-2022,active,EW,Active,Part-Time,Zone C,Part-Time,Production       ,Field Operations,Technician,Female,20484,Other,Single,Fully Meets,3,1553,3,1,5,Leadership Development,External,Completed
1127,06-07-2021,15-Sep-22,MSC,Active,Full-Time,Zone B,Part-Time,Production       ,Technology / It,Project Manager,Male,73854,White,Widowed,Fully Meets,3,1554,1,3,3,Project Management,Internal,Completed
1128,27-03-2019,active,PL,Active,Part-Time,Zone A,Part-Time,Production       ,Field Operations,Technician,Female,86977,Hispanic,Divorced,Fully Meets,3,1555,5,1,2,Technical Skills,External,Passed
1129,08-05-2023,active,PYZ,Active,Full-Time,Zone B,Temporary,Production       ,Project Management - Con,Manager,Female,40039,Asian,Widowed,Fully Meets,3,1556,4,5,2,Communication Skills,External,Completed
1130,12-12-2018,24-Dec-20,SVG,Terminated,Part-Time,Zone B,Temporary,Production       ,Project Management - Con,Project Manager,Male,25683,Hispanic,Divorced,Fully Meets,3,1557,4,1,2,Customer Service,External,Incomplete
1131,25-08-2020,active,TNS,Active,Part-Time,Zone A,Temporary,Production       ,Field Operations,Project Manager,Male,3170,Black,Married,Fully Meets,3,1558,3,5,2,Leadership Development,External,Passed
1132,22-04-2022,29-Aug-22,WBL,Terminated,Full-Time,Zone B,Full-Time,Production       ,Project Management - Con,Coordinator,Male,32042,Other,Divorced,Fully Meets,3,1559,3,1,3,Project Management,External,Passed
1133,20-12-2021,02-Dec-22,PYZ,Terminated,Full-Time,Zone A,Full-Time,Production       ,General - Con,Model Assistant,Male,52047,Other,Divorced,Fully Meets,3,1560,1,2,4,Technical Skills,External,Completed
1134,12-02-2021,active,PL,Active,Contract,Zone C,Full-Time,Production       ,General - Con,Clerk,Female,88833,Hispanic,Single,Fully Meets,3,1561,5,1,3,Leadership Development,Internal,Incomplete
1135,29-09-2020,19-Oct-21,BPC,Active,Full-Time,Zone B,Temporary,Production       ,General - Sga,Administrator,Female,3211,Black,Single,Fully Meets,3,1562,3,2,1,Leadership Development,Internal,Passed
1136,10-09-2022,09-Feb-23,CCDR,Active,Contract,Zone C,Temporary,Production       ,Field Operations,Engineer,Female,5789,Black,Widowed,Fully Meets,3,1563,1,4,3,Leadership Development,External,Incomplete
1137,11-03-2023,03-Jun-23,SVG,Active,Contract,Zone A,Full-Time,Production       ,General - Con,Technician,Male,14685,Other,Widowed,Exceeds,3,1564,4,1,4,Communication Skills,External,Completed
1138,28-04-2022,12-Mar-23,EW,Active,Full-Time,Zone C,Full-Time,Production       ,Field Operations,Foreman,Male,6954,Asian,Widowed,Fully Meets,3,1565,5,4,5,Customer Service,Internal,Completed
1139,20-03-2022,18-Jun-23,MSC,Active,Full-Time,Zone B,Temporary,Production       ,Yard (Material Handling),Technician,Female,69989,Hispanic,Divorced,Exceeds,3,1566,1,4,1,Communication Skills,Internal,Failed
1140,04-03-2022,29-Jul-22,TNS,Active,Contract,Zone C,Part-Time,Production       ,Field Operations,Manager,Female,19999,Asian,Single,Fully Meets,3,1567,4,2,4,Project Management,External,Failed
1141,01-02-2023,active,PYZ,Active,Part-Time,Zone B,Full-Time,Production       ,Yard (Material Handling),Coordinator,Female,15282,Asian,Divorced,Fully Meets,3,1568,1,2,3,Communication Skills,External,Incomplete
1142,05-02-2021,active,WBL,Active,Part-Time,Zone C,Full-Time,Production       ,Engineers,Engineer,Male,65852,Black,Widowed,Fully Meets,3,1569,1,3,1,Customer Service,Internal,Completed
1143,23-11-2022,26-May-23,NEL,Active,Contract,Zone C,Part-Time,Production       ,General - Con,Laborer,Male,79576,Asian,Single,Fully Meets,3,1570,1,4,5,Project Management,Internal,Passed
1144,24-05-2021,active,PL,Active,Part-Time,Zone A,Full-Time,Production       ,Yard (Material Handling),Specialist,Female,47974,Hispanic,Divorced,Exceeds,3,1571,3,2,4,Project Management,External,Completed
1145,28-09-2021,09-Oct-22,BPC,Active,Part-Time,Zone C,Part-Time,Production       ,Fielders,Engineer,Female,18550,Black,Married,Fully Meets,3,1572,2,4,3,Customer Service,Internal,Completed
1146,17-03-2021,active,CCDR,Active,Contract,Zone A,Part-Time,Production       ,Shop (Fleet),Manager,Female,21985,Other,Widowed,Fully Meets,3,1573,1,1,3,Technical Skills,External,Incomplete
1147,03-07-2023,19-Jul-23,SVG,Active,Full-Time,Zone C,Temporary,Production       ,General - Con,Foreman,Female,17356,Hispanic,Widowed,Fully Meets,3,1574,4,3,2,Communication Skills,Internal,Passed
1148,11-08-2019,10-Jul-21,EW,Active,Contract,Zone A,Temporary,Production       ,Field Operations,Laborer,Female,82586,Asian,Single,Fully Meets,3,1575,2,3,2,Leadership Development,Internal,Incomplete
1149,11-11-2019,29-Sep-20,MSC,Terminated,Full-Time,Zone C,Full-Time,Production       ,Aerial,Lineman,Male,74406,Black,Married,Needs Improvement,3,1576,5,2,3,Communication Skills,Internal,Completed
1150,15-12-2020,active,PL,Active,Full-Time,Zone B,Temporary,Production       ,Finance & Accounting,Cfo,Female,11134,Black,Widowed,Fully Meets,3,1577,5,2,1,Customer Service,External,Failed
1151,06-05-2021,08-Apr-23,PYZ,Terminated,Part-Time,Zone B,Part-Time,Production       ,Field Operations,Tower Hand,Male,71705,Hispanic,Married,Needs Improvement,3,1578,5,5,1,Technical Skills,External,Incomplete
1152,08-07-2021,active,SVG,Active,Part-Time,Zone A,Full-Time,Production       ,General - Con,Foreman,Male,48643,White,Divorced,Fully Meets,3,1579,1,3,1,Communication Skills,Internal,Passed
1153,04-04-2023,active,TNS,Active,Part-Time,Zone A,Full-Time,Production       ,Finance & Accounting,Administration,Male,66491,Asian,Single,Needs Improvement,3,1580,1,1,5,Project Management,Internal,Passed
1154,05-08-2022,30-Jan-23,WBL,Terminated,Full-Time,Zone C,Part-Time,Production       ,General - Con,Foreman,Male,40823,Asian,Single,Fully Meets,3,1581,1,3,5,Project Management,External,Failed
1155,06-04-2020,08-Dec-21,BPC,Terminated,Part-Time,Zone C,Temporary,Production       ,Field Operations,Engineer,Female,95601,Other,Single,Needs Improvement,3,1582,2,1,5,Leadership Development,Internal,Completed
1156,02-03-2023,12-Mar-23,NEL,Terminated,Full-Time,Zone B,Part-Time,Production       ,Project Management - Con,Coordinator,Female,60634,Other,Widowed,Fully Meets,3,1583,3,3,3,Leadership Development,External,Failed
1157,09-04-2020,active,PL,Active,Contract,Zone B,Part-Time,Production       ,Fielders,Engineer,Female,2053,White,Married,Fully Meets,3,1584,4,1,4,Leadership Development,External,Passed
1158,17-09-2022,10-Jul-23,BPC,Active,Part-Time,Zone A,Temporary,Production       ,Splicing,Tester,Female,77910,Black,Single,Fully Meets,3,1585,5,4,4,Technical Skills,External,Incomplete
1159,15-01-2022,active,CCDR,Active,Full-Time,Zone C,Full-Time,Production       ,General - Con,Technician,Female,16737,Hispanic,Widowed,Fully Meets,3,1586,3,3,4,Communication Skills,Internal,Passed
1160,23-05-2022,active,SVG,Active,Part-Time,Zone C,Part-Time,Production       ,Splicing,Splicer,Male,12898,Other,Divorced,Fully Meets,3,1587,4,5,3,Customer Service,Internal,Completed
1161,15-07-2021,active,EW,Active,Full-Time,Zone A,Temporary,Production       ,Splicing,Technician,Male,51245,Hispanic,Widowed,Fully Meets,3,1588,1,5,5,Leadership Development,Internal,Failed
1162,28-08-2020,25-Aug-22,MSC,Active,Contract,Zone A,Part-Time,Production       ,Field Operations,Technician,Female,22497,White,Married,Fully Meets,3,1589,2,1,1,Project Management,Internal,Incomplete
1163,09-09-2021,active,TNS,Active,Part-Time,Zone A,Full-Time,Production       ,Wireline Construction,Foreman,Male,30814,Black,Single,Fully Meets,3,1590,5,1,3,Leadership Development,Internal,Failed
1164,10-02-2023,23-May-23,PYZ,Active,Contract,Zone A,Part-Time,Production       ,General - Con,Technician,Female,69254,Asian,Divorced,Fully Meets,3,1591,4,3,1,Leadership Development,Internal,Passed
1165,14-06-2020,18-Jul-23,WBL,Active,Full-Time,Zone A,Full-Time,Production       ,Engineers,Engineer,Male,20973,Other,Single,Exceeds,3,1592,1,1,4,Communication Skills,Internal,Incomplete
1166,05-12-2020,active,NEL,Active,Part-Time,Zone B,Full-Time,Production       ,Catv,Laborer,Male,43757,Asian,Widowed,Exceeds,3,1593,1,4,1,Leadership Development,External,Failed
1167,16-07-2022,active,PL,Active,Part-Time,Zone B,Full-Time,Production       ,Aerial,Lineman,Female,32811,Black,Single,Exceeds,3,1594,1,1,4,Communication Skills,External,Failed
1168,09-06-2023,active,BPC,Active,Part-Time,Zone A,Full-Time,Production       ,General - Eng,Administrative,Female,75995,Black,Married,Exceeds,3,1595,3,4,3,Leadership Development,External,Passed
1169,02-03-2020,25-May-20,CCDR,Active,Contract,Zone C,Temporary,Production       ,General - Sga,Administrator,Female,2999,Other,Married,Exceeds,3,1596,4,4,1,Project Management,Internal,Incomplete
1170,23-11-2018,27-Sep-21,SVG,Active,Part-Time,Zone C,Temporary,Production       ,Project Management - Con,Coordinator,Female,75959,White,Married,Exceeds,3,1597,2,1,4,Customer Service,Internal,Incomplete
1171,27-05-2019,19-Jun-23,EW,Active,Contract,Zone A,Part-Time,Production       ,General - Con,Groundman,Female,8372,Black,Divorced,Needs Improvement,3,1598,2,5,5,Technical Skills,Internal,Incomplete
1172,18-05-2022,10-Apr-23,BPC,Terminated,Full-Time,Zone C,Full-Time,Production       ,Field Operations,Laborer,Male,82257,White,Divorced,Exceeds,3,1599,4,5,2,Leadership Development,External,Passed
1173,06-11-2018,active,CCDR,Active,Contract,Zone A,Full-Time,Production       ,General - Con,Technician,Female,23314,Hispanic,Married,Exceeds,3,1600,5,3,2,Project Management,Internal,Passed
1174,29-03-2022,24-Jul-23,SVG,Active,Part-Time,Zone C,Temporary,Production       ,Engineers,Engineer,Male,45740,Asian,Single,Exceeds,3,1601,4,2,5,Technical Skills,Internal,Incomplete
1175,04-11-2021,10-May-22,EW,Active,Full-Time,Zone A,Part-Time,Production       ,General - Con,Technician,Female,60262,Asian,Married,Exceeds,3,1602,2,1,3,Project Management,External,Incomplete
1176,27-04-2023,active,MSC,Active,Part-Time,Zone B,Part-Time,Production       ,General - Con,Locator,Male,29223,White,Single,Exceeds,3,1603,2,5,1,Communication Skills,External,Completed
1177,08-03-2020,active,TNS,Active,Full-Time,Zone B,Full-Time,Production       ,General - Con,Operator,Male,80948,Asian,Married,Exceeds,3,1604,1,5,1,Communication Skills,External,Passed
1178,27-04-2019,08-Oct-20,NEL,Terminated,Full-Time,Zone B,Full-Time,Production       ,Field Operations,Laborer,Female,95266,Black,Single,Exceeds,3,1605,2,3,3,Customer Service,Internal,Passed
1179,11-05-2019,active,PL,Active,Full-Time,Zone C,Full-Time,Production       ,Field Operations,Laborer,Female,33304,White,Divorced,Exceeds,3,1606,5,4,3,Project Management,Internal,Completed
1180,09-03-2021,active,BPC,Active,Contract,Zone C,Temporary,Production       ,Shop (Fleet),Shop,Female,36632,Hispanic,Married,Needs Improvement,3,1607,3,5,5,Customer Service,External,Completed
1181,05-11-2020,active,CCDR,Active,Part-Time,Zone A,Temporary,Production       ,Field Operations,Technician,Female,20625,White,Widowed,PIP,3,1608,2,4,3,Customer Service,Internal,Incomplete
1182,12-09-2018,25-Feb-23,SVG,Active,Contract,Zone A,Full-Time,Production       ,General - Eng,Engineer,Male,26283,Black,Married,PIP,3,1609,5,5,4,Project Management,Internal,Failed
1183,09-11-2019,18-Nov-19,EW,Active,Part-Time,Zone B,Full-Time,Production       ,General - Con,Flagger,Female,67750,White,Single,Needs Improvement,3,1610,4,5,5,Communication Skills,External,Completed
1184,29-11-2018,09-Jul-22,MSC,Active,Full-Time,Zone C,Part-Time,Production       ,Project Management - Con,Coordinator,Female,53913,Hispanic,Widowed,Needs Improvement,3,1611,1,2,2,Leadership Development,External,Failed
1185,03-07-2022,22-Feb-23,TNS,Active,Part-Time,Zone B,Temporary,Production       ,General - Sga,Lineman,Male,76052,White,Single,Needs Improvement,3,1612,5,5,3,Technical Skills,External,Incomplete
1186,26-09-2019,01-Aug-20,PYZ,Active,Contract,Zone C,Full-Time,Production       ,Field Operations,Laborer,Female,61768,Other,Single,Exceeds,3,1613,4,2,1,Leadership Development,Internal,Completed
1187,23-12-2022,active,WBL,Active,Part-Time,Zone B,Part-Time,Production       ,Field Operations,Director,Male,33335,Asian,Divorced,Needs Improvement,3,1614,1,4,2,Communication Skills,External,Passed
1188,19-01-2023,active,NEL,Active,Part-Time,Zone C,Part-Time,Production       ,General - Con,Foreman,Male,69290,White,Married,Exceeds,3,1615,1,1,3,Technical Skills,Internal,Passed
1189,01-10-2018,active,PL,Active,Full-Time,Zone A,Part-Time,Production       ,Field Operations,Laborer,Female,65106,Black,Divorced,Needs Improvement,3,1616,3,4,1,Leadership Development,External,Completed
1190,18-02-2022,active,BPC,Active,Full-Time,Zone B,Full-Time,Production       ,Aerial,Lineman,Female,12740,Black,Divorced,Needs Improvement,3,1617,5,1,2,Leadership Development,Internal,Completed
1191,09-12-2021,active,CCDR,Active,Full-Time,Zone B,Temporary,Production       ,Field Operations,Laborer,Male,58121,White,Widowed,Needs Improvement,3,1618,2,5,4,Leadership Development,Internal,Passed
1192,01-01-2019,23-Sep-21,SVG,Active,Part-Time,Zone B,Full-Time,Production       ,General - Con,Foreman,Female,95591,Black,Widowed,Needs Improvement,3,1619,4,2,2,Technical Skills,Internal,Incomplete
1193,27-05-2020,active,EW,Active,Contract,Zone A,Full-Time,Production       ,Executive,Executive Assistant,Male,70072,Asian,Single,Needs Improvement,3,1620,5,3,2,Project Management,External,Completed
1194,21-09-2021,28-Jan-23,MSC,Active,Full-Time,Zone B,Temporary,IT/IS,Field Operations,Supervisor,Male,2134,Other,Divorced,Needs Improvement,3,1621,4,1,3,Technical Skills,Internal,Completed
1195,30-08-2021,22-Mar-22,TNS,Active,Contract,Zone A,Part-Time,IT/IS,Aerial,Director,Male,2134,Asian,Single,Needs Improvement,3,1622,1,5,5,Communication Skills,Internal,Passed
1196,19-06-2023,31-Jul-23,PYZ,Active,Full-Time,Zone C,Temporary,IT/IS,Finance & Accounting,Intern,Male,2045,Other,Divorced,Needs Improvement,3,1623,1,2,2,Project Management,Internal,Passed
1197,12-05-2023,16-May-23,WBL,Active,Full-Time,Zone A,Temporary,IT/IS,Field Operations,Top Hand,Male,1887,White,Widowed,Needs Improvement,3,1624,5,1,3,Customer Service,Internal,Failed
1198,05-06-2022,active,NEL,Active,Part-Time,Zone B,Part-Time,IT/IS,Shop (Fleet),Manager,Male,2056,Other,Single,Exceeds,3,1625,5,2,2,Project Management,External,Passed
1199,17-09-2020,08-Jun-21,PL,Active,Full-Time,Zone B,Temporary,IT/IS,General - Con,Technician,Female,2056,Other,Married,Needs Improvement,3,1626,3,4,5,Project Management,Internal,Failed
1200,15-05-2023,active,BPC,Active,Full-Time,Zone C,Full-Time,IT/IS,Field Operations,Technician,Female,2110,Other,Divorced,Exceeds,3,1627,4,4,1,Project Management,Internal,Completed
1201,15-12-2018,14-Nov-19,CCDR,Active,Part-Time,Zone A,Temporary,IT/IS,Catv,Foreman,Female,1886,Asian,Single,Needs Improvement,3,1628,4,4,2,Customer Service,Internal,Completed
1202,06-11-2019,22-Mar-23,PL,Terminated,Part-Time,Zone B,Full-Time,IT/IS,Field Operations,Engineer,Female,2970,Hispanic,Married,Fully Meets,3,1629,1,2,4,Leadership Development,Internal,Failed
1203,25-04-2021,25-Oct-22,BPC,Terminated,Contract,Zone C,Temporary,IT/IS,General - Con,Foreman,Female,13058,Other,Single,Fully Meets,3,1630,4,3,2,Customer Service,External,Incomplete
1204,17-06-2023,19-Jul-23,CCDR,Terminated,Full-Time,Zone C,Full-Time,IT/IS,Executive,Executive Assistant,Female,20602,White,Widowed,Fully Meets,3,1631,2,4,1,Customer Service,External,Incomplete
1205,14-01-2022,active,SVG,Active,Full-Time,Zone C,Full-Time,IT/IS,Field Operations,Driller,Female,40731,Black,Widowed,Fully Meets,3,1632,5,4,4,Leadership Development,External,Completed
1206,22-10-2018,13-Mar-19,EW,Active,Contract,Zone B,Temporary,IT/IS,Field Operations,Laborer,Female,94379,Black,Widowed,Fully Meets,3,1633,4,3,2,Project Management,External,Passed
1207,17-10-2021,13-Nov-22,MSC,Active,Contract,Zone C,Part-Time,IT/IS,Finance & Accounting,Administration,Male,62674,Black,Divorced,Fully Meets,3,1634,2,3,1,Communication Skills,External,Failed
1208,19-10-2021,10-Apr-23,TNS,Active,Full-Time,Zone C,Part-Time,IT/IS,Safety,Safety,Male,18618,Hispanic,Single,Fully Meets,3,1635,4,4,2,Leadership Development,External,Completed
1209,16-10-2018,17-Dec-18,SVG,Active,Contract,Zone B,Part-Time,Admin Offices,Aerial,Lineman,Male,6067,White,Single,Fully Meets,3,1636,4,5,2,Technical Skills,External,Completed
1210,26-04-2020,21-Jul-20,EW,Active,Full-Time,Zone C,Part-Time,Admin Offices,General - Con,Foreman,Male,78952,Black,Divorced,Fully Meets,3,1637,4,1,2,Customer Service,External,Failed
1211,22-01-2020,26-Oct-22,MSC,Active,Full-Time,Zone B,Full-Time,Sales,Finance & Accounting,Accounting,Male,82541,Asian,Divorced,Fully Meets,3,1638,2,4,5,Customer Service,External,Completed
1212,30-03-2022,21-Jul-22,EW,Terminated,Full-Time,Zone A,Full-Time,IT/IS,Field Operations,Technician,Male,87307,Black,Married,Fully Meets,3,1639,1,2,1,Communication Skills,Internal,Completed
1213,29-05-2021,03-Sep-22,MSC,Terminated,Contract,Zone A,Full-Time,IT/IS,Engineers,Field Project Manager,Female,59443,Hispanic,Divorced,Fully Meets,3,1640,2,4,1,Communication Skills,Internal,Completed
1214,09-03-2023,30-May-23,NEL,Terminated,Part-Time,Zone C,Temporary,IT/IS,Field Operations,Laborer,Female,40835,Other,Married,Fully Meets,3,1641,5,4,4,Project Management,External,Passed
1215,22-11-2019,28-Dec-19,PL,Terminated,Contract,Zone A,Part-Time,IT/IS,Wireline Construction,Project Manager,Female,9049,Black,Single,Fully Meets,3,1642,3,2,2,Customer Service,External,Passed
1216,07-04-2019,22-Dec-20,SVG,Active,Full-Time,Zone A,Full-Time,IT/IS,Aerial,Supervisor,Male,12567,Other,Widowed,Fully Meets,3,1643,5,3,4,Technical Skills,External,Completed
1217,23-03-2023,28-Mar-23,TNS,Active,Contract,Zone C,Temporary,IT/IS,Aerial,Foreman,Male,94154,Other,Widowed,Fully Meets,3,1644,3,1,1,Customer Service,External,Failed
1218,18-02-2021,28-Oct-22,WBL,Active,Part-Time,Zone A,Temporary,IT/IS,Fielders,Engineer,Male,42258,Hispanic,Widowed,Fully Meets,3,1645,5,5,5,Technical Skills,External,Completed
1219,05-04-2019,07-May-21,SVG,Active,Contract,Zone C,Full-Time,Admin Offices,General - Sga,Engineer,Male,74220,Black,Divorced,Fully Meets,3,1646,2,2,1,Customer Service,Internal,Completed
1220,23-10-2019,09-Jul-22,EW,Active,Contract,Zone B,Part-Time,IT/IS,Catv,Foreman,Male,47015,Black,Widowed,Fully Meets,3,1647,4,2,5,Communication Skills,External,Passed
1221,14-05-2021,active,MSC,Active,Part-Time,Zone C,Part-Time,Sales,Aerial,Driver,Male,96848,White,Single,Fully Meets,3,1648,4,4,5,Project Management,External,Passed
1222,19-03-2019,active,WBL,Active,Full-Time,Zone A,Part-Time,IT/IS,Wireline Construction,Groundman,Male,87451,White,Single,Fully Meets,3,1649,3,1,2,Leadership Development,Internal,Passed
1223,08-05-2019,01-Oct-20,NEL,Terminated,Part-Time,Zone C,Temporary,IT/IS,Engineers,Technician,Male,29739,Asian,Widowed,Fully Meets,3,1650,5,1,3,Leadership Development,Internal,Completed
1224,05-10-2019,21-May-23,PL,Terminated,Part-Time,Zone A,Temporary,IT/IS,Aerial,Laborer,Female,13117,Black,Widowed,Fully Meets,3,1651,4,4,4,Customer Service,Internal,Passed
1225,29-11-2021,31-May-22,BPC,Terminated,Full-Time,Zone C,Full-Time,IT/IS,Field Operations,Driver,Female,2581,White,Single,Fully Meets,3,1652,1,4,4,Leadership Development,Internal,Completed
1226,06-11-2018,26-Dec-19,EW,Active,Part-Time,Zone B,Temporary,IT/IS,Field Operations,Foreman,Male,63435,Hispanic,Married,Fully Meets,3,1653,2,4,5,Technical Skills,External,Incomplete
1227,27-07-2021,23-Nov-21,MSC,Active,Full-Time,Zone B,Temporary,IT/IS,Engineers,Administrative,Male,87224,Black,Divorced,Fully Meets,3,1654,2,3,3,Technical Skills,External,Failed
1228,18-07-2023,active,TNS,Active,Part-Time,Zone A,Temporary,IT/IS,Wireline Construction,Project Manager,Male,3563,Black,Married,Fully Meets,3,1655,3,1,2,Communication Skills,Internal,Completed
1229,04-09-2022,active,CCDR,Active,Part-Time,Zone C,Temporary,Admin Offices,Field Operations,Tower Hand,Male,10497,Black,Single,Fully Meets,3,1656,1,4,5,Leadership Development,Internal,Completed
1230,24-05-2019,active,SVG,Active,Contract,Zone B,Part-Time,IT/IS,Engineers,Engineer,Male,38675,Other,Married,Fully Meets,3,1657,1,5,1,Technical Skills,Internal,Passed
1231,03-11-2019,active,EW,Active,Contract,Zone B,Part-Time,IT/IS,Field Operations,Laborer,Male,72313,Other,Widowed,Fully Meets,3,1658,2,1,2,Project Management,External,Failed
1232,26-11-2019,19-Mar-21,MSC,Active,Full-Time,Zone C,Part-Time,Sales,Field Operations,Laborer,Female,39930,White,Single,Fully Meets,3,1659,4,5,5,Leadership Development,Internal,Incomplete
1233,09-08-2022,01-Sep-22,WBL,Terminated,Contract,Zone B,Full-Time,IT/IS,General - Con,Technician,Male,47536,Other,Widowed,Fully Meets,3,1660,5,5,1,Communication Skills,Internal,Failed
1234,19-03-2019,active,NEL,Active,Contract,Zone C,Full-Time,IT/IS,Finance & Accounting,Clerk,Male,91255,Hispanic,Divorced,Fully Meets,3,1661,5,4,4,Technical Skills,Internal,Failed
1235,25-11-2018,active,PL,Active,Contract,Zone C,Full-Time,IT/IS,Engineers,Engineer,Female,19115,Hispanic,Married,Fully Meets,3,1662,2,4,5,Technical Skills,Internal,Failed
1236,10-04-2022,03-Apr-23,BPC,Terminated,Full-Time,Zone C,Full-Time,IT/IS,Aerial,Lineman,Female,32063,Asian,Widowed,Fully Meets,3,1663,4,2,4,Communication Skills,External,Passed
1237,02-04-2021,active,EW,Active,Full-Time,Zone C,Full-Time,IT/IS,Splicing,Laborer,Male,2597,White,Single,Fully Meets,3,1664,2,1,1,Project Management,Internal,Incomplete
1238,22-12-2019,active,MSC,Active,Contract,Zone A,Part-Time,IT/IS,Project Management - Con,Coordinator,Male,30018,Black,Widowed,Fully Meets,3,1665,4,2,3,Project Management,Internal,Passed
1239,14-08-2021,active,TNS,Active,Full-Time,Zone A,Part-Time,IT/IS,General - Con,Locator,Male,38619,Black,Divorced,Fully Meets,3,1666,3,3,4,Technical Skills,Internal,Failed
1240,28-08-2018,active,BPC,Active,Full-Time,Zone A,Full-Time,Admin Offices,Splicing,Splicer,Male,62112,Black,Widowed,Fully Meets,3,1667,1,3,5,Leadership Development,External,Completed
1241,10-07-2023,active,CCDR,Active,Part-Time,Zone C,Part-Time,Admin Offices,Aerial,Laborer,Male,35842,Black,Single,Fully Meets,3,1668,2,1,3,Customer Service,External,Failed
1242,18-09-2020,active,SVG,Active,Part-Time,Zone A,Temporary,IT/IS,Field Operations,Executive Assistant,Male,78813,Asian,Divorced,Fully Meets,3,1669,3,1,2,Project Management,External,Passed
1243,18-07-2019,active,EW,Active,Contract,Zone A,Full-Time,IT/IS,Splicing,Laborer,Female,4772,Other,Widowed,Fully Meets,3,1670,2,2,2,Leadership Development,Internal,Failed
1244,21-11-2021,12-Dec-21,MSC,Active,Contract,Zone A,Full-Time,Sales,Project Management - Con,Coordinator,Female,83162,White,Married,Fully Meets,3,1671,5,3,5,Customer Service,External,Passed
1245,08-03-2021,active,CCDR,Active,Full-Time,Zone B,Part-Time,IT/IS,Field Operations,Tester,Male,21426,Asian,Married,Fully Meets,3,1672,1,3,4,Technical Skills,External,Completed
1246,21-08-2019,active,EW,Active,Part-Time,Zone C,Full-Time,IT/IS,General - Con,Laborer,Female,74874,Other,Widowed,Fully Meets,3,1673,3,5,5,Project Management,External,Incomplete
1247,30-04-2022,09-Jun-23,MSC,Terminated,Part-Time,Zone B,Full-Time,IT/IS,Wireline Construction,Laborer,Female,56043,Other,Married,Fully Meets,3,1674,1,5,5,Customer Service,Internal,Passed
1248,03-02-2023,16-Apr-23,SVG,Active,Full-Time,Zone A,Part-Time,IT/IS,Field Operations,Technician,Male,59192,Hispanic,Widowed,Fully Meets,3,1675,4,1,4,Technical Skills,Internal,Failed
1249,08-05-2023,active,TNS,Active,Part-Time,Zone B,Full-Time,IT/IS,Catv,Foreman,Male,82767,Other,Widowed,Fully Meets,3,1676,2,5,1,Project Management,Internal,Failed
1250,29-07-2022,active,WBL,Active,Part-Time,Zone B,Part-Time,IT/IS,General - Con,Foreman,Female,44156,Other,Widowed,Fully Meets,3,1677,5,4,5,Technical Skills,External,Incomplete
1251,18-11-2020,22-May-21,PL,Active,Part-Time,Zone A,Part-Time,Admin Offices,Field Operations,Technician,Female,59433,Black,Widowed,Fully Meets,3,1678,2,1,1,Leadership Development,Internal,Completed
1252,16-05-2021,14-Apr-22,BPC,Active,Part-Time,Zone C,Part-Time,Admin Offices,Engineers,Project Manager,Male,42691,Black,Widowed,Fully Meets,3,1679,5,4,3,Leadership Development,External,Failed
1253,25-10-2019,16-Oct-20,CCDR,Active,Full-Time,Zone C,Temporary,IT/IS,General - Con,Laborer,Male,33673,Other,Divorced,Fully Meets,3,1680,5,4,5,Customer Service,Internal,Completed
1254,05-03-2023,04-May-23,SVG,Active,Contract,Zone B,Temporary,IT/IS,Engineers,Engineer,Female,34659,White,Divorced,Fully Meets,3,1681,2,3,4,Customer Service,External,Failed
1255,01-06-2021,active,EW,Active,Part-Time,Zone B,Part-Time,IT/IS,Aerial,Foreman,Female,65125,Black,Married,Fully Meets,3,1682,5,3,4,Project Management,External,Failed
1256,22-01-2022,25-Jul-22,MSC,Terminated,Full-Time,Zone B,Part-Time,Sales,Aerial,Lineman,Female,97969,Other,Married,Fully Meets,3,1683,2,4,4,Project Management,Internal,Failed
1257,09-07-2023,31-Jul-23,WBL,Terminated,Contract,Zone A,Part-Time,IT/IS,Engineers,Engineer,Male,18894,Hispanic,Widowed,Fully Meets,3,1684,2,4,3,Leadership Development,Internal,Failed
1258,11-11-2018,27-May-19,NEL,Terminated,Full-Time,Zone A,Full-Time,IT/IS,Aerial,Foreman,Female,16287,Black,Divorced,Fully Meets,3,1685,1,4,2,Customer Service,Internal,Passed
1259,05-01-2021,18-Jun-21,SVG,Active,Contract,Zone C,Full-Time,IT/IS,Finance & Accounting,Intern,Male,63472,Black,Widowed,Fully Meets,3,1686,2,4,2,Communication Skills,External,Completed
1260,25-11-2022,active,EW,Active,Part-Time,Zone C,Full-Time,IT/IS,Engineers,Drafter,Male,19801,White,Widowed,Fully Meets,3,1687,3,4,5,Customer Service,Internal,Failed
1261,30-03-2020,21-Jul-23,MSC,Active,Full-Time,Zone A,Full-Time,IT/IS,Shop (Fleet),Mechanic,Male,34107,Other,Divorced,Fully Meets,3,1688,1,4,5,Project Management,Internal,Completed
1262,02-01-2021,22-Sep-22,MSC,Active,Part-Time,Zone C,Temporary,Admin Offices,Field Operations,Technician,Male,35372,Other,Married,Fully Meets,3,1689,5,3,5,Customer Service,External,Passed
1263,26-02-2019,26-Jul-19,NEL,Active,Contract,Zone A,Temporary,Admin Offices,Yard (Material Handling),Administrative,Male,56249,Black,Widowed,Fully Meets,3,1690,3,1,5,Communication Skills,Internal,Failed
1264,06-10-2019,active,PL,Active,Contract,Zone A,Part-Time,IT/IS,Project Management - Con,Technician,Male,77562,Black,Widowed,Fully Meets,3,1691,3,1,2,Customer Service,External,Failed
1265,19-04-2020,30-Jul-22,PYZ,Active,Part-Time,Zone C,Part-Time,IT/IS,Engineers,Engineer,Female,23764,Other,Widowed,Fully Meets,3,1692,2,2,1,Project Management,External,Failed
1266,24-12-2022,active,SVG,Active,Contract,Zone C,Part-Time,IT/IS,Field Operations,Tower Hand,Female,2558,Other,Single,Fully Meets,3,1693,3,5,1,Project Management,External,Passed
1267,09-04-2021,29-May-21,TNS,Terminated,Part-Time,Zone A,Temporary,IT/IS,Aerial,Foreman,Male,82773,Asian,Married,Fully Meets,3,1694,3,5,3,Communication Skills,Internal,Completed
1268,04-09-2018,16-Dec-22,SVG,Terminated,Contract,Zone C,Full-Time,IT/IS,Isp,Specialist,Female,20654,Other,Widowed,Fully Meets,3,1695,3,3,3,Leadership Development,Internal,Passed
1269,07-11-2021,active,NEL,Active,Full-Time,Zone C,Temporary,IT/IS,General - Eng,Coordinator,Male,74846,Hispanic,Married,Fully Meets,3,1696,4,4,1,Project Management,Internal,Completed
1270,24-05-2023,21-Jul-23,MSC,Active,Full-Time,Zone B,Part-Time,IT/IS,General - Con,Foreman,Male,3758,Asian,Widowed,Fully Meets,3,1697,1,5,2,Leadership Development,External,Passed
1271,15-02-2021,05-Jun-21,EW,Active,Full-Time,Zone A,Part-Time,IT/IS,Billable Consultants,Engineer,Male,5156,White,Married,Fully Meets,3,1698,3,5,4,Technical Skills,External,Passed
1272,03-11-2021,19-Aug-22,PL,Active,Contract,Zone C,Part-Time,Admin Offices,Executive,Manager,Male,64233,Hispanic,Married,Fully Meets,3,1699,2,4,3,Customer Service,External,Incomplete
1273,20-09-2018,active,BPC,Active,Contract,Zone C,Temporary,IT/IS,Engineers,Engineer,Male,61270,Asian,Widowed,Fully Meets,3,1700,5,2,4,Customer Service,External,Completed
1274,23-07-2019,07-Jan-23,CCDR,Active,Contract,Zone A,Full-Time,IT/IS,Project Management - Con,Flagger,Male,36731,Other,Single,Fully Meets,3,1701,5,3,2,Technical Skills,Internal,Passed
1275,12-05-2022,active,SVG,Active,Contract,Zone A,Part-Time,IT/IS,Project Management - Con,Contracts,Female,49479,Other,Single,Fully Meets,3,1702,4,1,2,Communication Skills,Internal,Completed
1276,03-10-2018,active,EW,Active,Full-Time,Zone B,Part-Time,Sales,Aerial,Lineman,Female,26140,Other,Single,Fully Meets,3,1703,1,1,4,Customer Service,Internal,Completed
1277,26-11-2020,active,CCDR,Active,Part-Time,Zone C,Part-Time,IT/IS,Project Management - Con,Project Manager,Female,59091,Hispanic,Widowed,Fully Meets,3,1704,4,4,3,Customer Service,External,Completed
1278,04-10-2018,active,EW,Active,Part-Time,Zone B,Full-Time,IT/IS,Project Management - Con,Intern,Female,50425,Hispanic,Single,Fully Meets,3,1705,4,4,1,Communication Skills,External,Passed
1279,02-12-2020,25-Feb-23,NEL,Active,Contract,Zone A,Full-Time,IT/IS,Aerial,Supervisor,Female,81407,Hispanic,Married,Fully Meets,3,1706,3,2,5,Customer Service,External,Incomplete
1280,24-09-2021,20-Jul-23,PL,Active,Part-Time,Zone C,Full-Time,IT/IS,Wireline Construction,Clerk,Male,93935,Asian,Married,Fully Meets,3,1707,5,4,3,Customer Service,Internal,Passed
1281,10-09-2020,22-May-21,PYZ,Active,Full-Time,Zone A,Temporary,IT/IS,Splicing,Associate,Male,65055,Asian,Widowed,Fully Meets,3,1708,4,5,4,Customer Service,Internal,Incomplete
1282,25-05-2022,17-Nov-22,SVG,Active,Full-Time,Zone C,Temporary,IT/IS,General - Sga,Manager,Male,55354,Black,Married,Fully Meets,3,1709,5,4,2,Technical Skills,External,Failed
1283,15-02-2019,09-Dec-19,PL,Active,Part-Time,Zone A,Part-Time,Admin Offices,Field Operations,Technician,Male,46239,Black,Divorced,Fully Meets,3,1710,1,2,3,Communication Skills,External,Passed
1284,28-09-2018,01-Feb-23,BPC,Active,Full-Time,Zone A,Temporary,IT/IS,General - Con,Laborer,Male,43594,Other,Widowed,Fully Meets,3,1711,5,1,4,Technical Skills,External,Failed
1285,12-12-2018,active,CCDR,Active,Full-Time,Zone A,Temporary,IT/IS,Engineers,Engineer,Female,72035,Black,Single,Fully Meets,3,1712,3,2,3,Communication Skills,Internal,Completed
1286,01-12-2021,active,SVG,Active,Contract,Zone B,Full-Time,IT/IS,General - Con,Flagger,Female,1218,Asian,Married,Fully Meets,3,1713,4,4,5,Leadership Development,Internal,Incomplete
1287,12-01-2022,active,EW,Active,Full-Time,Zone B,Temporary,Sales,Field Operations,Laborer,Female,5062,White,Married,Fully Meets,3,1714,1,2,3,Project Management,External,Passed
1288,27-10-2020,28-Sep-22,WBL,Active,Full-Time,Zone B,Part-Time,IT/IS,Aerial,Foreman,Female,86362,White,Divorced,Fully Meets,3,1715,2,2,5,Leadership Development,Internal,Incomplete
1289,02-11-2020,21-Jun-22,NEL,Active,Contract,Zone C,Part-Time,IT/IS,General - Con,Flagger,Female,21457,Asian,Widowed,Fully Meets,3,1716,2,1,1,Communication Skills,External,Incomplete
1290,24-04-2021,28-Feb-23,BPC,Active,Part-Time,Zone B,Part-Time,IT/IS,General - Con,Model Assistant,Male,49370,Asian,Widowed,Fully Meets,3,1717,4,2,5,Customer Service,External,Incomplete
1291,29-06-2020,03-Aug-23,CCDR,Active,Full-Time,Zone B,Temporary,IT/IS,Field Operations,Driller,Male,17318,Other,Divorced,Fully Meets,3,1718,5,4,5,Leadership Development,Internal,Passed
1292,15-07-2021,active,SVG,Active,Contract,Zone B,Temporary,IT/IS,Field Operations,Laborer,Male,93155,Hispanic,Widowed,Fully Meets,3,1719,2,3,1,Leadership Development,External,Passed
1293,20-06-2023,active,MSC,Active,Part-Time,Zone C,Part-Time,IT/IS,Field Operations,Laborer,Male,32840,Other,Single,Fully Meets,3,1720,4,3,2,Project Management,Internal,Passed
1294,22-09-2019,10-Nov-22,NEL,Active,Full-Time,Zone B,Full-Time,IT/IS,Finance & Accounting,Assistant,Male,46552,White,Divorced,Fully Meets,3,1721,5,4,4,Project Management,External,Failed
1295,22-02-2022,active,PL,Active,Full-Time,Zone B,Full-Time,IT/IS,Wireless,Groundman,Female,26893,Hispanic,Divorced,Fully Meets,3,1722,2,2,4,Technical Skills,External,Incomplete
1296,01-07-2020,26-Jun-22,PYZ,Active,Full-Time,Zone B,Full-Time,Sales,General - Eng,Coordinator,Female,34649,Black,Widowed,Fully Meets,3,1723,5,1,5,Technical Skills,External,Passed
1297,13-05-2021,11-Dec-21,TNS,Active,Part-Time,Zone C,Part-Time,IT/IS,Yard (Material Handling),Coordinator,Female,46050,Other,Divorced,Fully Meets,3,1724,4,2,2,Customer Service,Internal,Failed
1298,30-05-2021,active,PL,Active,Contract,Zone A,Part-Time,IT/IS,Field Operations,Technician,Male,55738,Black,Divorced,Fully Meets,3,1725,2,4,5,Customer Service,External,Completed
1299,04-07-2019,active,NEL,Active,Contract,Zone B,Full-Time,IT/IS,Wireline Construction,Clerk,Male,71994,Asian,Single,Fully Meets,3,1726,3,5,3,Technical Skills,Internal,Completed
1300,31-05-2019,31-May-22,MSC,Active,Full-Time,Zone B,Full-Time,IT/IS,General - Con,Foreman,Male,50024,Hispanic,Widowed,Fully Meets,3,1727,4,2,4,Technical Skills,Internal,Failed
1301,13-03-2020,active,WBL,Active,Full-Time,Zone C,Temporary,Production       ,General - Con,Foreman,Male,2452,White,Divorced,Fully Meets,3,1728,1,4,2,Customer Service,External,Completed
1302,06-01-2020,24-Dec-20,EW,Terminated,Contract,Zone A,Part-Time,Production       ,General - Con,Foreman,Female,1701,Other,Divorced,Fully Meets,3,1729,1,1,2,Technical Skills,Internal,Incomplete
1303,30-04-2023,active,EW,Active,Full-Time,Zone B,Part-Time,Production       ,General - Eng,Technician,Female,2359,White,Divorced,Fully Meets,3,1730,2,4,4,Customer Service,External,Incomplete
1304,11-07-2021,08-Feb-22,WBL,Active,Contract,Zone B,Temporary,Production       ,Engineers,Engineer,Male,1450,Black,Divorced,Fully Meets,3,1731,1,4,1,Customer Service,Internal,Failed
1305,02-07-2021,13-Dec-21,WBL,Terminated,Contract,Zone B,Temporary,Production       ,Fielders,Engineer,Female,1902,Hispanic,Widowed,Fully Meets,3,1732,1,5,4,Project Management,Internal,Completed
1306,23-10-2019,03-Dec-20,EW,Active,Full-Time,Zone A,Temporary,Production       ,Field Operations,Laborer,Female,2330,Black,Married,Fully Meets,3,1733,4,5,3,Leadership Development,External,Incomplete
1307,19-01-2019,active,NEL,Active,Contract,Zone C,Full-Time,Production       ,Field Operations,Driver,Male,1905,White,Widowed,Fully Meets,3,1734,4,1,4,Project Management,External,Completed
1308,08-01-2021,14-Jan-23,NEL,Terminated,Full-Time,Zone A,Full-Time,Production       ,Shop (Fleet),Mechanic,Female,1902,White,Divorced,Fully Meets,3,1735,4,4,5,Project Management,Internal,Passed
1309,29-01-2019,08-Jul-22,TNS,Active,Contract,Zone A,Part-Time,Production       ,Field Operations,Technician,Male,2048,Other,Married,Fully Meets,3,1736,3,1,3,Leadership Development,Internal,Incomplete
1310,27-10-2018,active,TNS,Active,Contract,Zone C,Full-Time,Production       ,General - Eng,Engineer,Female,1730,Hispanic,Widowed,Fully Meets,3,1737,4,5,2,Leadership Development,External,Incomplete
1311,30-05-2023,05-Jul-23,CCDR,Terminated,Contract,Zone A,Part-Time,Production       ,General - Eng,Coordinator,Male,2169,White,Single,Fully Meets,3,1738,4,1,2,Customer Service,External,Incomplete
1312,15-07-2019,01-May-23,CCDR,Active,Contract,Zone B,Full-Time,Production       ,Aerial,Laborer,Female,2302,Hispanic,Married,Fully Meets,3,1739,2,5,1,Communication Skills,Internal,Incomplete
1313,17-03-2020,02-Aug-21,NEL,Active,Contract,Zone B,Part-Time,Production       ,General - Con,Laborer,Female,2132,Other,Married,Fully Meets,3,1740,5,4,4,Project Management,Internal,Completed
1314,16-09-2022,active,MSC,Active,Contract,Zone A,Temporary,Production       ,General - Eng,Drafter,Female,2125,Asian,Single,Fully Meets,3,1741,3,4,2,Leadership Development,External,Completed
1315,04-01-2021,active,TNS,Active,Part-Time,Zone B,Part-Time,Production       ,Wireline Construction,Laborer,Female,2081,Asian,Divorced,Fully Meets,3,1742,5,5,3,Communication Skills,External,Incomplete
1316,30-11-2018,active,SVG,Active,Full-Time,Zone C,Temporary,Production       ,Splicing,Supervisor,Male,2169,Black,Single,Fully Meets,3,1743,4,1,5,Project Management,External,Passed
1317,24-07-2022,active,PL,Active,Full-Time,Zone C,Full-Time,Production       ,Field Operations,Driller,Female,2021,Hispanic,Married,Fully Meets,3,1744,2,1,4,Communication Skills,Internal,Failed
1318,05-02-2022,active,EW,Active,Contract,Zone C,Part-Time,Production       ,Aerial,Foreman,Female,2090,Other,Widowed,Fully Meets,3,1745,4,4,3,Leadership Development,External,Completed
1319,23-04-2020,07-Jan-22,WBL,Active,Full-Time,Zone A,Full-Time,Production       ,General - Sga,Vp,Male,2451,Hispanic,Widowed,Fully Meets,3,1746,4,3,4,Communication Skills,Internal,Incomplete
1320,23-06-2023,10-Jul-23,PL,Active,Full-Time,Zone A,Temporary,Production       ,Field Operations,Splicer,Female,1886,White,Divorced,Fully Meets,3,1747,1,4,4,Project Management,External,Passed
1321,13-01-2022,05-Jul-22,PYZ,Active,Part-Time,Zone A,Temporary,Production       ,Underground,Laborer,Female,1886,White,Widowed,Fully Meets,3,1748,3,2,4,Leadership Development,External,Failed
1322,26-11-2020,active,PYZ,Active,Contract,Zone B,Temporary,Production       ,Field Operations,Project Manager,Female,70227,Hispanic,Divorced,Fully Meets,3,1749,1,4,5,Leadership Development,Internal,Incomplete
1323,07-12-2018,active,WBL,Active,Full-Time,Zone C,Full-Time,Production       ,Field Operations,Tower Hand,Female,3204,Other,Widowed,Fully Meets,3,1750,1,2,5,Project Management,Internal,Incomplete
1324,19-04-2023,active,NEL,Active,Contract,Zone C,Temporary,Production       ,General - Con,Lineman,Female,81228,Hispanic,Widowed,Fully Meets,3,1751,4,4,1,Project Management,External,Incomplete
1325,05-03-2022,08-Apr-22,PL,Active,Part-Time,Zone B,Temporary,Production       ,General - Con,Mechanic,Male,56894,White,Single,Fully Meets,3,1752,2,1,2,Leadership Development,External,Incomplete
1326,20-06-2019,14-Oct-19,BPC,Active,Contract,Zone C,Full-Time,Production       ,Field Operations,Assistant,Male,42759,Black,Divorced,Fully Meets,3,1753,5,3,3,Customer Service,Internal,Completed
1327,13-09-2022,active,CCDR,Active,Part-Time,Zone C,Temporary,Production       ,Project Management - Con,Manager,Male,61961,Asian,Single,Fully Meets,3,1754,5,5,1,Project Management,External,Failed
1328,02-01-2019,active,SVG,Active,Part-Time,Zone B,Full-Time,Production       ,General - Con,Foreman,Male,45449,Other,Widowed,Fully Meets,3,1755,4,1,1,Communication Skills,External,Incomplete
1329,06-06-2022,active,EW,Active,Part-Time,Zone A,Part-Time,Production       ,Splicing,Operator,Male,32636,Black,Widowed,Fully Meets,3,1756,2,4,4,Communication Skills,Internal,Failed
1330,09-01-2020,active,MSC,Active,Full-Time,Zone A,Temporary,Production       ,Finance & Accounting,Director,Female,74346,White,Widowed,Fully Meets,3,1757,5,4,5,Technical Skills,Internal,Incomplete
1331,03-01-2019,active,TNS,Active,Part-Time,Zone B,Part-Time,Production       ,Splicing,Administrator,Male,61791,White,Single,Fully Meets,3,1758,5,3,5,Customer Service,Internal,Completed
1332,23-01-2021,23-Oct-22,PYZ,Active,Contract,Zone B,Part-Time,Production       ,General - Con,Coordinator,Male,40003,White,Married,Fully Meets,3,1759,5,2,4,Project Management,Internal,Completed
1333,08-02-2020,04-May-20,WBL,Active,Part-Time,Zone C,Part-Time,Production       ,General - Con,Foreman,Male,93320,Hispanic,Single,Fully Meets,3,1760,5,3,2,Technical Skills,External,Passed
1334,29-10-2021,02-Aug-22,NEL,Terminated,Contract,Zone C,Temporary,Production       ,Field Operations,Technician,Female,97689,Other,Married,Fully Meets,3,1761,3,2,1,Technical Skills,External,Completed
1335,04-07-2023,12-Jul-23,PL,Terminated,Contract,Zone B,Part-Time,Production       ,Wireless,Foreman,Female,37569,White,Divorced,Fully Meets,3,1762,3,3,5,Customer Service,External,Incomplete
1336,06-04-2023,active,BPC,Active,Part-Time,Zone B,Full-Time,Production       ,Engineers,Model Assistant,Female,11574,Asian,Widowed,Fully Meets,3,1763,4,2,4,Leadership Development,External,Completed
1337,17-01-2023,active,CCDR,Active,Full-Time,Zone A,Temporary,Production       ,Engineers,Engineer,Female,18917,Black,Married,Fully Meets,3,1764,2,3,5,Communication Skills,Internal,Passed
1338,17-10-2019,active,BPC,Active,Contract,Zone C,Part-Time,Production       ,Project Management - Con,Field Project Manager,Female,5819,Asian,Divorced,Fully Meets,3,1765,5,5,2,Leadership Development,External,Incomplete
1339,22-06-2019,01-May-21,PYZ,Active,Contract,Zone B,Temporary,Production       ,Field Operations,Laborer,Female,75004,Asian,Married,Fully Meets,3,1766,1,5,2,Customer Service,External,Incomplete
1340,10-02-2023,01-May-23,WBL,Active,Contract,Zone A,Full-Time,Production       ,General - Con,Supervisor,Female,39000,White,Divorced,Fully Meets,3,1767,4,1,1,Project Management,External,Passed
1341,13-10-2022,02-May-23,NEL,Active,Contract,Zone C,Temporary,Production       ,Aerial,Lineman,Female,73245,Black,Married,Fully Meets,3,1768,3,3,3,Leadership Development,External,Passed
1342,07-03-2023,27-Apr-23,PL,Active,Contract,Zone B,Temporary,Production       ,Engineers,Technician,Male,83360,Hispanic,Widowed,Fully Meets,3,1769,4,3,5,Leadership Development,Internal,Passed
1343,12-09-2018,active,BPC,Active,Part-Time,Zone A,Full-Time,Production       ,General - Sga,Director,Male,2072,Hispanic,Single,Fully Meets,3,1770,1,3,5,Customer Service,External,Incomplete
1344,27-06-2020,active,CCDR,Active,Part-Time,Zone C,Part-Time,Production       ,Shop (Fleet),Mechanic,Male,16902,Hispanic,Widowed,Fully Meets,3,1771,3,2,1,Technical Skills,External,Incomplete
1345,28-12-2018,28-Jan-22,SVG,Active,Contract,Zone A,Part-Time,Production       ,General - Con,Laborer,Male,70792,Asian,Widowed,Fully Meets,3,1772,3,4,5,Technical Skills,External,Passed
1346,20-01-2021,08-Mar-23,EW,Active,Part-Time,Zone B,Temporary,Production       ,General - Eng,Administrative,Male,25699,Black,Married,Fully Meets,3,1773,5,5,2,Leadership Development,Internal,Passed
1347,14-09-2019,06-Feb-23,MSC,Active,Full-Time,Zone B,Part-Time,Production       ,Field Operations,Technician,Female,96290,Asian,Widowed,Fully Meets,3,1774,1,1,2,Customer Service,External,Failed
1348,06-10-2018,12-Dec-19,TNS,Active,Contract,Zone A,Full-Time,Production       ,Engineers,Engineer,Male,23434,Black,Single,Fully Meets,3,1775,4,2,3,Project Management,Internal,Failed
1349,03-08-2021,01-Nov-22,PYZ,Active,Full-Time,Zone C,Temporary,Production       ,Project Management - Con,Engineer,Male,49243,Asian,Divorced,Fully Meets,3,1776,3,2,3,Project Management,Internal,Failed
1350,05-07-2019,26-May-21,WBL,Active,Full-Time,Zone B,Temporary,Production       ,Splicing,Splicer,Female,64893,Hispanic,Single,Fully Meets,3,1777,1,3,1,Customer Service,External,Incomplete
1351,25-04-2019,active,NEL,Active,Full-Time,Zone B,Full-Time,Production       ,General - Con,Foreman,Female,91836,Other,Widowed,Fully Meets,3,1778,3,5,4,Project Management,External,Passed
1352,15-07-2023,active,PL,Active,Full-Time,Zone A,Temporary,Production       ,Project Management - Con,Director,Female,85791,Other,Married,Fully Meets,3,1779,5,3,4,Project Management,Internal,Passed
1353,10-12-2022,11-Feb-23,BPC,Active,Contract,Zone C,Temporary,Production       ,Field Operations,Engineer,Female,17208,Hispanic,Widowed,Fully Meets,3,1780,2,3,2,Technical Skills,External,Passed
1354,02-05-2019,active,CCDR,Active,Contract,Zone A,Part-Time,Production       ,General - Sga,Supervisor,Female,88454,White,Divorced,Fully Meets,3,1781,2,2,4,Technical Skills,External,Failed
1355,13-01-2019,02-Jul-23,NEL,Terminated,Contract,Zone A,Temporary,Production       ,Field Operations,Groundman,Female,69805,Other,Married,Fully Meets,3,1782,3,4,1,Communication Skills,Internal,Passed
1356,09-06-2021,active,PYZ,Active,Part-Time,Zone C,Part-Time,Production       ,General - Con,Laborer,Female,27170,White,Widowed,Fully Meets,3,1783,5,2,4,Technical Skills,External,Passed
1357,02-08-2023,02-Aug-23,WBL,Active,Part-Time,Zone A,Temporary,Production       ,General - Con,Technician,Female,14325,Other,Divorced,Fully Meets,3,1784,2,3,1,Communication Skills,External,Passed
1358,17-06-2023,active,NEL,Active,Full-Time,Zone C,Full-Time,Production       ,Technology / It,Director,Female,39152,White,Widowed,Fully Meets,3,1785,4,4,5,Project Management,Internal,Failed
1359,31-03-2022,14-Jun-22,PL,Active,Full-Time,Zone A,Temporary,Production       ,Field Operations,Laborer,Male,67173,Hispanic,Widowed,Fully Meets,3,1786,4,2,1,Communication Skills,External,Completed
1360,06-04-2019,15-Aug-20,BPC,Active,Contract,Zone B,Temporary,Production       ,Engineers,Engineer,Male,76007,Hispanic,Divorced,Fully Meets,3,1787,2,5,3,Project Management,Internal,Passed
1361,11-07-2020,active,CCDR,Active,Contract,Zone C,Full-Time,Production       ,Field Operations,Engineer,Male,50833,Other,Divorced,Fully Meets,3,1788,2,5,1,Leadership Development,Internal,Completed
1362,22-04-2023,active,SVG,Active,Contract,Zone C,Part-Time,Production       ,Engineers,Engineer,Male,54218,Other,Widowed,Fully Meets,3,1789,4,3,1,Leadership Development,External,Incomplete
1363,02-12-2022,08-Apr-23,EW,Active,Part-Time,Zone B,Part-Time,Production       ,Aerial,Lineman,Female,54589,Asian,Divorced,Fully Meets,3,1790,4,5,4,Communication Skills,Internal,Incomplete
1364,06-03-2021,26-Apr-23,MSC,Active,Contract,Zone A,Temporary,Production       ,Wireline Construction,Clerk,Female,9310,Hispanic,Divorced,Fully Meets,3,1791,4,5,3,Project Management,Internal,Failed
1365,21-05-2019,active,TNS,Active,Full-Time,Zone C,Temporary,Production       ,Project Management - Eng,Planner,Male,6449,Black,Divorced,Fully Meets,3,1792,2,3,5,Technical Skills,Internal,Completed
1366,23-10-2018,02-Dec-22,BPC,Active,Full-Time,Zone B,Temporary,Production       ,Executive,Director,Female,77756,Hispanic,Single,Fully Meets,3,1793,1,1,2,Communication Skills,External,Passed
1367,26-05-2021,active,CCDR,Active,Contract,Zone A,Temporary,Production       ,General - Sga,Administrator,Female,95802,White,Widowed,Fully Meets,3,1794,4,4,2,Leadership Development,Internal,Completed
1368,01-12-2019,08-Jun-20,EW,Terminated,Full-Time,Zone B,Part-Time,Production       ,Yard (Material Handling),Manager,Female,71561,Asian,Widowed,Fully Meets,3,1795,5,1,4,Leadership Development,External,Passed
1369,07-06-2021,13-Dec-22,MSC,Terminated,Contract,Zone A,Full-Time,Production       ,Wireless,Driver,Female,9967,Hispanic,Divorced,Fully Meets,3,1796,3,5,2,Customer Service,External,Failed
1370,13-10-2020,09-Nov-22,NEL,Active,Full-Time,Zone A,Full-Time,Production       ,General - Con,Laborer,Female,63255,Hispanic,Widowed,Fully Meets,3,1797,3,3,5,Project Management,External,Failed
1371,30-10-2022,active,PL,Active,Part-Time,Zone A,Full-Time,Production       ,Splicing,Splicer,Female,34441,Black,Widowed,Fully Meets,3,1798,3,2,4,Communication Skills,Internal,Incomplete
1372,04-09-2022,30-May-23,BPC,Terminated,Part-Time,Zone C,Temporary,Production       ,Field Operations,Technician,Male,12152,Black,Married,Fully Meets,3,1799,2,5,3,Technical Skills,Internal,Passed
1373,18-10-2019,19-Apr-21,TNS,Active,Part-Time,Zone C,Full-Time,Production       ,Wireline Construction,Lineman,Female,57065,Black,Divorced,Fully Meets,3,1800,4,3,5,Technical Skills,External,Failed
1374,25-07-2021,23-Jan-23,PYZ,Active,Full-Time,Zone C,Temporary,Production       ,General - Con,Technician,Female,17441,Hispanic,Married,Fully Meets,3,1801,3,4,3,Technical Skills,External,Incomplete
1375,31-03-2020,active,WBL,Active,Part-Time,Zone B,Temporary,Production       ,Field Operations,Driller,Female,1741,Other,Divorced,Fully Meets,3,1802,4,2,5,Customer Service,Internal,Failed
1376,11-11-2019,02-Aug-23,NEL,Active,Full-Time,Zone C,Full-Time,Production       ,General - Eng,Billing,Female,69859,Other,Divorced,Fully Meets,3,1803,1,3,1,Leadership Development,External,Passed
1377,05-12-2021,02-Mar-22,PL,Active,Part-Time,Zone A,Temporary,Production       ,Field Operations,Laborer,Male,94462,Hispanic,Widowed,Fully Meets,3,1804,3,3,5,Customer Service,Internal,Failed
1378,17-12-2018,03-Sep-22,BPC,Active,Contract,Zone A,Temporary,Production       ,Aerial,Laborer,Male,50864,Black,Divorced,Fully Meets,3,1805,3,3,1,Communication Skills,Internal,Incomplete
1379,06-03-2022,active,CCDR,Active,Part-Time,Zone A,Full-Time,Production       ,General - Con,Laborer,Male,8972,Asian,Single,Fully Meets,3,1806,1,2,5,Communication Skills,Internal,Passed
1380,04-09-2019,active,SVG,Active,Contract,Zone C,Full-Time,Production       ,Yard (Material Handling),Lineman,Female,94163,White,Widowed,Fully Meets,3,1807,1,4,4,Technical Skills,External,Incomplete
1381,26-07-2023,active,EW,Active,Part-Time,Zone A,Part-Time,Production       ,Splicing,Coordinator,Female,37289,Black,Married,Fully Meets,3,1808,5,2,4,Customer Service,External,Passed
1382,19-12-2022,19-May-23,MSC,Active,Contract,Zone C,Part-Time,Production       ,Yard (Material Handling),Supervisor,Female,21417,Other,Divorced,Fully Meets,3,1809,5,2,1,Communication Skills,Internal,Incomplete
1383,17-08-2021,active,TNS,Active,Full-Time,Zone A,Part-Time,Production       ,General - Con,Engineer,Male,22860,Black,Divorced,Fully Meets,3,1810,5,1,4,Project Management,External,Failed
1384,11-06-2022,active,PYZ,Active,Contract,Zone A,Full-Time,Production       ,Technology / It,Project Manager,Female,50910,Black,Divorced,Fully Meets,3,1811,2,5,1,Customer Service,External,Incomplete
1385,01-10-2021,18-Jun-23,WBL,Terminated,Contract,Zone A,Full-Time,Production       ,General - Con,Manager,Female,78363,Black,Widowed,Fully Meets,3,1812,4,2,5,Leadership Development,Internal,Incomplete
1386,04-08-2020,active,NEL,Active,Contract,Zone C,Temporary,Production       ,Aerial,Lineman,Female,61521,Other,Divorced,Fully Meets,3,1813,3,5,3,Project Management,External,Passed
1387,11-02-2022,active,PL,Active,Full-Time,Zone A,Part-Time,Production       ,Wireline Construction,Laborer,Female,43420,Black,Widowed,Fully Meets,3,1814,3,3,1,Customer Service,Internal,Failed
1388,22-06-2020,active,BPC,Active,Contract,Zone A,Part-Time,Production       ,Project Management - Con,Manager,Female,44224,Asian,Married,Fully Meets,3,1815,1,4,5,Leadership Development,External,Incomplete
1389,28-08-2020,active,NEL,Active,Contract,Zone A,Temporary,Production       ,General - Con,Supervisor,Female,83618,Other,Single,Fully Meets,3,1816,4,3,1,Communication Skills,Internal,Incomplete
1390,06-05-2019,09-Apr-22,PL,Active,Contract,Zone A,Temporary,Production       ,Aerial,Lineman,Female,41874,Other,Divorced,Fully Meets,3,1817,3,1,5,Leadership Development,Internal,Completed
1391,08-07-2021,active,BPC,Active,Contract,Zone C,Part-Time,Production       ,Yard (Material Handling),Laborer,Male,32718,Hispanic,Widowed,Fully Meets,3,1818,3,1,3,Leadership Development,External,Incomplete
1392,02-07-2022,active,WBL,Active,Full-Time,Zone B,Temporary,Production       ,General - Con,Technician,Female,24932,Black,Single,Fully Meets,3,1819,3,1,1,Customer Service,Internal,Passed
1393,04-05-2023,active,PYZ,Active,Full-Time,Zone C,Part-Time,Production       ,Shop (Fleet),Shop,Female,74525,Black,Divorced,Fully Meets,3,1820,5,4,3,Customer Service,Internal,Failed
1394,19-12-2022,active,WBL,Active,Full-Time,Zone B,Full-Time,Production       ,General - Sga,Accountant,Female,43930,Hispanic,Widowed,Fully Meets,3,1821,1,2,1,Communication Skills,Internal,Passed
1395,26-03-2022,active,NEL,Active,Contract,Zone C,Part-Time,Production       ,Wireline Construction,Groundman,Female,5184,Black,Widowed,Fully Meets,3,1822,5,2,2,Project Management,External,Incomplete
1396,09-05-2021,12-Nov-22,PL,Active,Contract,Zone A,Full-Time,Production       ,Finance & Accounting,Assistant,Male,68971,Black,Widowed,Fully Meets,3,1823,4,4,3,Leadership Development,Internal,Completed
1397,09-01-2020,10-Mar-22,BPC,Active,Contract,Zone B,Temporary,Production       ,Yard (Material Handling),Vp,Male,69340,Other,Married,Fully Meets,3,1824,3,1,1,Leadership Development,External,Completed
1398,16-05-2021,14-May-23,CCDR,Active,Contract,Zone A,Part-Time,Production       ,Splicing,Laborer,Male,45326,White,Married,Fully Meets,3,1825,1,3,3,Technical Skills,External,Completed
1399,31-01-2021,03-Jun-22,SVG,Active,Part-Time,Zone B,Temporary,Production       ,Aerial,Foreman,Female,57901,Other,Widowed,Exceeds,3,1826,3,2,5,Technical Skills,External,Passed
1400,19-09-2021,14-Sep-22,EW,Active,Contract,Zone C,Full-Time,Production       ,Field Operations,Operator,Female,18674,Other,Widowed,Needs Improvement,3,1827,1,3,5,Communication Skills,External,Incomplete
1401,01-03-2020,26-Mar-22,MSC,Active,Part-Time,Zone B,Temporary,Production       ,Wireline Construction,Foreman,Male,64947,Black,Divorced,Exceeds,3,1828,3,3,2,Technical Skills,External,Failed
1402,29-02-2020,active,TNS,Active,Part-Time,Zone B,Temporary,Production       ,Engineers,Project Manager,Male,37531,White,Married,Exceeds,3,1829,2,1,2,Customer Service,External,Completed
1403,08-12-2018,active,PYZ,Active,Full-Time,Zone A,Temporary,Production       ,Finance & Accounting,Administrative,Female,78846,Black,Married,Needs Improvement,3,1830,1,4,1,Leadership Development,External,Passed
1404,26-06-2022,15-Jun-23,WBL,Terminated,Part-Time,Zone B,Temporary,Production       ,Isp,Technician,Female,40762,Asian,Widowed,Needs Improvement,3,1831,2,2,2,Project Management,Internal,Failed
1405,03-11-2019,active,NEL,Active,Contract,Zone A,Part-Time,Production       ,Engineers,Engineer,Female,70743,White,Married,Needs Improvement,3,1832,1,2,4,Customer Service,Internal,Failed
1406,01-01-2023,active,PL,Active,Part-Time,Zone B,Full-Time,Production       ,Field Operations,Technician,Female,3284,White,Married,Needs Improvement,3,1833,4,3,2,Technical Skills,Internal,Failed
1407,31-07-2020,05-Apr-21,CCDR,Active,Contract,Zone C,Full-Time,Production       ,Project Management - Con,Coordinator,Female,80929,White,Divorced,Needs Improvement,3,1834,4,5,1,Technical Skills,Internal,Incomplete
1408,10-09-2021,19-Jul-22,EW,Active,Part-Time,Zone B,Temporary,Production       ,Field Operations,Laborer,Female,5480,Asian,Single,Needs Improvement,3,1835,5,2,2,Communication Skills,Internal,Passed
1409,19-06-2019,active,MSC,Active,Part-Time,Zone B,Temporary,Production       ,Field Operations,Laborer,Male,35394,Hispanic,Divorced,Needs Improvement,3,1836,1,4,3,Project Management,Internal,Incomplete
1410,16-08-2021,active,NEL,Active,Part-Time,Zone B,Full-Time,Production       ,Project Management - Con,Technician,Female,5981,Asian,Divorced,Needs Improvement,3,1837,1,3,3,Project Management,Internal,Incomplete
1411,08-07-2019,active,TNS,Active,Part-Time,Zone A,Temporary,Production       ,Aerial,Laborer,Female,4188,White,Widowed,Exceeds,3,1838,2,1,1,Communication Skills,External,Incomplete
1412,17-08-2021,31-Aug-22,PYZ,Active,Full-Time,Zone A,Part-Time,Production       ,People Services,Assistant,Female,74361,Other,Single,Exceeds,3,1839,3,3,3,Leadership Development,External,Incomplete
1413,08-01-2021,active,WBL,Active,Full-Time,Zone B,Part-Time,Production       ,General - Eng,Drafter,Female,56925,Hispanic,Single,Exceeds,3,1840,5,1,4,Project Management,External,Passed
1414,14-08-2018,active,NEL,Active,Contract,Zone B,Part-Time,Production       ,Field Operations,Operator,Female,62148,Hispanic,Widowed,Exceeds,3,1841,3,5,3,Communication Skills,External,Failed
1415,30-07-2021,active,PL,Active,Part-Time,Zone B,Temporary,Production       ,General - Con,Coordinator,Male,20467,Asian,Divorced,Exceeds,3,1842,1,4,4,Communication Skills,Internal,Completed
1416,08-04-2023,active,BPC,Active,Full-Time,Zone C,Temporary,Production       ,Engineers,Engineer,Male,43130,Hispanic,Married,Needs Improvement,3,1843,1,5,4,Project Management,External,Incomplete
1417,11-09-2019,active,CCDR,Active,Part-Time,Zone A,Part-Time,Production       ,General - Con,Model Assistant,Female,52114,Other,Single,Exceeds,3,1844,2,1,4,Project Management,Internal,Failed
1418,05-03-2020,22-Aug-21,SVG,Active,Part-Time,Zone A,Temporary,Production       ,Aerial,Laborer,Female,78947,Black,Single,Needs Improvement,3,1845,1,2,5,Customer Service,External,Passed
1419,02-12-2019,active,EW,Active,Full-Time,Zone C,Temporary,Production       ,Aerial,Foreman,Male,85558,Black,Single,Needs Improvement,3,1846,5,4,1,Communication Skills,Internal,Passed
1420,03-12-2022,24-Dec-22,MSC,Active,Full-Time,Zone C,Part-Time,Production       ,Project Management - Con,Project Manager,Male,16653,Other,Divorced,Needs Improvement,3,1847,5,2,3,Leadership Development,External,Completed
1421,23-12-2021,active,TNS,Active,Contract,Zone C,Part-Time,Production       ,Engineers,Engineer,Male,40621,Black,Divorced,PIP,3,1848,2,4,5,Communication Skills,Internal,Completed
1422,28-01-2022,active,PYZ,Active,Part-Time,Zone B,Full-Time,Production       ,Project Management - Con,Project Manager,Female,31815,Hispanic,Divorced,PIP,3,1849,2,4,4,Leadership Development,External,Passed
1423,15-12-2019,25-Jun-21,WBL,Terminated,Contract,Zone A,Full-Time,Production       ,Aerial,Lineman,Female,78073,White,Married,PIP,3,1850,3,1,2,Communication Skills,Internal,Completed
1424,11-11-2021,01-Aug-22,NEL,Terminated,Full-Time,Zone B,Temporary,Production       ,General - Con,Laborer,Female,57276,Hispanic,Single,PIP,3,1851,1,1,4,Communication Skills,External,Passed
1425,15-02-2019,28-Jul-23,PL,Terminated,Full-Time,Zone A,Part-Time,Production       ,General - Con,Technician,Female,47682,Black,Single,PIP,3,1852,3,4,1,Customer Service,Internal,Completed
1426,31-03-2022,active,PYZ,Active,Contract,Zone B,Temporary,Production       ,Wireline Construction,Lineman,Female,26452,Other,Divorced,PIP,3,1853,4,3,5,Project Management,External,Failed
1427,25-10-2020,18-Apr-22,WBL,Active,Contract,Zone A,Full-Time,Production       ,Shop (Fleet),Mechanic,Female,68252,Asian,Married,PIP,3,1854,1,2,5,Technical Skills,External,Failed
1428,25-07-2022,26-Apr-23,NEL,Terminated,Part-Time,Zone B,Part-Time,Production       ,General - Con,Locator,Male,42024,Other,Married,Exceeds,3,1855,3,3,3,Technical Skills,External,Incomplete
1429,02-08-2021,active,PL,Active,Full-Time,Zone A,Full-Time,Production       ,Field Operations,Technician,Female,45723,Black,Widowed,Exceeds,3,1856,2,3,3,Leadership Development,External,Failed
1430,13-11-2021,17-Mar-23,BPC,Terminated,Contract,Zone C,Temporary,Production       ,Billable Consultants,Engineer,Male,93336,Other,Divorced,Exceeds,3,1857,1,4,1,Project Management,External,Incomplete
1431,07-05-2019,27-Nov-19,TNS,Active,Contract,Zone A,Full-Time,Production       ,Wireline Construction,Lineman,Female,16981,Asian,Widowed,Exceeds,3,1858,2,4,1,Technical Skills,External,Failed
1432,31-12-2020,04-Mar-21,PYZ,Active,Contract,Zone A,Part-Time,Production       ,Field Operations,Field Technician,Female,66623,Hispanic,Married,Exceeds,3,1859,4,2,5,Technical Skills,Internal,Completed
1433,10-12-2019,07-Mar-20,WBL,Terminated,Part-Time,Zone B,Full-Time,Production       ,Project Management - Con,Coordinator,Female,34484,Asian,Divorced,Exceeds,3,1860,1,4,3,Project Management,External,Passed
1434,11-06-2020,active,NEL,Active,Contract,Zone A,Full-Time,Production       ,Wireline Construction,Apprentice,Male,97856,Black,Widowed,Exceeds,3,1861,1,2,4,Customer Service,Internal,Completed
1435,30-08-2021,active,PL,Active,Full-Time,Zone C,Temporary,Production       ,Aerial,Laborer,Male,25103,Other,Single,Exceeds,3,1862,5,4,4,Communication Skills,Internal,Incomplete
1436,04-11-2019,29-Dec-21,BPC,Active,Part-Time,Zone C,Full-Time,Production       ,Engineers,Engineer,Female,87036,Other,Single,Exceeds,3,1863,5,2,2,Communication Skills,Internal,Passed
1437,03-06-2023,18-Jul-23,CCDR,Active,Full-Time,Zone A,Temporary,Production       ,Field Operations,Splicer,Female,51953,Hispanic,Married,Exceeds,3,1864,3,2,1,Project Management,Internal,Completed
1438,14-02-2021,active,SVG,Active,Part-Time,Zone C,Part-Time,Production       ,Field Operations,Lineman,Female,67354,Asian,Single,Exceeds,3,1865,1,3,4,Project Management,Internal,Completed
1439,28-02-2023,active,EW,Active,Contract,Zone A,Temporary,Production       ,Field Operations,Operator,Male,81653,Asian,Divorced,Exceeds,3,1866,3,5,2,Customer Service,External,Completed
1440,09-01-2021,17-Aug-21,MSC,Active,Full-Time,Zone B,Temporary,Production       ,Engineers,Technician,Male,25698,Asian,Divorced,Needs Improvement,3,1867,1,5,2,Project Management,External,Passed
1441,22-03-2022,15-May-23,TNS,Active,Part-Time,Zone A,Full-Time,Production       ,Field Operations,Laborer,Male,6756,Black,Single,Needs Improvement,3,1868,5,3,3,Leadership Development,Internal,Completed
1442,11-11-2019,active,PYZ,Active,Part-Time,Zone C,Temporary,Production       ,Catv,Foreman,Female,70511,Asian,Married,Exceeds,3,1869,1,2,3,Customer Service,Internal,Failed
1443,04-10-2022,active,WBL,Active,Contract,Zone B,Full-Time,Production       ,Engineers,Engineer,Female,73361,Hispanic,Married,Fully Meets,3,1870,2,5,3,Communication Skills,External,Incomplete
1444,23-08-2021,active,NEL,Active,Contract,Zone C,Full-Time,Production       ,Wireline Construction,Laborer,Female,51310,White,Widowed,Fully Meets,3,1871,1,4,3,Customer Service,Internal,Failed
1445,05-12-2022,18-Jun-23,PL,Active,Full-Time,Zone B,Temporary,Production       ,Field Operations,Laborer,Female,64371,Hispanic,Married,Fully Meets,3,1872,1,2,5,Leadership Development,Internal,Incomplete
1446,20-07-2019,28-Aug-19,BPC,Active,Contract,Zone C,Temporary,Production       ,Engineers,Technician,Female,76588,Black,Married,Fully Meets,3,1873,5,2,3,Technical Skills,External,Incomplete
1447,05-11-2021,active,CCDR,Active,Full-Time,Zone B,Part-Time,Production       ,Technology / It,Technician,Male,35018,Asian,Widowed,Fully Meets,3,1874,2,4,4,Leadership Development,Internal,Passed
1448,04-01-2021,04-Mar-23,EW,Terminated,Full-Time,Zone C,Full-Time,Production       ,General - Con,Foreman,Male,24806,Other,Single,Fully Meets,3,1875,3,1,4,Project Management,Internal,Failed
1449,14-10-2022,02-Mar-23,MSC,Active,Full-Time,Zone A,Part-Time,Production       ,Field Operations,Operator,Female,40691,Hispanic,Single,Fully Meets,3,1876,4,2,1,Leadership Development,Internal,Completed
1450,30-10-2021,active,NEL,Active,Part-Time,Zone A,Full-Time,Production       ,General - Con,Foreman,Male,5750,Asian,Married,Fully Meets,3,1877,2,3,2,Technical Skills,External,Passed
1451,02-10-2022,28-Jun-23,WBL,Active,Part-Time,Zone B,Part-Time,Production       ,Splicing,Manager,Female,78562,White,Single,Fully Meets,3,1878,5,3,3,Technical Skills,External,Passed
1452,25-11-2018,14-Jun-20,BPC,Terminated,Part-Time,Zone B,Temporary,Production       ,Engineers,Engineer,Female,56517,Black,Single,Fully Meets,3,1879,2,3,4,Leadership Development,Internal,Passed
1453,09-07-2021,28-Jan-23,CCDR,Terminated,Full-Time,Zone A,Full-Time,Production       ,Project Management - Con,Foreman,Female,10781,Black,Widowed,Fully Meets,3,1880,5,1,2,Customer Service,Internal,Incomplete
1454,01-05-2019,active,EW,Active,Full-Time,Zone B,Part-Time,Production       ,Field Operations,Technician,Male,54917,Asian,Single,Fully Meets,3,1881,3,5,3,Communication Skills,External,Passed
1455,09-11-2021,13-Jan-23,MSC,Active,Full-Time,Zone A,Part-Time,Production       ,Fielders,Engineer,Female,91039,Asian,Divorced,Fully Meets,3,1882,1,4,2,Leadership Development,Internal,Incomplete
1456,27-08-2018,23-Mar-19,NEL,Active,Full-Time,Zone B,Temporary,Production       ,Project Management - Con,Project Manager,Female,26876,Black,Single,Fully Meets,3,1883,3,4,2,Customer Service,Internal,Failed
1457,16-03-2019,active,PL,Active,Part-Time,Zone C,Part-Time,Production       ,General - Eng,Engineer,Female,57831,Other,Married,Fully Meets,3,1884,1,3,3,Project Management,External,Incomplete
1458,07-01-2022,active,PYZ,Active,Contract,Zone B,Full-Time,Production       ,General - Con,Technician,Male,67723,Other,Married,Fully Meets,3,1885,1,2,4,Customer Service,Internal,Incomplete
1459,04-10-2022,05-Mar-23,SVG,Active,Contract,Zone A,Temporary,Production       ,Executive,Administrator,Male,79888,White,Single,Fully Meets,3,1886,3,2,5,Customer Service,External,Completed
1460,23-03-2022,active,TNS,Active,Full-Time,Zone C,Full-Time,Production       ,Field Operations,Tower Hand,Male,78957,White,Divorced,Fully Meets,3,1887,2,3,3,Customer Service,External,Passed
1461,05-05-2020,25-Jul-23,WBL,Active,Full-Time,Zone B,Temporary,Production       ,Engineers,Engineer,Female,36015,White,Married,Fully Meets,3,1888,1,5,1,Technical Skills,External,Completed
1462,23-11-2020,active,PYZ,Active,Contract,Zone B,Temporary,Production       ,General - Con,Laborer,Female,19032,Other,Divorced,Fully Meets,3,1889,5,4,4,Leadership Development,Internal,Incomplete
1463,28-03-2022,active,WBL,Active,Contract,Zone B,Full-Time,Production       ,Splicing,Laborer,Female,55466,White,Widowed,Fully Meets,3,1890,1,3,2,Communication Skills,Internal,Failed
1464,25-03-2020,active,NEL,Active,Full-Time,Zone C,Full-Time,Production       ,Aerial,Labor,Female,6790,Hispanic,Married,Fully Meets,3,1891,2,5,2,Leadership Development,External,Incomplete
1465,07-08-2018,active,TNS,Active,Contract,Zone A,Temporary,Production       ,Aerial,Technician,Female,91219,Asian,Single,Fully Meets,3,1892,3,3,3,Technical Skills,External,Incomplete
1466,11-02-2020,active,BPC,Active,Contract,Zone A,Full-Time,Production       ,General - Con,Clerk,Male,84422,White,Divorced,Fully Meets,3,1893,2,3,4,Leadership Development,Internal,Completed
1467,01-01-2023,active,CCDR,Active,Full-Time,Zone A,Full-Time,Production       ,Field Operations,Laborer,Male,12371,Other,Single,Fully Meets,3,1894,3,1,5,Technical Skills,External,Failed
1468,07-12-2022,active,EW,Active,Part-Time,Zone A,Part-Time,Production       ,Wireline Construction,Lineman,Female,23076,White,Married,Fully Meets,3,1895,4,5,2,Technical Skills,External,Completed
1469,13-03-2023,active,MSC,Active,Full-Time,Zone A,Part-Time,Production       ,Engineers,Engineer,Female,80925,Hispanic,Married,Fully Meets,3,1896,1,1,3,Customer Service,External,Completed
1470,14-11-2021,active,NEL,Active,Full-Time,Zone C,Temporary,Production       ,Field Operations,Laborer,Male,38371,Asian,Divorced,Fully Meets,3,1897,2,4,5,Communication Skills,External,Completed
1471,05-06-2019,20-Oct-20,MSC,Active,Full-Time,Zone C,Temporary,Production       ,Field Operations,Laborer,Female,5154,White,Single,Fully Meets,3,1898,4,5,5,Project Management,Internal,Completed
1472,12-12-2020,28-May-23,TNS,Active,Contract,Zone C,Full-Time,Production       ,Field Operations,Laborer,Female,57914,Asian,Married,Fully Meets,3,1899,2,4,5,Leadership Development,Internal,Incomplete
1473,06-04-2020,active,PYZ,Active,Full-Time,Zone B,Full-Time,Production       ,General - Con,Clerk,Female,46828,Hispanic,Widowed,Fully Meets,3,1900,2,2,5,Communication Skills,Internal,Passed
1474,30-01-2023,active,WBL,Active,Full-Time,Zone B,Full-Time,Production       ,Engineers,Engineer,Female,51699,White,Divorced,Fully Meets,3,1901,4,1,5,Project Management,External,Passed
1475,08-09-2020,19-Sep-22,NEL,Active,Full-Time,Zone A,Temporary,Production       ,Engineers,Project Manager,Male,86441,Other,Divorced,Fully Meets,3,1902,2,5,3,Customer Service,External,Incomplete
1476,14-12-2020,07-Dec-21,PL,Active,Part-Time,Zone C,Part-Time,Production       ,Field Operations,Foreman,Female,39875,Black,Divorced,Fully Meets,3,1903,5,5,2,Project Management,External,Completed
1477,07-11-2022,active,BPC,Active,Contract,Zone C,Part-Time,Production       ,General - Con,Laborer,Female,73332,Asian,Widowed,Fully Meets,3,1904,5,1,4,Leadership Development,Internal,Failed
1478,06-04-2022,active,CCDR,Active,Part-Time,Zone B,Temporary,Production       ,Wireline Construction,Vp,Female,85085,Asian,Married,Fully Meets,3,1905,5,2,1,Leadership Development,Internal,Passed
1479,22-02-2021,active,SVG,Active,Part-Time,Zone B,Full-Time,Production       ,Field Operations,Laborer,Male,11009,Hispanic,Widowed,Fully Meets,3,1906,1,4,5,Project Management,External,Passed
1480,16-05-2022,active,EW,Active,Full-Time,Zone C,Part-Time,Production       ,Field Operations,Operator,Male,89719,Asian,Widowed,Fully Meets,3,1907,2,4,5,Technical Skills,Internal,Completed
1481,18-01-2020,active,MSC,Active,Contract,Zone B,Part-Time,Production       ,Field Operations,Technician,Female,71466,White,Widowed,Fully Meets,3,1908,4,2,5,Project Management,External,Incomplete
1482,21-10-2021,active,TNS,Active,Full-Time,Zone A,Part-Time,Production       ,General - Con,Groundman,Female,68175,White,Widowed,Fully Meets,3,1909,3,5,2,Technical Skills,Internal,Passed
1483,05-01-2019,active,PYZ,Active,Full-Time,Zone C,Full-Time,Production       ,General - Eng,Drafter,Female,48973,Hispanic,Divorced,Fully Meets,3,1910,1,4,1,Customer Service,Internal,Passed
1484,24-01-2021,27-Jan-22,WBL,Terminated,Part-Time,Zone B,Temporary,Production       ,Wireline Construction,Laborer,Female,36064,White,Divorced,Fully Meets,3,1911,3,4,3,Communication Skills,External,Passed
1485,06-03-2020,06-Mar-21,TNS,Active,Part-Time,Zone B,Temporary,Production       ,Engineers,Engineer,Female,7544,Asian,Married,Fully Meets,3,1912,2,5,1,Leadership Development,External,Completed
1486,19-11-2022,15-Feb-23,PYZ,Terminated,Full-Time,Zone B,Full-Time,Production       ,General - Con,Lineman,Male,70057,White,Married,Fully Meets,3,1913,5,4,2,Project Management,External,Failed
1487,15-03-2019,02-Oct-19,WBL,Terminated,Part-Time,Zone B,Full-Time,Production       ,Engineers,Project Manager,Female,34085,Other,Married,Fully Meets,3,1914,4,4,5,Leadership Development,External,Passed
1488,11-05-2023,05-Jul-23,NEL,Active,Part-Time,Zone B,Temporary,Production       ,General - Con,Laborer,Female,25099,Asian,Divorced,Fully Meets,3,1915,2,3,5,Customer Service,External,Incomplete
1489,05-02-2022,07-Feb-23,PL,Active,Full-Time,Zone A,Full-Time,Production       ,General - Con,Technician,Male,86671,Other,Divorced,Fully Meets,3,1916,3,4,3,Technical Skills,Internal,Incomplete
1490,29-05-2019,active,EW,Active,Contract,Zone B,Full-Time,Production       ,General - Eng,Engineer,Female,39874,Black,Single,Fully Meets,3,1917,5,2,3,Customer Service,Internal,Incomplete
1491,09-01-2023,14-Mar-23,MSC,Active,Contract,Zone B,Temporary,Production       ,Field Operations,Supervisor,Female,36065,Black,Single,Fully Meets,3,1918,3,5,5,Communication Skills,Internal,Incomplete
1492,01-05-2022,21-Nov-22,TNS,Terminated,Contract,Zone A,Full-Time,Production       ,Shop (Fleet),Shop,Female,7972,Other,Widowed,Fully Meets,3,1919,2,3,3,Leadership Development,External,Failed
1493,26-01-2021,06-Aug-21,PYZ,Terminated,Full-Time,Zone B,Full-Time,Production       ,Field Operations,Tower Hand,Female,81226,Hispanic,Widowed,Fully Meets,3,1920,2,5,3,Customer Service,Internal,Failed
1494,06-09-2021,02-Jul-23,WBL,Active,Contract,Zone C,Full-Time,Production       ,Engineers,Engineer,Male,10345,Other,Married,Fully Meets,3,1921,3,2,5,Technical Skills,External,Incomplete
1495,29-07-2020,active,NEL,Active,Full-Time,Zone A,Part-Time,Production       ,General - Con,Technician,Male,89245,Asian,Divorced,Fully Meets,3,1922,1,1,3,Technical Skills,External,Passed
1496,31-03-2023,30-Apr-23,PL,Active,Full-Time,Zone B,Full-Time,Production       ,People Services,Director,Female,46757,Other,Widowed,Fully Meets,3,1923,3,4,4,Project Management,External,Failed
1497,16-05-2023,29-May-23,BPC,Active,Part-Time,Zone B,Full-Time,Production       ,Field Operations,Foreman,Female,53602,Hispanic,Married,Fully Meets,3,1924,3,5,1,Customer Service,External,Failed
1498,29-04-2023,07-Jul-23,CCDR,Active,Contract,Zone B,Full-Time,Production       ,Splicing,Laborer,Male,91520,Other,Divorced,Fully Meets,3,1925,1,5,3,Communication Skills,Internal,Completed
1499,27-11-2019,active,SVG,Active,Contract,Zone A,Temporary,Production       ,Field Operations,Director,Male,95240,Black,Single,Fully Meets,3,1926,3,4,2,Leadership Development,Internal,Passed
1500,03-11-2022,02-Apr-23,EW,Active,Full-Time,Zone C,Full-Time,Production       ,Field Operations,Technician,Male,4497,Hispanic,Married,Fully Meets,3,1927,3,2,1,Leadership Development,External,Completed
1501,08-08-2022,active,MSC,Active,Full-Time,Zone A,Part-Time,Production       ,General - Con,Laborer,Female,89914,Hispanic,Widowed,Fully Meets,3,1928,4,5,5,Communication Skills,Internal,Failed
1502,27-07-2023,active,TNS,Active,Contract,Zone A,Full-Time,Production       ,Field Operations,Coordinator,Female,97011,Asian,Widowed,Fully Meets,3,1929,4,1,3,Customer Service,Internal,Failed
1503,15-07-2023,active,PYZ,Active,Full-Time,Zone C,Temporary,Production       ,General - Con,Technician,Female,70906,Asian,Single,Fully Meets,3,1930,3,3,4,Project Management,External,Incomplete
1504,09-11-2022,active,WBL,Active,Full-Time,Zone B,Temporary,Production       ,Fielders,Engineer,Female,17678,White,Single,Fully Meets,3,1931,2,3,4,Leadership Development,Internal,Failed
1505,24-12-2019,12-Jun-22,BPC,Active,Full-Time,Zone A,Temporary,Sales,General - Sga,Project Manager,Male,1886,Other,Widowed,Fully Meets,3,1932,5,5,2,Customer Service,Internal,Failed
1506,08-03-2019,active,NEL,Active,Contract,Zone C,Part-Time,Sales,Aerial,Lineman,Female,5473,Black,Widowed,Fully Meets,3,1933,2,4,5,Customer Service,Internal,Incomplete
1507,25-06-2019,04-Oct-20,WBL,Terminated,Contract,Zone B,Full-Time,Sales,General - Eng,Supervisor,Female,19444,Other,Widowed,Fully Meets,3,1934,2,5,2,Leadership Development,External,Incomplete
1508,03-01-2019,active,TNS,Active,Part-Time,Zone A,Temporary,Sales,Yard (Material Handling),Coordinator,Male,60994,Hispanic,Divorced,Fully Meets,3,1935,5,1,4,Customer Service,Internal,Completed
1509,02-02-2023,active,BPC,Active,Full-Time,Zone B,Part-Time,Sales,Field Operations,Technician,Female,78866,Hispanic,Widowed,Fully Meets,3,1936,3,3,5,Leadership Development,External,Failed
1510,30-03-2022,30-Jan-23,CCDR,Terminated,Full-Time,Zone A,Temporary,Sales,Engineers,Technician,Female,34825,Asian,Single,Fully Meets,3,1937,4,5,4,Leadership Development,External,Completed
1511,23-03-2020,active,TNS,Active,Part-Time,Zone A,Full-Time,Sales,Splicing,Technician,Female,52524,Other,Single,Fully Meets,3,1938,1,4,3,Communication Skills,External,Passed
1512,06-06-2019,active,PYZ,Active,Contract,Zone C,Temporary,Sales,Field Operations,Engineer,Female,19068,Asian,Married,Fully Meets,3,1939,4,5,3,Communication Skills,External,Completed
1513,28-05-2023,active,TNS,Active,Contract,Zone A,Temporary,Sales,Engineers,Project Manager,Female,18285,Asian,Widowed,Fully Meets,3,1940,3,4,5,Communication Skills,External,Failed
1514,03-02-2021,active,PYZ,Active,Contract,Zone A,Part-Time,Sales,Engineers,Engineer,Female,13977,Hispanic,Widowed,Fully Meets,3,1941,3,5,4,Leadership Development,External,Failed
1515,30-07-2019,09-Nov-22,TNS,Terminated,Part-Time,Zone A,Part-Time,Sales,Wireline Construction,Laborer,Female,37830,Other,Widowed,Fully Meets,3,1942,2,4,2,Customer Service,Internal,Completed
1516,08-05-2022,17-Nov-22,PYZ,Terminated,Contract,Zone A,Part-Time,Sales,Shop (Fleet),Mechanic,Female,34057,White,Widowed,Fully Meets,3,1943,5,5,4,Technical Skills,Internal,Passed
1517,12-05-2020,active,TNS,Active,Part-Time,Zone A,Full-Time,Sales,Field Operations,Technician,Female,80132,Asian,Married,Fully Meets,3,1944,1,4,1,Technical Skills,External,Completed
1518,28-03-2019,10-Dec-22,TNS,Terminated,Full-Time,Zone A,Temporary,Sales,Engineers,Engineer,Female,36863,White,Married,Fully Meets,3,1945,1,3,4,Customer Service,External,Passed
1519,22-07-2019,active,WBL,Active,Full-Time,Zone A,Full-Time,Sales,Aerial,Lineman,Female,76522,Other,Widowed,Fully Meets,3,1946,3,5,1,Customer Service,Internal,Completed
1520,17-09-2020,active,MSC,Active,Part-Time,Zone C,Temporary,Sales,General - Sga,Manager,Female,42775,White,Single,Fully Meets,3,1947,1,3,3,Communication Skills,External,Failed
1521,02-07-2022,09-Aug-22,TNS,Terminated,Part-Time,Zone B,Temporary,Sales,Splicing,Splicer,Female,46619,Black,Married,Fully Meets,3,1948,2,1,5,Project Management,External,Failed
1522,30-11-2019,active,MSC,Active,Contract,Zone A,Part-Time,Sales,Field Operations,Technician,Female,63764,Hispanic,Divorced,Fully Meets,3,1949,5,3,4,Customer Service,Internal,Incomplete
1523,21-07-2023,21-Jul-23,TNS,Terminated,Contract,Zone C,Temporary,Production       ,Splicing,Splicer,Female,30495,Asian,Married,Fully Meets,3,1950,3,2,1,Project Management,External,Passed
1524,26-08-2020,30-May-21,SVG,Terminated,Full-Time,Zone A,Temporary,Sales,Aerial,Foreman,Female,32929,Asian,Married,Fully Meets,3,1951,4,1,3,Leadership Development,Internal,Incomplete
1525,16-05-2020,active,TNS,Active,Full-Time,Zone A,Full-Time,Sales,Underground,Laborer,Female,57392,Other,Divorced,Fully Meets,3,1952,2,5,2,Leadership Development,Internal,Passed
1526,06-04-2023,24-May-23,PL,Active,Full-Time,Zone B,Full-Time,Production       ,Finance & Accounting,Cfo,Female,2718,Asian,Divorced,Fully Meets,3,1953,4,5,4,Leadership Development,External,Passed
1527,18-02-2019,31-Oct-22,SVG,Terminated,Part-Time,Zone C,Temporary,Production       ,Finance & Accounting,Administration,Female,2129,Other,Divorced,Fully Meets,3,1954,1,1,5,Customer Service,External,Passed
1528,10-10-2020,active,MSC,Active,Full-Time,Zone A,Temporary,Production       ,Field Operations,Engineer,Male,1776,White,Married,Fully Meets,3,1955,2,3,4,Leadership Development,Internal,Incomplete
1529,15-05-2021,active,PL,Active,Part-Time,Zone A,Full-Time,Production       ,Billable Consultants,Engineer,Female,1915,Black,Married,Fully Meets,3,1956,1,5,4,Communication Skills,External,Passed
1530,13-05-2019,30-May-22,TNS,Terminated,Part-Time,Zone C,Full-Time,Production       ,Field Operations,Manager,Female,2330,Asian,Widowed,Fully Meets,3,1957,5,2,2,Customer Service,External,Failed
1531,04-07-2019,active,PYZ,Active,Contract,Zone B,Full-Time,Production       ,Sales & Marketing,Assistant,Female,2170,Other,Married,Fully Meets,3,1958,4,2,5,Communication Skills,Internal,Incomplete
1532,01-04-2022,28-Apr-22,CCDR,Active,Part-Time,Zone B,Temporary,Production       ,Project Management - Con,Coordinator,Female,2154,Asian,Married,Fully Meets,3,1959,5,3,4,Project Management,External,Completed
1533,03-11-2018,active,PYZ,Active,Full-Time,Zone A,Part-Time,Production       ,Aerial,Administrator,Male,2176,White,Divorced,Fully Meets,3,1960,3,4,1,Leadership Development,Internal,Passed
1534,11-10-2018,04-May-22,TNS,Terminated,Part-Time,Zone A,Full-Time,Production       ,General - Eng,Drafter,Female,2351,Black,Married,Fully Meets,3,1961,2,3,1,Customer Service,External,Failed
1535,25-06-2023,25-Jul-23,CCDR,Active,Contract,Zone C,Part-Time,Production       ,General - Con,Clerk,Female,1824,Other,Divorced,Fully Meets,3,1962,2,4,1,Leadership Development,External,Completed
1536,14-09-2020,31-Aug-21,CCDR,Terminated,Contract,Zone B,Full-Time,Production       ,General - Con,Technician,Female,2446,Other,Married,Fully Meets,3,1963,2,5,3,Technical Skills,Internal,Incomplete
1537,20-12-2022,11-Mar-23,EW,Terminated,Part-Time,Zone B,Part-Time,Production       ,Executive,Manager,Female,2458,Other,Married,Fully Meets,3,1964,5,5,5,Customer Service,Internal,Failed
1538,23-02-2022,active,CCDR,Active,Full-Time,Zone A,Temporary,Production       ,General - Con,Specialist,Female,2021,White,Widowed,Fully Meets,3,1965,3,1,1,Leadership Development,External,Failed
1539,31-05-2019,active,TNS,Active,Full-Time,Zone C,Part-Time,Production       ,General - Con,Technician,Female,1040,Other,Widowed,Fully Meets,3,1966,4,3,2,Communication Skills,Internal,Failed
1540,29-01-2019,active,PL,Active,Part-Time,Zone A,Part-Time,Production       ,General - Con,Flagger,Female,2453,Other,Single,Fully Meets,3,1967,4,2,4,Customer Service,Internal,Incomplete
1541,01-09-2019,active,NEL,Active,Full-Time,Zone B,Temporary,Production       ,General - Con,Laborer,Female,1887,Asian,Widowed,Fully Meets,3,1968,1,4,2,Customer Service,Internal,Incomplete
1542,17-01-2021,08-Jun-21,MSC,Active,Full-Time,Zone A,Part-Time,Production       ,General - Con,Foreman,Female,2122,White,Single,Fully Meets,3,1969,4,3,3,Communication Skills,Internal,Incomplete
1543,21-04-2022,21-Apr-22,PYZ,Active,Part-Time,Zone C,Temporary,Production       ,Field Operations,Foreman,Female,1886,Other,Single,Fully Meets,3,1970,5,4,4,Leadership Development,External,Failed
1544,15-09-2018,14-Jul-23,MSC,Terminated,Part-Time,Zone C,Full-Time,Production       ,General - Con,Lineman,Female,2210,Other,Divorced,Fully Meets,3,1971,3,2,1,Leadership Development,External,Incomplete
1545,04-12-2021,07-Jan-22,EW,Active,Contract,Zone A,Temporary,Production       ,Field Operations,Laborer,Male,2045,Asian,Single,Fully Meets,3,1972,2,2,3,Leadership Development,External,Incomplete
1546,14-11-2019,active,BPC,Active,Full-Time,Zone B,Full-Time,Production       ,General - Con,Laborer,Female,2324,Black,Married,Fully Meets,3,1973,4,2,3,Communication Skills,External,Failed
1547,14-04-2021,active,NEL,Active,Part-Time,Zone A,Temporary,Production       ,Aerial,Supervisor,Female,2110,White,Widowed,Fully Meets,3,1974,4,1,3,Project Management,Internal,Incomplete
1548,14-04-2019,active,SVG,Active,Contract,Zone A,Temporary,Production       ,Project Management - Con,Manager,Female,10062,Other,Divorced,Fully Meets,3,1975,4,4,3,Customer Service,Internal,Failed
1549,09-01-2021,active,EW,Active,Full-Time,Zone C,Full-Time,Production       ,Finance & Accounting,Administration,Female,82592,White,Single,Fully Meets,3,1976,1,5,1,Communication Skills,External,Completed
1550,26-12-2022,04-Jul-23,MSC,Terminated,Contract,Zone B,Full-Time,Production       ,Field Operations,Technician,Female,4549,White,Single,Fully Meets,3,1977,2,5,4,Leadership Development,Internal,Incomplete
1551,05-10-2021,02-Jul-23,TNS,Terminated,Full-Time,Zone B,Part-Time,Production       ,Finance & Accounting,Administration,Female,61287,Other,Divorced,Fully Meets,3,1978,3,5,1,Leadership Development,Internal,Failed
1552,25-09-2022,27-Mar-23,PYZ,Active,Part-Time,Zone B,Temporary,Production       ,Engineers,Engineer,Female,61958,Asian,Single,Fully Meets,3,1979,1,4,5,Communication Skills,Internal,Failed
1553,10-11-2021,active,WBL,Active,Part-Time,Zone C,Full-Time,Production       ,General - Con,Manager,Female,37701,Hispanic,Married,Fully Meets,3,1980,5,4,5,Project Management,External,Failed
1554,08-04-2021,16-Jul-23,NEL,Active,Contract,Zone A,Temporary,Production       ,General - Con,Foreman,Male,19755,Black,Divorced,Fully Meets,3,1981,5,4,3,Leadership Development,Internal,Passed
1555,14-11-2018,active,PL,Active,Full-Time,Zone C,Temporary,Production       ,General - Sga,Manager,Female,48632,Hispanic,Married,Fully Meets,3,1982,3,5,5,Leadership Development,Internal,Passed
1556,14-03-2020,22-Oct-22,BPC,Active,Part-Time,Zone C,Full-Time,Production       ,General - Con,Laborer,Female,31391,Asian,Widowed,Fully Meets,3,1983,2,5,1,Customer Service,Internal,Failed
1557,24-06-2020,active,CCDR,Active,Full-Time,Zone B,Temporary,Production       ,Catv,Splicer,Female,8522,Black,Single,Fully Meets,3,1984,5,2,2,Leadership Development,Internal,Failed
1558,19-03-2023,04-Apr-23,SVG,Active,Contract,Zone B,Temporary,Production       ,General - Con,Lineman,Female,88359,White,Widowed,Fully Meets,3,1985,5,5,2,Communication Skills,Internal,Incomplete
1559,15-08-2022,active,EW,Active,Contract,Zone C,Full-Time,Production       ,Executive,Director,Female,21326,Black,Divorced,Fully Meets,3,1986,1,4,2,Communication Skills,Internal,Failed
1560,09-11-2018,active,MSC,Active,Full-Time,Zone C,Part-Time,Production       ,General - Sga,Administrator,Female,75570,White,Single,Fully Meets,3,1987,5,1,3,Communication Skills,Internal,Failed
1561,23-11-2018,19-Aug-19,TNS,Active,Contract,Zone A,Temporary,Production       ,Field Operations,Laborer,Female,97548,Black,Single,Fully Meets,3,1988,1,3,5,Project Management,External,Completed
1562,25-02-2020,active,PL,Active,Full-Time,Zone A,Temporary,Production       ,Field Operations,Groundman,Female,51952,Other,Married,Fully Meets,3,1989,4,2,5,Leadership Development,External,Incomplete
1563,16-05-2020,18-May-22,BPC,Active,Full-Time,Zone C,Temporary,Production       ,Field Operations,Laborer,Female,46806,Black,Divorced,Fully Meets,3,1990,3,1,1,Leadership Development,Internal,Incomplete
1564,18-06-2019,05-Jul-23,CCDR,Active,Contract,Zone B,Temporary,Production       ,General - Con,Technician,Female,67662,Other,Married,Fully Meets,3,1991,2,1,3,Technical Skills,External,Failed
1565,20-05-2019,30-Mar-21,SVG,Active,Contract,Zone A,Part-Time,Production       ,General - Con,Laborer,Female,74114,White,Divorced,Fully Meets,3,1992,4,3,3,Communication Skills,Internal,Failed
1566,16-10-2020,12-Feb-21,EW,Active,Full-Time,Zone A,Full-Time,Production       ,Field Operations,Technician,Female,54589,Hispanic,Divorced,Fully Meets,3,1993,5,2,4,Customer Service,External,Failed
1567,01-07-2022,03-Nov-22,MSC,Active,Full-Time,Zone A,Full-Time,Production       ,General - Con,Lineman,Female,43526,Other,Single,Fully Meets,3,1994,5,5,1,Technical Skills,External,Passed
1568,17-12-2022,active,TNS,Active,Contract,Zone A,Full-Time,Production       ,Field Operations,Driller,Female,22396,Other,Married,Fully Meets,3,1995,4,3,1,Communication Skills,External,Passed
1569,24-10-2021,21-Nov-21,PYZ,Active,Part-Time,Zone A,Temporary,Production       ,Aerial,Lineman,Female,92216,White,Single,Fully Meets,3,1996,3,5,2,Communication Skills,Internal,Failed
1570,28-02-2019,11-Oct-19,WBL,Active,Part-Time,Zone B,Full-Time,Production       ,Wireline Construction,Project Manager,Female,64180,Asian,Divorced,Fully Meets,3,1997,3,3,2,Project Management,Internal,Failed
1571,24-03-2022,active,NEL,Active,Full-Time,Zone C,Part-Time,Production       ,General - Con,Laborer,Female,34377,Black,Widowed,Fully Meets,3,1998,2,4,3,Technical Skills,Internal,Completed
1572,17-10-2021,12-Nov-22,PL,Active,Contract,Zone A,Temporary,Production       ,Field Operations,Locator,Female,65306,Other,Widowed,Fully Meets,3,1999,3,2,2,Technical Skills,External,Passed
1573,13-05-2022,12-Sep-22,PYZ,Active,Full-Time,Zone A,Part-Time,Production       ,General - Con,Flagger,Female,29557,Black,Widowed,Fully Meets,3,2000,1,3,3,Technical Skills,Internal,Incomplete
1574,09-10-2019,06-Jan-23,SVG,Terminated,Contract,Zone B,Full-Time,Production       ,Yard (Material Handling),Coordinator,Female,18299,White,Widowed,Fully Meets,3,2001,5,3,5,Leadership Development,Internal,Incomplete
1575,12-10-2018,21-Jul-23,TNS,Terminated,Contract,Zone B,Temporary,Production       ,General - Con,Laborer,Female,81634,White,Married,Fully Meets,3,2002,1,4,2,Project Management,External,Incomplete
1576,13-04-2020,28-Nov-22,WBL,Terminated,Contract,Zone B,Part-Time,Production       ,Shop (Fleet),Welder,Female,48650,Other,Married,Fully Meets,3,2003,5,5,1,Technical Skills,External,Completed
1577,25-04-2021,active,PYZ,Active,Contract,Zone B,Full-Time,Production       ,Engineers,Engineer,Female,72181,Other,Divorced,Fully Meets,3,2004,3,3,4,Leadership Development,Internal,Completed
1578,21-12-2018,16-Nov-22,WBL,Active,Part-Time,Zone B,Part-Time,Production       ,Splicing,Laborer,Female,53844,Asian,Widowed,Fully Meets,3,2005,2,1,2,Leadership Development,Internal,Completed
1579,19-09-2021,active,NEL,Active,Contract,Zone C,Temporary,Production       ,Executive,Chief Operating Officer,Male,72825,Other,Married,Fully Meets,3,2006,5,5,2,Communication Skills,External,Completed
1580,15-12-2020,active,PL,Active,Full-Time,Zone C,Temporary,Production       ,Splicing,Splicer,Female,10308,Black,Widowed,Fully Meets,3,2007,4,1,5,Communication Skills,External,Passed
1581,15-07-2019,13-Jan-20,BPC,Active,Part-Time,Zone A,Temporary,Production       ,Field Operations,Lineman,Female,67443,Asian,Widowed,Fully Meets,3,2008,1,2,2,Project Management,External,Passed
1582,17-11-2021,active,CCDR,Active,Contract,Zone C,Temporary,Production       ,Project Management - Con,Engineer,Female,9141,White,Widowed,Fully Meets,3,2009,5,2,2,Customer Service,Internal,Incomplete
1583,04-02-2023,24-Jun-23,SVG,Active,Part-Time,Zone B,Part-Time,Production       ,Catv,Laborer,Female,71663,Hispanic,Married,Fully Meets,3,2010,4,4,4,Communication Skills,Internal,Passed
1584,03-07-2022,12-Jul-22,EW,Active,Contract,Zone B,Temporary,Production       ,Finance & Accounting,Clerk,Female,91439,Asian,Married,Fully Meets,3,2011,3,2,2,Leadership Development,Internal,Completed
1585,24-01-2020,14-Sep-22,MSC,Active,Contract,Zone B,Full-Time,Production       ,General - Sga,Vp,Female,44651,White,Single,Fully Meets,3,2012,2,3,2,Communication Skills,External,Incomplete
1586,07-07-2019,27-Mar-21,TNS,Active,Contract,Zone A,Temporary,Production       ,General - Con,Foreman,Female,61363,Black,Widowed,Fully Meets,3,2013,4,5,4,Leadership Development,External,Failed
1587,13-03-2022,active,EW,Active,Part-Time,Zone B,Temporary,Production       ,Splicing,Technician,Female,6175,Asian,Divorced,Fully Meets,3,2014,2,5,4,Technical Skills,External,Incomplete
1588,02-06-2023,active,MSC,Active,Part-Time,Zone B,Part-Time,Production       ,Engineers,Engineer,Female,23634,White,Widowed,Fully Meets,3,2015,4,3,1,Leadership Development,Internal,Passed
1589,08-04-2021,active,NEL,Active,Contract,Zone C,Full-Time,Production       ,Field Operations,Lineman,Female,66919,White,Widowed,Fully Meets,3,2016,1,3,5,Technical Skills,Internal,Incomplete
1590,02-12-2019,active,PL,Active,Full-Time,Zone B,Part-Time,Production       ,Aerial,Laborer,Female,10719,Black,Single,Fully Meets,3,2017,2,5,4,Communication Skills,External,Incomplete
1591,09-03-2022,18-May-23,PYZ,Active,Contract,Zone C,Temporary,Production       ,Yard (Material Handling),Runner,Female,86107,Asian,Divorced,Fully Meets,3,2018,5,2,1,Customer Service,External,Incomplete
1592,26-03-2022,active,SVG,Active,Full-Time,Zone C,Temporary,Production       ,Field Operations,Laborer,Female,65810,White,Widowed,Fully Meets,3,2019,2,1,4,Technical Skills,External,Completed
1593,08-05-2021,05-Aug-22,TNS,Active,Part-Time,Zone A,Full-Time,Production       ,Wireline Construction,Billing,Female,47869,Black,Widowed,Fully Meets,3,2020,2,1,4,Leadership Development,Internal,Failed
1594,29-11-2022,active,WBL,Active,Part-Time,Zone A,Temporary,Production       ,Field Operations,Foreman,Female,54120,Asian,Widowed,Fully Meets,3,2021,1,3,4,Project Management,External,Incomplete
1595,24-05-2019,active,BPC,Active,Contract,Zone B,Part-Time,Production       ,Wireless,Operator,Female,21322,White,Divorced,Fully Meets,3,2022,5,3,5,Leadership Development,External,Incomplete
1596,29-01-2022,23-Apr-22,CCDR,Active,Part-Time,Zone C,Part-Time,Production       ,General - Con,Foreman,Female,31287,Hispanic,Divorced,Fully Meets,3,2023,3,4,4,Communication Skills,External,Incomplete
1597,06-07-2021,14-Mar-22,EW,Active,Full-Time,Zone C,Full-Time,Production       ,Field Operations,Coordinator,Female,5063,Asian,Single,Fully Meets,3,2024,2,1,5,Communication Skills,External,Failed
1598,29-01-2021,12-Feb-23,MSC,Active,Part-Time,Zone C,Temporary,Production       ,Field Operations,Laborer,Female,90678,Asian,Single,Fully Meets,3,2025,1,2,4,Technical Skills,Internal,Passed
1599,13-05-2023,10-Jun-23,SVG,Active,Contract,Zone A,Full-Time,Production       ,Field Operations,Locator,Female,5306,Hispanic,Married,Fully Meets,3,2026,2,4,4,Project Management,External,Incomplete
1600,22-05-2019,active,EW,Active,Part-Time,Zone A,Full-Time,Production       ,Fielders,Engineer,Female,42458,Black,Single,Fully Meets,3,2027,3,1,3,Technical Skills,External,Incomplete
1601,30-09-2021,14-Nov-21,MSC,Terminated,Full-Time,Zone C,Temporary,Production       ,Field Operations,Tower Hand,Female,77958,Hispanic,Widowed,Fully Meets,3,2028,4,4,4,Project Management,External,Passed
1602,09-09-2019,active,TNS,Active,Contract,Zone C,Full-Time,Production       ,General - Eng,Billing,Female,84191,Black,Single,Fully Meets,3,2029,2,5,1,Project Management,External,Passed
1603,26-04-2019,13-May-19,PYZ,Active,Full-Time,Zone B,Full-Time,Production       ,Wireline Construction,Operator,Female,34988,Asian,Married,Fully Meets,3,2030,4,1,5,Communication Skills,External,Incomplete
1604,19-02-2022,05-Apr-23,WBL,Active,Full-Time,Zone C,Full-Time,Production       ,Project Management - Con,Manager,Male,8786,Asian,Married,Fully Meets,3,2031,1,3,1,Technical Skills,External,Failed
1605,16-04-2022,25-Dec-22,NEL,Active,Contract,Zone C,Part-Time,Production       ,Field Operations,Technician,Male,19087,Asian,Divorced,Fully Meets,3,2032,5,2,4,Customer Service,Internal,Completed
1606,12-05-2022,active,PL,Active,Full-Time,Zone A,Full-Time,Production       ,General - Con,Laborer,Female,47570,White,Divorced,Fully Meets,3,2033,4,1,5,Leadership Development,External,Passed
1607,26-08-2021,03-Aug-23,BPC,Active,Full-Time,Zone C,Part-Time,Production       ,Field Operations,Driver,Female,95951,Asian,Married,Fully Meets,3,2034,2,4,1,Technical Skills,Internal,Passed
1608,06-06-2020,23-Nov-21,CCDR,Active,Full-Time,Zone C,Full-Time,Production       ,Aerial,Lineman,Female,44292,Asian,Married,Fully Meets,3,2035,4,2,3,Customer Service,External,Failed
1609,26-06-2022,active,SVG,Active,Contract,Zone A,Part-Time,Production       ,Aerial,Laborer,Female,1372,Asian,Single,Fully Meets,3,2036,4,3,4,Communication Skills,Internal,Completed
1610,09-01-2021,14-May-22,EW,Active,Contract,Zone C,Full-Time,Production       ,General - Con,Clerk,Female,14973,White,Married,Fully Meets,3,2037,2,5,4,Leadership Development,Internal,Failed
1611,02-09-2018,active,MSC,Active,Part-Time,Zone A,Temporary,Production       ,Splicing,Foreman,Female,81445,Black,Married,Fully Meets,3,2038,5,3,2,Technical Skills,Internal,Passed
1612,22-04-2022,active,TNS,Active,Full-Time,Zone B,Full-Time,Production       ,Field Operations,Operator,Female,29345,White,Single,Fully Meets,3,2039,5,2,2,Customer Service,External,Incomplete
1613,05-12-2021,26-Jun-23,NEL,Active,Contract,Zone B,Temporary,Production       ,General - Con,Lineman,Female,33621,Other,Divorced,Fully Meets,3,2040,1,2,5,Communication Skills,Internal,Passed
1614,13-09-2022,active,PL,Active,Part-Time,Zone C,Part-Time,Production       ,General - Con,Laborer,Female,91981,Black,Single,Fully Meets,3,2041,1,1,5,Technical Skills,External,Completed
1615,24-11-2019,active,BPC,Active,Part-Time,Zone C,Part-Time,Production       ,General - Con,Technician,Female,79529,White,Married,Fully Meets,3,2042,5,2,1,Customer Service,External,Passed
1616,19-03-2020,active,CCDR,Active,Contract,Zone C,Part-Time,Production       ,Isp,Technician,Female,7492,White,Married,Fully Meets,3,2043,1,3,3,Project Management,Internal,Passed
1617,14-09-2022,active,SVG,Active,Contract,Zone C,Full-Time,Production       ,Wireline Construction,Operator,Female,16589,Black,Married,Fully Meets,3,2044,5,1,5,Customer Service,External,Passed
1618,21-09-2021,active,EW,Active,Part-Time,Zone A,Part-Time,Production       ,Fielders,Engineer,Female,39813,Other,Divorced,Fully Meets,3,2045,3,1,4,Customer Service,Internal,Incomplete
1619,22-05-2020,active,MSC,Active,Part-Time,Zone C,Part-Time,Production       ,Project Management - Con,Manager,Female,31663,Asian,Widowed,Fully Meets,3,2046,2,2,4,Technical Skills,Internal,Incomplete
1620,13-12-2022,active,TNS,Active,Contract,Zone A,Part-Time,Production       ,Aerial,Laborer,Female,26502,White,Single,Fully Meets,3,2047,3,5,3,Technical Skills,Internal,Failed
1621,07-02-2022,active,PYZ,Active,Contract,Zone B,Part-Time,Production       ,Aerial,Laborer,Female,4321,Asian,Married,Fully Meets,3,2048,2,5,4,Customer Service,External,Failed
1622,06-10-2020,active,WBL,Active,Contract,Zone A,Full-Time,Production       ,Field Operations,Laborer,Female,93573,Asian,Widowed,Fully Meets,3,2049,3,1,3,Project Management,Internal,Failed
1623,11-01-2022,16-Dec-22,NEL,Active,Full-Time,Zone C,Full-Time,Production       ,Wireless,Safety,Female,17084,White,Widowed,Fully Meets,3,2050,5,4,5,Communication Skills,Internal,Completed
1624,26-02-2022,active,CCDR,Active,Part-Time,Zone C,Temporary,Production       ,Field Operations,Laborer,Female,18433,Black,Single,Fully Meets,3,2051,5,2,4,Project Management,Internal,Incomplete
1625,10-06-2020,13-Nov-22,SVG,Active,Part-Time,Zone B,Part-Time,Production       ,Field Operations,Laborer,Female,61020,Hispanic,Married,Fully Meets,3,2052,1,4,4,Project Management,Internal,Completed
1626,27-09-2021,active,EW,Active,Part-Time,Zone B,Temporary,Production       ,Engineers,Engineer,Female,34501,White,Divorced,Fully Meets,3,2053,5,3,1,Leadership Development,Internal,Incomplete
1627,25-10-2018,15-Oct-21,MSC,Active,Contract,Zone C,Temporary,Production       ,Project Management - Con,Coordinator,Female,41617,Black,Married,Fully Meets,3,2054,4,5,3,Leadership Development,Internal,Incomplete
1628,25-11-2020,active,TNS,Active,Contract,Zone A,Full-Time,Production       ,Engineers,Executive,Female,70318,White,Divorced,Fully Meets,3,2055,5,4,2,Technical Skills,External,Passed
1629,17-04-2020,26-Feb-22,PYZ,Active,Contract,Zone A,Full-Time,Production       ,Field Operations,Laborer,Female,69455,White,Divorced,Fully Meets,3,2056,3,4,1,Technical Skills,External,Failed
1630,15-04-2021,active,WBL,Active,Contract,Zone C,Part-Time,Production       ,Field Operations,Laborer,Male,28907,Hispanic,Married,Fully Meets,3,2057,4,1,3,Customer Service,Internal,Failed
1631,17-04-2022,03-Jun-22,NEL,Active,Full-Time,Zone A,Temporary,Production       ,Field Operations,Laborer,Male,9125,White,Divorced,Fully Meets,3,2058,5,5,4,Customer Service,Internal,Passed
1632,29-07-2023,06-Aug-23,PL,Terminated,Full-Time,Zone C,Temporary,Production       ,General - Con,Laborer,Female,7499,White,Married,Fully Meets,3,2059,4,4,5,Customer Service,External,Completed
1633,26-01-2023,active,BPC,Active,Part-Time,Zone C,Part-Time,Production       ,Field Operations,Tower Hand,Female,96077,Asian,Divorced,Fully Meets,3,2060,5,5,5,Project Management,External,Failed
1634,12-12-2018,active,CCDR,Active,Full-Time,Zone A,Full-Time,Production       ,Engineers,Field Project Manager,Female,55355,Other,Married,Fully Meets,3,2061,2,4,3,Technical Skills,External,Incomplete
1635,25-10-2018,active,SVG,Active,Contract,Zone C,Temporary,Production       ,Project Management - Con,Laborer,Female,35346,Hispanic,Single,Fully Meets,3,2062,4,1,2,Project Management,External,Passed
1636,20-05-2021,active,EW,Active,Contract,Zone B,Full-Time,Production       ,Aerial,Groundman,Female,72585,Hispanic,Married,Fully Meets,3,2063,4,5,3,Technical Skills,External,Failed
1637,28-08-2020,26-Dec-20,MSC,Active,Part-Time,Zone C,Full-Time,Production       ,Finance & Accounting,Executive,Female,32823,White,Single,Fully Meets,3,2064,1,3,5,Technical Skills,Internal,Passed
1638,10-05-2020,active,EW,Active,Contract,Zone C,Full-Time,Production       ,Field Operations,Laborer,Female,18169,Other,Single,Fully Meets,3,2065,5,4,4,Leadership Development,Internal,Failed
1639,04-08-2023,04-Aug-23,MSC,Active,Contract,Zone A,Full-Time,Production       ,Project Management - Con,Manager,Female,71853,Asian,Single,Fully Meets,3,2066,1,5,1,Customer Service,Internal,Passed
1640,22-04-2022,active,NEL,Active,Full-Time,Zone C,Part-Time,Production       ,Engineers,Project Manager,Female,97487,White,Divorced,Fully Meets,3,2067,5,2,1,Leadership Development,External,Failed
1641,05-06-2021,active,PL,Active,Contract,Zone C,Part-Time,Production       ,Field Operations,Laborer,Female,53645,White,Divorced,Fully Meets,3,2068,4,3,5,Leadership Development,Internal,Incomplete
1642,29-06-2022,active,PYZ,Active,Full-Time,Zone C,Temporary,Production       ,Wireline Construction,Manager,Female,43569,Other,Widowed,Fully Meets,3,2069,3,1,5,Communication Skills,External,Incomplete
1643,02-07-2022,active,SVG,Active,Contract,Zone A,Full-Time,Production       ,Field Operations,Operator,Female,38800,White,Divorced,Fully Meets,3,2070,3,4,5,Technical Skills,Internal,Completed
1644,04-01-2023,active,TNS,Active,Contract,Zone A,Full-Time,Production       ,Wireline Construction,Laborer,Female,72287,White,Widowed,Fully Meets,3,2071,2,1,5,Technical Skills,Internal,Incomplete
1645,08-07-2023,active,WBL,Active,Contract,Zone A,Temporary,Production       ,Project Management - Con,Engineer,Female,37599,White,Single,Fully Meets,3,2072,5,4,1,Customer Service,Internal,Passed
1646,03-03-2023,06-Aug-23,PYZ,Active,Part-Time,Zone B,Full-Time,Production       ,Field Operations,Manager,Female,52861,Hispanic,Single,Fully Meets,3,2073,1,2,2,Project Management,Internal,Incomplete
1647,19-08-2019,active,WBL,Active,Part-Time,Zone B,Full-Time,Production       ,Field Operations,Supervisor,Female,11079,Hispanic,Widowed,Fully Meets,3,2074,3,2,4,Project Management,Internal,Passed
1648,30-10-2018,active,NEL,Active,Contract,Zone A,Full-Time,Production       ,Project Management - Con,Manager,Female,88221,Other,Married,Fully Meets,3,2075,4,5,2,Customer Service,External,Incomplete
1649,07-12-2021,02-Jan-23,PL,Active,Full-Time,Zone A,Full-Time,Production       ,Field Operations,Project Manager,Female,83667,Black,Divorced,Fully Meets,3,2076,5,5,1,Communication Skills,Internal,Completed
1650,18-11-2020,13-Feb-21,PYZ,Active,Full-Time,Zone A,Temporary,Production       ,General - Con,Foreman,Female,50403,Asian,Married,Fully Meets,3,2077,4,1,1,Communication Skills,Internal,Completed
1651,26-09-2018,15-Oct-19,SVG,Terminated,Full-Time,Zone B,Temporary,Production       ,Field Operations,Laborer,Female,50499,White,Single,Fully Meets,3,2078,5,5,2,Communication Skills,Internal,Incomplete
1652,19-06-2022,active,TNS,Active,Part-Time,Zone B,Part-Time,Production       ,General - Con,Flagger,Female,60487,White,Married,Fully Meets,3,2079,4,2,3,Leadership Development,External,Completed
1653,15-09-2022,14-Feb-23,WBL,Active,Contract,Zone B,Temporary,Production       ,Catv,Supervisor,Female,34104,Other,Married,Fully Meets,3,2080,4,1,4,Project Management,External,Failed
1654,09-05-2020,active,BPC,Active,Part-Time,Zone A,Temporary,Production       ,Engineers,Supervisor,Female,84354,Asian,Married,Fully Meets,3,2081,1,1,4,Customer Service,External,Failed
1655,17-02-2021,active,CCDR,Active,Contract,Zone C,Temporary,Production       ,Field Operations,Laborer,Male,53786,Black,Single,Fully Meets,3,2082,4,2,4,Customer Service,External,Incomplete
1656,12-04-2020,active,EW,Active,Contract,Zone C,Temporary,Production       ,Engineers,Technician,Female,92893,Hispanic,Divorced,Fully Meets,3,2083,2,2,4,Project Management,External,Incomplete
1657,30-03-2021,active,MSC,Active,Contract,Zone B,Full-Time,Production       ,Sales & Marketing,Assistant,Female,77142,Hispanic,Divorced,Fully Meets,3,2084,3,2,2,Project Management,External,Passed
1658,05-05-2019,11-Jan-22,NEL,Active,Contract,Zone C,Full-Time,Production       ,Engineers,Engineer,Female,8666,Asian,Married,Fully Meets,3,2085,3,4,4,Project Management,External,Incomplete
1659,31-05-2021,12-Nov-21,PL,Active,Contract,Zone A,Part-Time,Production       ,General - Con,Laborer,Female,26272,Asian,Divorced,Fully Meets,3,2086,5,4,3,Communication Skills,External,Completed
1660,21-11-2019,24-Jun-20,PYZ,Active,Part-Time,Zone A,Full-Time,Production       ,Field Operations,Laborer,Female,11105,Black,Widowed,Fully Meets,3,2087,4,4,1,Leadership Development,Internal,Completed
1661,19-07-2019,active,SVG,Active,Contract,Zone B,Full-Time,Production       ,Yard (Material Handling),Coordinator,Female,37040,White,Divorced,Fully Meets,3,2088,2,1,2,Communication Skills,External,Completed
1662,29-12-2018,04-Jul-20,TNS,Active,Contract,Zone C,Part-Time,Production       ,Technology / It,Director,Female,93414,White,Married,Fully Meets,3,2089,5,3,3,Communication Skills,Internal,Completed
1663,12-01-2023,active,EW,Active,Part-Time,Zone B,Full-Time,Production       ,General - Sga,Assistant,Female,33206,Asian,Divorced,Fully Meets,3,2090,3,4,3,Leadership Development,Internal,Incomplete
1664,25-11-2022,active,MSC,Active,Contract,Zone C,Part-Time,Production       ,Field Operations,Locator,Female,72118,Black,Single,Fully Meets,3,2091,3,1,1,Leadership Development,Internal,Incomplete
1665,13-11-2019,active,NEL,Active,Part-Time,Zone C,Full-Time,Production       ,Field Operations,Laborer,Female,36134,Asian,Widowed,Fully Meets,3,2092,1,2,3,Communication Skills,External,Completed
1666,08-09-2020,24-Aug-22,PL,Active,Contract,Zone A,Temporary,Production       ,General - Con,Technician,Female,18116,Hispanic,Married,Fully Meets,3,2093,2,3,1,Leadership Development,External,Failed
1667,16-06-2019,07-Sep-21,PYZ,Active,Part-Time,Zone C,Part-Time,Production       ,Field Operations,Groundman,Female,67210,Black,Married,Fully Meets,3,2094,2,5,5,Leadership Development,Internal,Passed
1668,14-07-2023,16-Jul-23,SVG,Active,Full-Time,Zone A,Full-Time,Production       ,Project Management - Con,Manager,Female,60616,Other,Divorced,Fully Meets,3,2095,5,3,1,Leadership Development,Internal,Passed
1669,18-07-2023,active,TNS,Active,Contract,Zone C,Full-Time,Production       ,Field Operations,Construction Manager,Female,17358,Black,Single,Fully Meets,3,2096,3,4,4,Communication Skills,External,Completed
1670,06-12-2018,09-Apr-19,WBL,Active,Part-Time,Zone C,Full-Time,Production       ,Aerial,Lineman,Female,29605,Black,Widowed,PIP,2,2097,2,1,4,Technical Skills,External,Incomplete
1671,15-07-2020,active,BPC,Active,Part-Time,Zone B,Temporary,Production       ,Catv,Laborer,Female,51886,Other,Divorced,PIP,5,2098,2,4,1,Project Management,External,Incomplete
1672,30-10-2018,active,BPC,Active,Full-Time,Zone B,Part-Time,Production       ,General - Sga,Vp,Female,66261,Hispanic,Widowed,PIP,4,2099,1,4,5,Customer Service,External,Completed
1673,13-09-2022,active,CCDR,Active,Contract,Zone A,Temporary,Production       ,Aerial,Coordinator,Female,26880,Other,Divorced,Exceeds,4,2100,1,1,1,Communication Skills,External,Incomplete
1674,28-12-2022,13-May-23,SVG,Terminated,Full-Time,Zone B,Temporary,Production       ,Fielders,Engineer,Female,35098,Hispanic,Married,PIP,5,2101,4,4,2,Leadership Development,External,Completed
1675,24-03-2023,active,EW,Active,Part-Time,Zone B,Part-Time,Production       ,Field Operations,Driller,Female,90728,Asian,Single,Exceeds,2,2102,1,1,3,Communication Skills,Internal,Passed
1676,02-10-2020,active,MSC,Active,Contract,Zone A,Full-Time,Production       ,Field Operations,Construction Manager,Female,49149,Asian,Widowed,Exceeds,5,2103,1,4,5,Technical Skills,Internal,Incomplete
1677,14-09-2020,active,TNS,Active,Contract,Zone A,Temporary,Production       ,Field Operations,Laborer,Female,73771,Hispanic,Widowed,Exceeds,2,2104,1,4,3,Technical Skills,External,Completed
1678,19-01-2020,active,PYZ,Active,Part-Time,Zone C,Part-Time,Production       ,General - Sga,Supervisor,Female,92541,Hispanic,Single,Needs Improvement,4,2105,3,4,2,Technical Skills,External,Completed
1679,14-04-2019,20-Jan-23,WBL,Active,Contract,Zone C,Temporary,Production       ,Wireline Construction,Foreman,Male,47601,White,Widowed,Exceeds,2,2106,5,5,1,Customer Service,Internal,Passed
1680,02-06-2023,24-Jul-23,NEL,Active,Contract,Zone B,Temporary,Production       ,Field Operations,Project Manager,Female,68361,Hispanic,Widowed,Exceeds,1,2107,4,1,1,Communication Skills,External,Passed
1681,09-05-2022,03-Jan-23,PL,Terminated,Part-Time,Zone A,Temporary,Production       ,Field Operations,Driller,Female,71922,White,Widowed,Needs Improvement,2,2108,1,2,4,Customer Service,Internal,Completed
1682,23-02-2021,active,BPC,Active,Part-Time,Zone C,Part-Time,Production       ,Field Operations,Tower Hand,Female,51689,Other,Divorced,Exceeds,5,2109,3,3,5,Project Management,External,Failed
1683,04-06-2021,active,CCDR,Active,Contract,Zone C,Temporary,Production       ,General - Sga,Vp,Female,97553,Black,Single,Exceeds,4,2110,1,4,2,Communication Skills,Internal,Passed
1684,29-03-2022,30-Jul-22,SVG,Active,Full-Time,Zone A,Temporary,Production       ,General - Con,Lineman,Female,92067,Asian,Single,Needs Improvement,5,2111,2,3,1,Customer Service,Internal,Passed
1685,30-07-2019,21-Jan-20,EW,Active,Part-Time,Zone B,Temporary,Production       ,Engineers,Technician,Female,65114,Other,Widowed,Exceeds,4,2112,4,3,1,Customer Service,External,Failed
1686,09-07-2020,10-Dec-22,MSC,Active,Part-Time,Zone B,Full-Time,Production       ,General - Con,Clerk,Female,9677,White,Widowed,Exceeds,2,2113,5,1,5,Project Management,Internal,Passed
1687,24-08-2019,active,NEL,Active,Contract,Zone C,Part-Time,Production       ,Engineers,Project Manager,Female,38475,White,Single,Exceeds,4,2114,5,4,1,Communication Skills,External,Completed
1688,15-04-2019,10-May-23,PL,Active,Contract,Zone A,Part-Time,Production       ,Billable Consultants,Engineer,Female,25166,Asian,Married,Exceeds,2,2115,5,2,1,Leadership Development,Internal,Incomplete
1689,21-08-2021,active,BPC,Active,Part-Time,Zone C,Full-Time,Production       ,Engineers,Engineer,Female,81288,Black,Divorced,Needs Improvement,4,2116,1,4,2,Leadership Development,Internal,Completed
1690,22-06-2020,active,CCDR,Active,Full-Time,Zone B,Full-Time,Production       ,Field Operations,Laborer,Female,45637,Hispanic,Divorced,Exceeds,2,2117,2,3,2,Customer Service,External,Incomplete
1691,28-01-2020,active,SVG,Active,Part-Time,Zone C,Temporary,Production       ,Project Management - Eng,Coordinator,Female,41529,White,Widowed,Exceeds,5,2118,3,2,4,Leadership Development,Internal,Completed
1692,29-03-2019,active,EW,Active,Part-Time,Zone A,Temporary,Production       ,General - Con,Foreman,Female,72491,White,Married,Exceeds,5,2119,1,2,3,Technical Skills,External,Passed
1693,05-10-2018,active,MSC,Active,Contract,Zone C,Full-Time,Production       ,Wireline Construction,Lineman,Female,66867,Asian,Divorced,Needs Improvement,2,2120,4,4,1,Project Management,External,Incomplete
1694,20-08-2020,active,TNS,Active,Part-Time,Zone A,Full-Time,Production       ,Splicing,Splicer,Female,12265,Asian,Married,Exceeds,5,2121,4,1,3,Project Management,Internal,Passed
1695,11-06-2021,14-Nov-22,BPC,Active,Full-Time,Zone C,Temporary,Production       ,General - Con,Locator,Female,65636,Asian,Married,Needs Improvement,5,2122,3,3,2,Technical Skills,External,Passed
1696,10-09-2021,active,CCDR,Active,Contract,Zone B,Temporary,Production       ,Catv,Project Manager,Female,96364,White,Widowed,Exceeds,2,2123,3,5,3,Project Management,External,Failed
1697,21-02-2023,09-Jul-23,SVG,Terminated,Contract,Zone B,Temporary,Production       ,Wireline Construction,Laborer,Female,42707,White,Single,Exceeds,2,2124,4,1,5,Leadership Development,Internal,Completed
1698,09-08-2019,active,EW,Active,Full-Time,Zone B,Part-Time,Production       ,Engineers,Project Manager,Female,1514,White,Divorced,Exceeds,4,2125,4,5,3,Communication Skills,External,Incomplete
1699,08-03-2021,07-Oct-22,MSC,Active,Part-Time,Zone C,Temporary,Production       ,Technology / It,Helpdesk,Female,35121,Black,Married,PIP,1,2126,3,4,4,Communication Skills,External,Failed
1700,20-07-2019,active,TNS,Active,Contract,Zone A,Part-Time,Production       ,Field Operations,Foreman,Female,36490,Black,Single,Needs Improvement,4,2127,2,2,3,Leadership Development,Internal,Passed
1701,27-03-2023,active,PYZ,Active,Full-Time,Zone A,Temporary,Production       ,Field Operations,Foreman,Female,85293,Black,Widowed,Needs Improvement,2,2128,1,3,1,Project Management,External,Passed
1702,07-10-2019,active,WBL,Active,Part-Time,Zone B,Temporary,Production       ,Field Operations,Technician,Male,40632,Other,Divorced,Needs Improvement,2,2129,5,5,2,Communication Skills,External,Incomplete
1703,13-12-2022,active,NEL,Active,Contract,Zone C,Part-Time,Production       ,Field Operations,Tower Hand,Female,54337,Other,Married,Needs Improvement,1,2130,3,5,2,Project Management,Internal,Completed
1704,06-06-2020,12-Mar-22,PL,Terminated,Part-Time,Zone C,Part-Time,Production       ,Field Operations,Laborer,Female,88590,Black,Widowed,Needs Improvement,4,2131,1,2,1,Project Management,Internal,Passed
1705,25-04-2022,active,BPC,Active,Full-Time,Zone A,Full-Time,Production       ,Fielders,Technician,Female,70052,Other,Widowed,Needs Improvement,2,2132,2,3,3,Communication Skills,Internal,Passed
1706,28-07-2020,active,CCDR,Active,Contract,Zone A,Full-Time,Production       ,Field Operations,Tower Hand,Female,88134,Black,Single,PIP,1,2133,2,3,2,Technical Skills,External,Passed
1707,28-02-2022,31-May-23,SVG,Active,Part-Time,Zone B,Temporary,Production       ,Aerial,Foreman,Female,36904,Hispanic,Widowed,Exceeds,2,2134,4,2,5,Technical Skills,Internal,Completed
1708,25-10-2021,18-Feb-23,EW,Active,Contract,Zone A,Part-Time,Production       ,Engineers,Technician,Female,65653,Asian,Married,Exceeds,2,2135,2,2,4,Technical Skills,Internal,Completed
1709,12-09-2018,11-Jul-20,MSC,Active,Part-Time,Zone A,Part-Time,Production       ,Underground,Labor,Female,19006,Other,Divorced,Exceeds,1,2136,2,2,2,Communication Skills,Internal,Incomplete
1710,31-12-2022,15-Jan-23,CCDR,Active,Contract,Zone B,Full-Time,Production       ,General - Con,Laborer,Female,53948,Black,Married,Exceeds,5,2137,1,3,3,Technical Skills,External,Completed
1711,04-11-2021,10-Jun-23,EW,Active,Contract,Zone C,Temporary,Production       ,Project Management - Con,Evp,Female,69346,Hispanic,Divorced,Exceeds,2,2138,1,5,2,Project Management,Internal,Completed
1712,05-05-2020,active,MSC,Active,Part-Time,Zone B,Full-Time,Production       ,Aerial,Laborer,Female,3763,White,Widowed,Exceeds,2,2139,1,4,4,Technical Skills,Internal,Passed
1713,08-12-2020,active,NEL,Active,Contract,Zone A,Part-Time,Production       ,Engineers,Supervisor,Female,74489,Black,Widowed,Exceeds,2,2140,4,5,4,Project Management,External,Completed
1714,29-09-2018,20-May-23,PL,Active,Contract,Zone C,Full-Time,Production       ,Aerial,Foreman,Female,73814,Hispanic,Married,Exceeds,2,2141,2,3,3,Customer Service,Internal,Completed
1715,09-01-2020,02-Nov-20,PYZ,Active,Contract,Zone A,Temporary,Production       ,Engineers,Engineer,Female,40697,Other,Widowed,Exceeds,2,2142,2,5,1,Leadership Development,Internal,Failed
1716,01-07-2020,31-Oct-22,SVG,Active,Contract,Zone A,Temporary,Production       ,Yard (Material Handling),Coordinator,Female,46121,Asian,Divorced,Exceeds,1,2143,2,1,1,Communication Skills,Internal,Incomplete
1717,25-08-2022,active,TNS,Active,Full-Time,Zone B,Temporary,Production       ,Field Operations,Laborer,Female,80572,Hispanic,Divorced,Exceeds,2,2144,2,5,4,Communication Skills,Internal,Completed
1718,27-02-2019,active,WBL,Active,Full-Time,Zone A,Full-Time,Production       ,General - Sga,Coordinator,Female,58886,Other,Divorced,Exceeds,1,2145,3,3,5,Project Management,External,Failed
1719,25-12-2019,04-Jun-23,MSC,Terminated,Full-Time,Zone A,Temporary,Production       ,Splicing,Model Assistant,Female,73772,Other,Divorced,Exceeds,2,2146,3,1,1,Leadership Development,External,Completed
1720,14-08-2020,27-Oct-21,NEL,Active,Contract,Zone B,Temporary,Production       ,Aerial,Lineman,Female,80599,Hispanic,Divorced,Exceeds,4,2147,2,1,2,Technical Skills,External,Passed
1721,30-07-2021,active,PL,Active,Full-Time,Zone A,Full-Time,Production       ,Splicing,Splicer,Female,75427,Black,Widowed,Exceeds,5,2148,1,1,2,Communication Skills,Internal,Passed
1722,02-05-2021,27-Jun-23,PYZ,Terminated,Full-Time,Zone A,Temporary,Production       ,Project Management - Con,Coordinator,Female,90636,White,Single,Exceeds,5,2149,5,3,5,Technical Skills,Internal,Failed
1723,21-01-2023,29-Mar-23,SVG,Active,Full-Time,Zone B,Full-Time,Production       ,Splicing,Splicer,Female,73850,Asian,Widowed,Exceeds,5,2150,2,1,1,Project Management,External,Incomplete
1724,20-01-2021,27-Jun-23,TNS,Active,Contract,Zone B,Temporary,Production       ,Fielders,Engineer,Female,47622,Hispanic,Married,Exceeds,1,2151,4,4,4,Leadership Development,External,Failed
1725,07-10-2020,active,WBL,Active,Part-Time,Zone C,Temporary,Production       ,Engineers,Project Manager,Female,70069,White,Widowed,Exceeds,2,2152,3,1,4,Communication Skills,External,Completed
1726,15-06-2019,active,BPC,Active,Contract,Zone C,Part-Time,Production       ,Project Management - Con,Model Assistant,Female,58613,Other,Married,Exceeds,4,2153,3,5,3,Customer Service,Internal,Completed
1727,28-04-2022,active,CCDR,Active,Part-Time,Zone A,Temporary,Production       ,Field Operations,Driller,Male,3793,Other,Married,Exceeds,4,2154,1,3,2,Project Management,External,Failed
1728,29-06-2019,19-Feb-23,EW,Terminated,Part-Time,Zone B,Full-Time,Production       ,Finance & Accounting,Coordinator,Female,72455,Other,Single,Exceeds,4,2155,1,2,4,Customer Service,Internal,Passed
1729,11-09-2018,14-Mar-20,MSC,Active,Part-Time,Zone B,Temporary,Production       ,Executive,Manager,Female,94916,Black,Widowed,Exceeds,3,2156,5,1,3,Customer Service,Internal,Failed
1730,15-05-2020,22-Dec-21,NEL,Active,Contract,Zone A,Full-Time,Production       ,General - Sga,Assistant,Female,1687,Asian,Married,Exceeds,4,2157,4,2,5,Leadership Development,Internal,Incomplete
1731,23-02-2023,active,PL,Active,Full-Time,Zone B,Full-Time,Production       ,Field Operations,Foreman,Female,54978,White,Married,Exceeds,3,2158,2,4,3,Communication Skills,External,Failed
1732,23-03-2021,22-Mar-22,PYZ,Active,Full-Time,Zone C,Temporary,Production       ,Aerial,Lineman,Female,73141,White,Widowed,Exceeds,5,2159,1,1,1,Customer Service,External,Completed
1733,07-11-2022,06-Apr-23,SVG,Active,Full-Time,Zone A,Part-Time,Production       ,General - Con,Laborer,Female,5804,Other,Married,Exceeds,3,2160,1,1,5,Customer Service,Internal,Completed
1734,19-05-2021,active,TNS,Active,Contract,Zone C,Full-Time,Production       ,Project Management - Con,Engineer,Female,61393,Asian,Single,Exceeds,3,2161,1,4,3,Communication Skills,Internal,Completed
1735,02-01-2021,active,WBL,Active,Full-Time,Zone B,Temporary,Production       ,Project Management - Con,Project Manager,Female,53999,Asian,Married,Exceeds,3,2162,3,5,4,Project Management,External,Incomplete
1736,26-03-2019,active,NEL,Active,Contract,Zone B,Full-Time,Production       ,General - Sga,Lineman,Female,32240,White,Married,Exceeds,1,2163,5,5,4,Communication Skills,Internal,Failed
1737,28-09-2020,active,PL,Active,Part-Time,Zone C,Full-Time,Production       ,General - Eng,Technician,Female,95333,Black,Divorced,Exceeds,3,2164,3,1,3,Technical Skills,Internal,Incomplete
1738,16-03-2019,26-Apr-20,BPC,Active,Contract,Zone C,Full-Time,Production       ,Field Operations,Laborer,Female,26451,Asian,Divorced,Exceeds,3,2165,5,3,3,Project Management,External,Failed
1739,20-03-2019,active,CCDR,Active,Contract,Zone B,Part-Time,Production       ,Field Operations,Operator,Female,7438,Asian,Widowed,Exceeds,3,2166,2,2,1,Technical Skills,External,Passed
1740,30-12-2018,10-Aug-20,SVG,Active,Part-Time,Zone B,Temporary,Production       ,Technology / It,Administrator,Female,5348,Hispanic,Divorced,Exceeds,3,2167,2,4,2,Leadership Development,External,Completed
1741,08-08-2018,active,EW,Active,Part-Time,Zone B,Full-Time,Production       ,Field Operations,Technician,Female,26000,Black,Divorced,Exceeds,3,2168,5,1,4,Customer Service,Internal,Incomplete
1742,04-07-2020,11-May-22,MSC,Active,Full-Time,Zone A,Full-Time,Production       ,General - Con,Flagger,Female,81396,Black,Widowed,Exceeds,3,2169,5,2,4,Customer Service,External,Failed
1743,29-01-2023,active,PL,Active,Full-Time,Zone C,Part-Time,Production       ,Wireline Construction,Billing,Female,65842,Black,Widowed,Exceeds,3,2170,1,5,2,Leadership Development,External,Completed
1744,09-08-2021,27-May-22,BPC,Active,Full-Time,Zone A,Part-Time,Production       ,Executive,Executive Assistant,Female,34460,Hispanic,Married,Exceeds,3,2171,1,3,2,Communication Skills,External,Passed
1745,16-05-2021,30-Jun-23,CCDR,Terminated,Part-Time,Zone C,Temporary,Production       ,Field Operations,Laborer,Female,84884,Other,Single,Exceeds,3,2172,2,4,1,Project Management,External,Incomplete
1746,14-08-2021,08-Oct-21,SVG,Terminated,Contract,Zone A,Part-Time,Production       ,Engineers,Engineer,Female,6115,Asian,Divorced,Exceeds,3,2173,1,4,3,Technical Skills,External,Completed
1747,08-02-2022,active,EW,Active,Full-Time,Zone B,Temporary,Production       ,General - Eng,Coordinator,Female,6918,Black,Married,Exceeds,3,2174,1,1,5,Technical Skills,External,Incomplete
1748,16-12-2019,21-Jun-20,MSC,Active,Contract,Zone C,Temporary,Production       ,Field Operations,Technician,Female,71740,Hispanic,Widowed,Exceeds,2,2175,1,3,3,Communication Skills,External,Completed
1749,07-10-2021,active,TNS,Active,Full-Time,Zone B,Full-Time,Production       ,Field Operations,Foreman,Female,4056,Asian,Married,Exceeds,2,2176,2,1,1,Communication Skills,External,Completed
1750,23-12-2020,active,PYZ,Active,Full-Time,Zone A,Full-Time,Production       ,Catv,Supervisor,Male,35807,Asian,Single,PIP,4,2177,4,2,1,Customer Service,External,Passed
1751,01-11-2022,active,WBL,Active,Contract,Zone B,Part-Time,Production       ,Fielders,Engineer,Female,86281,Hispanic,Married,PIP,4,2178,4,1,5,Communication Skills,Internal,Completed
1752,28-10-2022,27-May-23,NEL,Terminated,Contract,Zone B,Full-Time,Production       ,Project Management - Con,Supervisor,Female,28181,Black,Widowed,PIP,4,2179,1,3,1,Leadership Development,External,Passed
1753,03-11-2018,03-May-23,PL,Active,Full-Time,Zone A,Full-Time,Production       ,Field Operations,Technician,Female,74027,Hispanic,Widowed,PIP,5,2180,4,4,4,Technical Skills,External,Incomplete
1754,05-03-2019,16-Mar-20,BPC,Active,Contract,Zone A,Temporary,Production       ,Field Operations,Foreman,Female,94011,Black,Single,PIP,5,2181,2,1,4,Communication Skills,Internal,Incomplete
1755,14-03-2021,active,CCDR,Active,Full-Time,Zone A,Part-Time,Production       ,General - Eng,Engineer,Female,96129,Black,Widowed,Exceeds,4,2182,1,1,2,Communication Skills,External,Completed
1756,13-12-2018,active,SVG,Active,Contract,Zone C,Full-Time,Production       ,Finance & Accounting,Manager,Female,81415,White,Divorced,Exceeds,5,2183,4,4,2,Communication Skills,External,Completed
1757,05-09-2021,31-Mar-23,EW,Active,Full-Time,Zone C,Part-Time,Production       ,Aerial,Laborer,Female,22258,Other,Divorced,Exceeds,2,2184,2,4,4,Communication Skills,External,Failed
1758,17-05-2020,18-Feb-22,WBL,Terminated,Contract,Zone A,Full-Time,Production       ,Aerial,Groundman,Female,13138,Asian,Single,Exceeds,5,2185,4,5,5,Customer Service,Internal,Incomplete
1759,03-03-2023,23-Mar-23,NEL,Active,Part-Time,Zone A,Temporary,Production       ,Field Operations,Technician,Male,74447,Hispanic,Married,Exceeds,1,2186,4,1,1,Leadership Development,External,Failed
1760,28-02-2020,active,PL,Active,Part-Time,Zone B,Full-Time,Production       ,Engineers,Program Manager,Female,31571,Hispanic,Married,Exceeds,5,2187,2,1,5,Communication Skills,Internal,Completed
1761,11-02-2021,28-Jun-23,BPC,Active,Part-Time,Zone A,Part-Time,Production       ,Field Operations,Laborer,Female,1509,Black,Married,Exceeds,2,2188,5,4,2,Leadership Development,Internal,Incomplete
1762,25-01-2019,active,CCDR,Active,Part-Time,Zone B,Temporary,Production       ,Shop (Fleet),Shop,Female,15861,White,Divorced,Needs Improvement,5,2189,1,2,4,Customer Service,External,Passed
1763,25-04-2023,15-Jun-23,SVG,Active,Part-Time,Zone C,Full-Time,Production       ,General - Con,Laborer,Female,46637,Asian,Single,Needs Improvement,5,2190,5,2,3,Technical Skills,Internal,Completed
1764,14-02-2021,19-Apr-23,EW,Active,Contract,Zone C,Part-Time,Production       ,Engineers,Engineer,Female,47342,Asian,Married,Needs Improvement,5,2191,2,2,3,Communication Skills,Internal,Failed
1765,07-10-2020,18-Jan-23,MSC,Active,Part-Time,Zone C,Part-Time,Production       ,General - Con,Administration,Female,41219,Black,Divorced,Needs Improvement,1,2192,5,3,4,Leadership Development,External,Completed
1766,28-02-2019,01-Jun-23,NEL,Terminated,Part-Time,Zone A,Part-Time,Production       ,Field Operations,Laborer,Male,67704,White,Married,Needs Improvement,4,2193,2,2,3,Technical Skills,External,Incomplete
1767,27-07-2019,active,PL,Active,Full-Time,Zone B,Temporary,Production       ,Field Operations,Laborer,Female,57434,Other,Widowed,Needs Improvement,2,2194,1,4,1,Customer Service,External,Incomplete
1768,02-06-2023,07-Jul-23,BPC,Active,Contract,Zone C,Part-Time,Production       ,Underground,Laborer,Female,46366,Black,Single,Needs Improvement,2,2195,1,5,1,Project Management,External,Failed
1769,14-11-2022,04-Jan-23,CCDR,Terminated,Full-Time,Zone A,Full-Time,Production       ,Underground,Operator,Male,15989,White,Single,Needs Improvement,5,2196,5,2,3,Technical Skills,External,Completed
1770,22-08-2018,10-Nov-21,SVG,Terminated,Contract,Zone C,Full-Time,Production       ,Wireline Construction,Operator,Female,77437,Asian,Divorced,Needs Improvement,4,2197,2,3,1,Technical Skills,External,Passed
1771,15-12-2022,29-Dec-22,EW,Active,Contract,Zone B,Temporary,Production       ,Field Operations,Driver,Female,63184,White,Single,Exceeds,1,2198,2,4,2,Leadership Development,Internal,Failed
1772,31-05-2020,active,MSC,Active,Full-Time,Zone C,Full-Time,Production       ,General - Con,Manager,Female,15120,White,Divorced,Exceeds,4,2199,4,3,4,Project Management,External,Passed
1773,19-07-2022,active,TNS,Active,Contract,Zone A,Full-Time,Production       ,Field Operations,Laborer,Female,4751,Asian,Single,Exceeds,4,2200,3,1,5,Project Management,External,Incomplete
1774,01-07-2020,active,PYZ,Active,Contract,Zone C,Part-Time,Production       ,Project Management - Con,Technician,Male,37225,Other,Married,Exceeds,2,2201,5,1,5,Leadership Development,Internal,Completed
1775,18-11-2020,active,WBL,Active,Contract,Zone A,Part-Time,Production       ,Project Management - Con,Project Manager,Female,92017,Asian,Married,Exceeds,4,2202,5,4,5,Customer Service,Internal,Completed
1776,29-02-2020,20-May-21,NEL,Terminated,Contract,Zone A,Part-Time,Production       ,General - Con,Technician,Female,42742,Asian,Married,Exceeds,1,2203,1,4,1,Technical Skills,External,Incomplete
1777,24-09-2021,28-Jan-22,PL,Active,Part-Time,Zone B,Part-Time,Production       ,Shop (Fleet),Supervisor,Female,58905,Other,Divorced,Needs Improvement,2,2204,5,2,3,Customer Service,Internal,Passed
1778,13-04-2022,30-Jul-23,BPC,Active,Full-Time,Zone B,Full-Time,Production       ,General - Sga,Administrator,Female,32235,Black,Divorced,Needs Improvement,4,2205,2,3,5,Leadership Development,Internal,Incomplete
1779,25-10-2022,active,CCDR,Active,Contract,Zone A,Temporary,Production       ,Field Operations,Tower Hand,Female,40461,Other,Widowed,Needs Improvement,5,2206,2,4,3,Technical Skills,Internal,Completed
1780,27-01-2021,active,SVG,Active,Full-Time,Zone C,Full-Time,Production       ,Field Operations,Welder,Female,97669,Black,Divorced,Needs Improvement,5,2207,3,3,1,Project Management,External,Incomplete
1781,21-09-2018,active,WBL,Active,Full-Time,Zone B,Full-Time,IT/IS,Fielders,Technician,Female,6040,Other,Married,Needs Improvement,5,2208,5,3,3,Technical Skills,Internal,Incomplete
1782,14-04-2020,active,PYZ,Active,Part-Time,Zone C,Part-Time,IT/IS,Wireline Construction,Groundman,Male,2170,Black,Widowed,Needs Improvement,5,2209,2,2,5,Technical Skills,External,Completed
1783,31-05-2021,31-Oct-22,PL,Active,Part-Time,Zone C,Temporary,IT/IS,Wireline Construction,Vp,Female,2360,Black,Single,Exceeds,4,2210,1,5,3,Technical Skills,Internal,Completed
1784,10-04-2020,active,WBL,Active,Contract,Zone C,Temporary,IT/IS,Field Operations,Administrator,Female,6070,White,Married,Exceeds,5,2211,1,5,3,Leadership Development,External,Completed
1785,03-07-2022,22-Mar-23,MSC,Active,Full-Time,Zone C,Part-Time,IT/IS,Field Operations,Cfo,Female,74179,White,Widowed,Exceeds,1,2212,4,1,5,Technical Skills,Internal,Incomplete
1786,15-03-2023,10-May-23,EW,Active,Part-Time,Zone A,Full-Time,IT/IS,Shop (Fleet),Shop,Female,8415,Asian,Married,Exceeds,5,2213,1,4,2,Technical Skills,Internal,Passed
1787,29-07-2021,12-Aug-22,CCDR,Active,Contract,Zone C,Full-Time,IT/IS,Field Operations,Tower Hand,Female,8196,Black,Married,Exceeds,4,2214,1,1,5,Leadership Development,Internal,Passed
1788,05-02-2022,13-Jan-23,BPC,Active,Contract,Zone B,Temporary,IT/IS,Engineers,Engineer,Female,95814,Asian,Divorced,Exceeds,1,2215,1,5,5,Customer Service,External,Failed
1789,09-11-2022,active,WBL,Active,Part-Time,Zone B,Temporary,IT/IS,General - Con,Technician,Female,21899,Hispanic,Single,Exceeds,1,2216,4,5,2,Customer Service,External,Incomplete
1790,23-11-2020,14-Dec-20,TNS,Active,Part-Time,Zone A,Temporary,IT/IS,People Services,Director,Female,52244,Hispanic,Divorced,Exceeds,4,2217,2,1,2,Communication Skills,External,Failed
1791,21-02-2019,21-Oct-22,SVG,Active,Part-Time,Zone B,Part-Time,IT/IS,Field Operations,Foreman,Female,29237,Asian,Widowed,Exceeds,4,2218,4,1,5,Technical Skills,Internal,Incomplete
1792,25-09-2022,06-May-23,SVG,Active,Part-Time,Zone C,Part-Time,IT/IS,Wireline Construction,Laborer,Female,8635,Hispanic,Widowed,Exceeds,5,2219,5,2,2,Technical Skills,External,Failed
1793,17-09-2022,active,EW,Active,Contract,Zone B,Temporary,IT/IS,General - Eng,Engineer,Female,30879,Asian,Married,Exceeds,4,2220,3,3,5,Leadership Development,External,Completed
1794,31-05-2019,active,MSC,Active,Contract,Zone C,Part-Time,IT/IS,Field Operations,Laborer,Female,49637,Hispanic,Single,Exceeds,4,2221,1,5,1,Technical Skills,Internal,Incomplete
1795,21-07-2020,18-Aug-21,TNS,Active,Part-Time,Zone A,Temporary,IT/IS,Wireline Construction,Laborer,Female,77955,Hispanic,Widowed,Exceeds,4,2222,2,3,5,Project Management,External,Failed
1796,04-07-2020,active,BPC,Active,Full-Time,Zone C,Temporary,IT/IS,Executive,Vp,Female,43748,Asian,Widowed,Exceeds,2,2223,1,1,4,Communication Skills,External,Completed
1797,13-10-2020,active,CCDR,Active,Full-Time,Zone A,Temporary,IT/IS,Wireline Construction,Groundman,Female,8958,Asian,Divorced,Exceeds,4,2224,2,1,3,Customer Service,Internal,Failed
1798,01-05-2023,active,EW,Active,Part-Time,Zone A,Full-Time,IT/IS,Engineers,Project Manager,Male,84923,Black,Divorced,Exceeds,2,2225,1,2,2,Project Management,External,Passed
1799,22-03-2019,17-Jun-21,SVG,Active,Contract,Zone A,Full-Time,IT/IS,General - Eng,Administrative,Female,73392,White,Married,Exceeds,1,2226,4,4,5,Project Management,Internal,Completed
1800,27-12-2021,active,EW,Active,Contract,Zone B,Full-Time,IT/IS,Aerial,Lineman,Female,13915,Black,Widowed,Needs Improvement,5,2227,2,3,4,Project Management,Internal,Passed
1801,12-08-2018,13-Jun-22,MSC,Active,Part-Time,Zone B,Part-Time,IT/IS,Wireless,Laborer,Female,58630,White,Divorced,PIP,4,2228,3,2,2,Technical Skills,External,Passed
1802,28-12-2022,active,TNS,Active,Part-Time,Zone A,Temporary,IT/IS,Underground,Laborer,Female,11746,Asian,Divorced,PIP,4,2229,3,1,1,Communication Skills,Internal,Incomplete
1803,25-11-2018,active,PYZ,Active,Part-Time,Zone A,Full-Time,IT/IS,General - Con,Supervisor,Female,51949,Hispanic,Married,Fully Meets,2,2230,1,5,5,Project Management,External,Passed
1804,26-12-2020,active,WBL,Active,Full-Time,Zone A,Part-Time,IT/IS,General - Con,Laborer,Female,54795,Other,Single,Fully Meets,2,2231,1,2,2,Technical Skills,Internal,Failed
1805,16-12-2022,active,NEL,Active,Part-Time,Zone A,Full-Time,IT/IS,Field Operations,Engineer,Male,79191,Hispanic,Single,Fully Meets,5,2232,4,5,2,Customer Service,External,Completed
1806,27-09-2019,active,MSC,Active,Contract,Zone B,Full-Time,IT/IS,Splicing,Lineman,Female,93777,Asian,Single,Fully Meets,1,2233,5,1,1,Customer Service,Internal,Passed
1807,20-02-2021,09-Jan-22,EW,Active,Part-Time,Zone C,Full-Time,IT/IS,Wireline Construction,Laborer,Female,87474,Black,Married,Fully Meets,2,2234,1,1,4,Communication Skills,External,Completed
1808,26-02-2022,active,CCDR,Active,Full-Time,Zone B,Full-Time,IT/IS,Shop (Fleet),Model Assistant,Female,37994,Other,Single,Fully Meets,1,2235,3,5,3,Customer Service,Internal,Failed
1809,23-12-2018,11-Oct-21,BPC,Active,Full-Time,Zone A,Temporary,IT/IS,Engineers,Project Manager,Female,44145,Hispanic,Widowed,Fully Meets,1,2236,2,1,2,Customer Service,External,Passed
1810,10-01-2022,04-Jan-23,WBL,Active,Full-Time,Zone B,Temporary,IT/IS,Underground,Laborer,Female,25760,Other,Single,Fully Meets,2,2237,2,5,2,Leadership Development,External,Completed
1811,04-03-2021,06-Dec-21,TNS,Active,Part-Time,Zone B,Temporary,IT/IS,Project Management - Con,Purchasing,Male,55252,Hispanic,Widowed,Fully Meets,2,2238,4,4,3,Communication Skills,External,Completed
1812,10-03-2023,04-Apr-23,SVG,Active,Full-Time,Zone C,Part-Time,IT/IS,Catv,Manager,Male,62468,Asian,Divorced,Fully Meets,5,2239,1,3,4,Technical Skills,Internal,Passed
1813,05-12-2018,active,SVG,Active,Part-Time,Zone B,Part-Time,IT/IS,Finance & Accounting,Accounting,Female,91567,Hispanic,Married,Fully Meets,2,2240,2,4,5,Communication Skills,Internal,Incomplete
1814,24-06-2021,active,EW,Active,Part-Time,Zone C,Part-Time,IT/IS,Technology / It,Engineer,Female,5139,Hispanic,Married,Fully Meets,2,2241,4,4,4,Communication Skills,External,Failed
1815,10-05-2022,16-Jul-22,MSC,Active,Full-Time,Zone C,Temporary,IT/IS,Field Operations,Runner,Female,48114,Hispanic,Married,Fully Meets,4,2242,3,2,4,Project Management,External,Failed
1816,13-04-2023,03-May-23,TNS,Active,Full-Time,Zone A,Part-Time,IT/IS,Finance & Accounting,Accounting,Female,90316,Other,Married,Fully Meets,4,2243,1,3,5,Leadership Development,External,Passed
1817,04-08-2022,active,PYZ,Active,Contract,Zone C,Temporary,IT/IS,Field Operations,Driller,Female,47299,Other,Married,Fully Meets,4,2244,4,2,1,Leadership Development,Internal,Passed
1818,28-02-2021,13-Jul-22,WBL,Active,Part-Time,Zone C,Part-Time,IT/IS,Engineers,Supervisor,Male,54056,Black,Divorced,Fully Meets,5,2245,2,4,4,Project Management,Internal,Incomplete
1819,14-10-2020,10-Apr-22,NEL,Active,Contract,Zone B,Part-Time,IT/IS,Field Operations,Technician,Male,7728,White,Divorced,Fully Meets,4,2246,3,4,5,Project Management,Internal,Completed
1820,10-09-2018,08-Jun-23,SVG,Active,Part-Time,Zone B,Temporary,IT/IS,Fielders,Engineer,Female,70092,Hispanic,Widowed,Fully Meets,2,2247,3,4,4,Communication Skills,External,Incomplete
1821,16-12-2022,28-May-23,EW,Active,Part-Time,Zone B,Temporary,IT/IS,Field Operations,Laborer,Female,71142,Hispanic,Widowed,Fully Meets,2,2248,1,5,5,Leadership Development,External,Incomplete
1822,28-09-2018,26-Jan-19,MSC,Active,Contract,Zone C,Part-Time,IT/IS,Field Operations,Laborer,Female,2760,Black,Divorced,Fully Meets,4,2249,3,5,5,Customer Service,External,Failed
1823,08-03-2022,26-Apr-22,TNS,Active,Contract,Zone C,Temporary,IT/IS,Aerial,Groundman,Female,13557,Asian,Married,Fully Meets,5,2250,4,2,1,Communication Skills,Internal,Failed
1824,12-01-2022,active,PYZ,Active,Part-Time,Zone B,Temporary,IT/IS,Project Management - Con,Program Manager,Female,81938,Hispanic,Divorced,Fully Meets,2,2251,4,4,4,Technical Skills,External,Incomplete
1825,08-12-2020,active,WBL,Active,Contract,Zone B,Part-Time,IT/IS,Field Operations,Coordinator,Male,73648,White,Widowed,Fully Meets,4,2252,1,3,3,Communication Skills,Internal,Completed
1826,17-11-2020,active,PYZ,Active,Full-Time,Zone A,Full-Time,IT/IS,Field Operations,Technician,Female,73024,Other,Single,Fully Meets,1,2253,5,1,2,Communication Skills,External,Incomplete
1827,18-01-2021,active,SVG,Active,Full-Time,Zone A,Part-Time,IT/IS,General - Sga,Administrator,Female,44031,Hispanic,Single,Fully Meets,2,2254,3,2,5,Project Management,Internal,Failed
1828,15-09-2020,01-Oct-21,TNS,Active,Full-Time,Zone C,Part-Time,IT/IS,Wireline Construction,Lineman,Female,67812,Hispanic,Single,Fully Meets,2,2255,1,4,4,Customer Service,Internal,Completed
1829,11-12-2019,active,WBL,Active,Part-Time,Zone C,Full-Time,IT/IS,Field Operations,Driller,Female,67840,Asian,Widowed,Fully Meets,5,2256,5,5,4,Leadership Development,Internal,Completed
1830,29-04-2021,10-Jun-22,WBL,Active,Contract,Zone B,Full-Time,IT/IS,General - Eng,Administrative,Male,77019,White,Married,Fully Meets,2,2257,4,3,5,Customer Service,External,Incomplete
1831,03-04-2021,active,TNS,Active,Full-Time,Zone C,Part-Time,IT/IS,Engineers,Engineer,Male,88137,White,Widowed,Fully Meets,2,2258,2,5,4,Technical Skills,Internal,Failed
1832,01-02-2022,active,SVG,Active,Part-Time,Zone A,Temporary,IT/IS,General - Eng,Drafter,Female,76781,Hispanic,Divorced,Fully Meets,1,2259,1,2,5,Communication Skills,External,Failed
1833,17-01-2020,30-Sep-21,EW,Active,Part-Time,Zone B,Temporary,IT/IS,Engineers,Billing,Female,17501,Hispanic,Widowed,Fully Meets,1,2260,3,1,4,Customer Service,Internal,Incomplete
1834,01-06-2022,active,MSC,Active,Full-Time,Zone B,Part-Time,IT/IS,Wireline Construction,Foreman,Female,24054,Black,Divorced,Fully Meets,2,2261,2,1,5,Project Management,External,Failed
1835,17-03-2019,active,TNS,Active,Contract,Zone A,Temporary,IT/IS,Engineers,Engineer,Female,84506,Other,Divorced,Fully Meets,2,2262,4,4,3,Communication Skills,External,Incomplete
1836,07-01-2020,active,PYZ,Active,Contract,Zone B,Temporary,IT/IS,General - Sga,Assistant,Male,10273,Hispanic,Single,Fully Meets,2,2263,3,1,4,Project Management,Internal,Incomplete
1837,24-02-2021,29-Dec-21,WBL,Active,Part-Time,Zone A,Part-Time,IT/IS,Executive,Manager,Male,4377,White,Single,Fully Meets,5,2264,1,2,3,Communication Skills,External,Failed
1838,30-12-2019,active,SVG,Active,Contract,Zone C,Part-Time,IT/IS,Field Operations,Construction Manager,Female,87370,Hispanic,Single,Fully Meets,1,2265,2,4,2,Customer Service,Internal,Failed
1839,12-05-2020,17-Mar-21,EW,Active,Full-Time,Zone B,Temporary,IT/IS,Field Operations,Construction Manager,Female,84988,Other,Single,Fully Meets,5,2266,5,3,2,Leadership Development,External,Completed
1840,04-04-2023,active,MSC,Active,Full-Time,Zone A,Part-Time,IT/IS,General - Con,Technician,Female,43148,Hispanic,Divorced,Fully Meets,4,2267,1,3,3,Technical Skills,Internal,Passed
1841,04-01-2021,28-Apr-22,TNS,Active,Contract,Zone C,Full-Time,IT/IS,General - Con,Technician,Male,58818,White,Single,Fully Meets,2,2268,2,3,2,Communication Skills,Internal,Failed
1842,28-04-2020,01-Dec-22,PYZ,Active,Full-Time,Zone C,Full-Time,IT/IS,Executive,Ceo,Male,42997,Hispanic,Divorced,Fully Meets,1,2269,5,5,1,Technical Skills,Internal,Incomplete
1843,16-04-2019,31-Jul-21,PYZ,Active,Contract,Zone C,Part-Time,IT/IS,Project Management - Con,Manager,Female,93829,Asian,Single,Fully Meets,4,2270,4,4,3,Technical Skills,Internal,Passed
1844,09-07-2022,active,SVG,Active,Full-Time,Zone A,Temporary,IT/IS,Field Operations,Tower Hand,Female,48655,Hispanic,Single,Fully Meets,2,2271,5,4,4,Customer Service,Internal,Failed
1845,29-08-2022,15-Jan-23,TNS,Active,Part-Time,Zone C,Full-Time,IT/IS,Field Operations,Laborer,Female,62715,Black,Divorced,Fully Meets,2,2272,5,5,3,Communication Skills,Internal,Passed
1846,26-01-2020,11-Dec-20,WBL,Active,Full-Time,Zone A,Part-Time,IT/IS,Project Management - Eng,Planner,Male,75785,Other,Divorced,Fully Meets,4,2273,5,2,3,Leadership Development,External,Passed
1847,18-02-2020,active,BPC,Active,Full-Time,Zone A,Temporary,IT/IS,Aerial,Lineman,Male,52491,Other,Widowed,Fully Meets,4,2274,2,5,1,Customer Service,External,Failed
1848,25-01-2022,active,EW,Active,Part-Time,Zone B,Full-Time,Production       ,Yard (Material Handling),Runner,Male,2169,Asian,Married,Fully Meets,2,2275,5,4,3,Technical Skills,External,Incomplete
1849,10-07-2023,active,TNS,Active,Full-Time,Zone B,Temporary,Production       ,Project Management - Con,Project Manager,Female,2478,White,Divorced,Fully Meets,1,2276,5,2,2,Customer Service,External,Completed
1850,14-04-2022,active,CCDR,Active,Contract,Zone B,Temporary,Production       ,Field Operations,Technician,Female,1731,Hispanic,Widowed,Fully Meets,5,2277,3,4,4,Communication Skills,Internal,Completed
1851,10-07-2022,active,CCDR,Active,Part-Time,Zone B,Temporary,Production       ,Wireless,Operator,Female,1776,White,Widowed,Fully Meets,4,2278,5,4,2,Leadership Development,External,Completed
1852,27-06-2022,active,EW,Active,Contract,Zone C,Full-Time,Production       ,Safety,Safety,Male,2128,Other,Divorced,Fully Meets,1,2279,2,5,1,Technical Skills,External,Passed
1853,04-12-2018,07-Jul-23,PYZ,Terminated,Contract,Zone A,Temporary,Production       ,Catv,Foreman,Female,2030,White,Married,Fully Meets,4,2280,4,2,5,Customer Service,External,Passed
1854,10-09-2019,active,PL,Active,Full-Time,Zone C,Full-Time,Production       ,Field Operations,Laborer,Male,1752,Hispanic,Single,Fully Meets,4,2281,1,4,2,Technical Skills,Internal,Failed
1855,25-04-2019,active,PL,Active,Part-Time,Zone A,Full-Time,Production       ,Fielders,Engineer,Male,1901,Asian,Single,Fully Meets,4,2282,1,5,3,Leadership Development,External,Incomplete
1856,03-10-2018,27-Jun-19,WBL,Terminated,Part-Time,Zone B,Temporary,Admin Offices,Field Operations,Technician,Male,2045,White,Single,Fully Meets,4,2283,4,2,1,Leadership Development,External,Failed
1857,14-06-2022,active,EW,Active,Part-Time,Zone C,Part-Time,IT/IS,Wireline Construction,Foreman,Female,2067,Other,Widowed,Fully Meets,2,2284,1,4,4,Technical Skills,External,Passed
1858,15-02-2022,active,BPC,Active,Full-Time,Zone C,Temporary,Production       ,Project Management - Con,Coordinator,Male,2169,Other,Single,Fully Meets,5,2285,4,3,3,Customer Service,Internal,Completed
1859,24-09-2018,18-Jan-21,NEL,Active,Contract,Zone B,Temporary,Production       ,General - Eng,Specialist,Male,2045,Black,Divorced,Fully Meets,2,2286,4,4,4,Project Management,External,Failed
1860,09-03-2022,08-Apr-23,PYZ,Active,Contract,Zone B,Part-Time,Production       ,General - Con,Technician,Female,2110,White,Single,Fully Meets,2,2287,4,4,2,Communication Skills,Internal,Passed
1861,07-11-2018,25-May-20,NEL,Active,Full-Time,Zone A,Temporary,Production       ,Fielders,Engineer,Female,2451,Black,Divorced,Fully Meets,5,2288,5,1,4,Communication Skills,Internal,Failed
1862,31-08-2019,active,BPC,Active,Full-Time,Zone A,Part-Time,Admin Offices,Field Operations,Laborer,Male,1460,White,Single,Fully Meets,4,2289,2,5,3,Technical Skills,External,Completed
1863,27-11-2020,05-Jul-23,EW,Active,Full-Time,Zone B,Temporary,Sales,Wireline Construction,Groundman,Female,2908,Hispanic,Widowed,Fully Meets,2,2290,4,1,3,Communication Skills,Internal,Failed
1864,07-07-2020,active,NEL,Active,Contract,Zone B,Part-Time,Production       ,General - Con,Technician,Female,2030,Black,Married,Fully Meets,4,2291,3,4,1,Project Management,Internal,Incomplete
1865,11-01-2020,active,TNS,Active,Contract,Zone C,Temporary,Production       ,Aerial,Foreman,Male,1890,White,Widowed,Fully Meets,2,2292,5,1,1,Communication Skills,External,Completed
1866,15-06-2020,05-Sep-21,CCDR,Active,Contract,Zone B,Full-Time,Production       ,Field Operations,Laborer,Male,1803,Other,Single,Fully Meets,2,2293,5,3,1,Project Management,Internal,Failed
1867,10-10-2020,active,PYZ,Active,Contract,Zone A,Part-Time,Production       ,Field Operations,Engineer,Male,6930,Black,Single,Fully Meets,4,2294,4,4,4,Communication Skills,External,Failed
1868,19-05-2022,10-Apr-23,SVG,Active,Full-Time,Zone B,Temporary,Production       ,Field Operations,Driller,Female,53295,Asian,Divorced,Fully Meets,5,2295,3,5,4,Communication Skills,Internal,Passed
1869,25-08-2021,active,TNS,Active,Full-Time,Zone B,Temporary,Production       ,Field Operations,Driller,Female,85028,Hispanic,Divorced,Fully Meets,1,2296,4,4,5,Technical Skills,Internal,Passed
1870,18-12-2018,25-Sep-19,WBL,Terminated,Part-Time,Zone C,Full-Time,Production       ,Aerial,Laborer,Female,92649,Black,Single,Fully Meets,2,2297,5,4,1,Leadership Development,Internal,Completed
1871,05-08-2023,active,WBL,Active,Full-Time,Zone B,Full-Time,Production       ,Field Operations,Laborer,Female,9493,Other,Married,Fully Meets,4,2298,3,2,1,Communication Skills,External,Failed
1872,13-04-2022,17-Apr-23,TNS,Active,Part-Time,Zone A,Temporary,Production       ,Field Operations,Laborer,Female,12684,Asian,Married,Fully Meets,2,2299,2,1,2,Customer Service,External,Failed
1873,26-09-2020,active,SVG,Active,Full-Time,Zone A,Full-Time,Production       ,Underground,Laborer,Female,37470,Black,Single,Fully Meets,5,2300,5,1,2,Customer Service,External,Completed
1874,12-02-2021,03-Aug-22,PYZ,Active,Part-Time,Zone C,Temporary,Production       ,Underground,Operator,Female,1425,Asian,Single,Fully Meets,1,2301,3,1,4,Technical Skills,Internal,Incomplete
1875,02-01-2019,09-Oct-20,PL,Terminated,Contract,Zone C,Temporary,Production       ,Wireline Construction,Operator,Female,23761,Hispanic,Married,Fully Meets,4,2302,2,5,3,Project Management,Internal,Passed
1876,26-10-2019,22-Jul-23,NEL,Terminated,Contract,Zone C,Temporary,Production       ,Field Operations,Driver,Female,73691,Black,Divorced,Fully Meets,5,2303,5,5,1,Customer Service,External,Passed
1877,11-04-2021,active,MSC,Active,Full-Time,Zone B,Part-Time,Production       ,General - Con,Manager,Female,66973,White,Divorced,Fully Meets,2,2304,5,1,2,Customer Service,Internal,Passed
1878,11-12-2019,12-May-21,EW,Active,Part-Time,Zone A,Full-Time,Production       ,Field Operations,Laborer,Female,18379,White,Divorced,Fully Meets,2,2305,4,5,5,Communication Skills,External,Incomplete
1879,21-10-2020,14-May-23,CCDR,Active,Part-Time,Zone B,Full-Time,Production       ,Project Management - Con,Technician,Male,91517,Hispanic,Married,Fully Meets,1,2306,3,4,3,Communication Skills,External,Failed
1880,08-05-2020,active,BPC,Active,Part-Time,Zone C,Part-Time,Executive Office,Project Management - Con,Project Manager,Male,1057,Asian,Single,Fully Meets,2,2307,5,2,3,Customer Service,Internal,Passed
1881,24-05-2022,13-Oct-22,EW,Active,Full-Time,Zone A,Full-Time,Production       ,Field Operations,Coordinator,Male,20854,Other,Divorced,Fully Meets,5,2308,1,2,3,Communication Skills,Internal,Completed
1882,05-06-2019,active,CCDR,Active,Part-Time,Zone A,Part-Time,Production       ,General - Con,Technician,Male,39014,Hispanic,Widowed,Fully Meets,2,2309,2,5,5,Communication Skills,Internal,Incomplete
1883,21-04-2022,active,BPC,Active,Part-Time,Zone B,Part-Time,Production       ,Fielders,Engineer,Male,10223,Hispanic,Single,Fully Meets,5,2310,4,1,3,Leadership Development,Internal,Incomplete
1884,10-12-2019,21-Feb-23,PYZ,Active,Part-Time,Zone A,Full-Time,Production       ,Field Operations,Laborer,Female,85441,Black,Divorced,Fully Meets,2,2311,5,3,2,Leadership Development,External,Passed
1885,26-11-2019,active,WBL,Active,Full-Time,Zone C,Part-Time,IT/IS,Field Operations,Laborer,Male,96303,Asian,Widowed,Fully Meets,4,2312,1,4,3,Leadership Development,Internal,Completed
1886,13-09-2021,active,NEL,Active,Part-Time,Zone C,Full-Time,IT/IS,Shop (Fleet),Shop,Male,40706,Asian,Divorced,Fully Meets,2,2313,5,2,3,Project Management,External,Passed
1887,19-08-2019,active,PL,Active,Part-Time,Zone C,Part-Time,IT/IS,Field Operations,Technician,Female,48955,Asian,Married,Fully Meets,1,2314,4,1,3,Communication Skills,External,Failed
1888,12-06-2022,09-Jul-23,CCDR,Active,Full-Time,Zone A,Full-Time,Production       ,Project Management - Con,Project Manager,Female,83033,Other,Married,Fully Meets,4,2315,4,3,2,Customer Service,External,Incomplete
1889,21-07-2021,active,SVG,Active,Full-Time,Zone B,Full-Time,Production       ,Field Operations,Technician,Male,14556,Asian,Divorced,Fully Meets,2,2316,4,2,5,Communication Skills,Internal,Failed
1890,13-11-2020,active,EW,Active,Full-Time,Zone A,Temporary,Production       ,Yard (Material Handling),Manager,Female,76366,Black,Single,Fully Meets,1,2317,2,2,1,Customer Service,External,Failed
1891,20-02-2022,active,MSC,Active,Part-Time,Zone A,Temporary,Production       ,Field Operations,Laborer,Female,57512,White,Widowed,Fully Meets,2,2318,2,1,5,Communication Skills,External,Incomplete
1892,28-03-2019,14-Apr-22,TNS,Terminated,Contract,Zone A,Part-Time,Production       ,General - Sga,Administrator,Female,31008,White,Widowed,Fully Meets,5,2319,5,4,3,Customer Service,Internal,Passed
1893,26-10-2022,17-Jun-23,PYZ,Terminated,Part-Time,Zone A,Full-Time,Production       ,Fielders,Engineer,Female,64961,White,Single,Fully Meets,4,2320,5,1,3,Communication Skills,External,Incomplete
1894,10-05-2023,14-May-23,WBL,Active,Full-Time,Zone C,Full-Time,Production       ,Field Operations,Technician,Female,1269,Black,Divorced,Fully Meets,2,2321,4,2,5,Communication Skills,Internal,Incomplete
1895,01-09-2022,active,NEL,Active,Contract,Zone C,Part-Time,Production       ,Field Operations,Driller,Female,73596,Asian,Divorced,Fully Meets,5,2322,4,3,4,Communication Skills,Internal,Completed
1896,21-04-2021,17-Aug-21,PL,Active,Part-Time,Zone C,Temporary,Production       ,Project Management - Con,Manager,Female,35263,Asian,Divorced,Fully Meets,5,2323,2,1,3,Project Management,External,Incomplete
1897,23-07-2021,15-Feb-23,BPC,Terminated,Part-Time,Zone A,Temporary,Production       ,General - Con,Splicer,Female,94592,Black,Widowed,Fully Meets,4,2324,1,2,4,Communication Skills,External,Incomplete
1898,29-12-2020,active,CCDR,Active,Part-Time,Zone A,Temporary,Production       ,Field Operations,Laborer,Female,60295,Asian,Divorced,Fully Meets,1,2325,4,4,1,Project Management,Internal,Completed
1899,08-08-2022,active,SVG,Active,Contract,Zone A,Temporary,Production       ,Project Management - Con,Safety,Female,25257,Black,Single,Fully Meets,2,2326,3,1,4,Customer Service,External,Completed
1900,30-07-2020,active,EW,Active,Full-Time,Zone A,Part-Time,Production       ,Field Operations,Laborer,Male,43033,Black,Married,Fully Meets,4,2327,4,1,2,Customer Service,External,Incomplete
1901,18-03-2019,active,MSC,Active,Full-Time,Zone B,Part-Time,Production       ,General - Con,Splicer,Male,48068,Asian,Divorced,Fully Meets,4,2328,1,4,3,Communication Skills,Internal,Passed
1902,25-07-2019,03-Sep-22,TNS,Active,Full-Time,Zone A,Full-Time,Executive Office,Aerial,Lineman,Male,82740,Asian,Single,Fully Meets,2,2329,2,3,1,Leadership Development,External,Incomplete
1903,16-10-2021,active,SVG,Active,Full-Time,Zone C,Part-Time,Production       ,Executive,Vp,Male,57688,Other,Married,Fully Meets,2,2330,3,4,5,Customer Service,Internal,Passed
1904,06-12-2019,29-Oct-21,TNS,Active,Contract,Zone C,Part-Time,Production       ,Wireline Construction,Supervisor,Male,34849,Black,Divorced,Fully Meets,1,2331,2,5,3,Technical Skills,Internal,Failed
1905,29-06-2019,21-Jul-20,WBL,Active,Contract,Zone C,Full-Time,Production       ,Fielders,Engineer,Male,31351,White,Widowed,Fully Meets,4,2332,1,1,1,Communication Skills,Internal,Completed
1906,03-04-2019,active,BPC,Active,Full-Time,Zone C,Temporary,IT/IS,Yard (Material Handling),Associate,Female,17611,Asian,Divorced,Fully Meets,1,2333,5,4,2,Technical Skills,Internal,Failed
1907,21-07-2021,03-Sep-22,CCDR,Active,Contract,Zone A,Temporary,IT/IS,Engineers,Engineer,Male,93589,Asian,Single,Fully Meets,4,2334,3,3,5,Project Management,Internal,Failed
1908,27-07-2022,active,EW,Active,Full-Time,Zone C,Temporary,IT/IS,General - Con,Foreman,Male,58353,White,Divorced,Fully Meets,4,2335,1,5,5,Communication Skills,Internal,Completed
1909,06-10-2019,active,CCDR,Active,Contract,Zone A,Full-Time,Production       ,General - Con,Foreman,Female,61633,Other,Single,Fully Meets,4,2336,5,1,5,Communication Skills,External,Completed
1910,16-04-2021,active,SVG,Active,Full-Time,Zone C,Part-Time,Production       ,Engineers,Engineer,Male,29639,Other,Single,Fully Meets,4,2337,1,4,3,Project Management,Internal,Incomplete
1911,10-10-2018,02-May-22,EW,Active,Part-Time,Zone C,Temporary,Production       ,Project Management - Con,Supervisor,Female,6536,Other,Married,Fully Meets,4,2338,2,3,5,Customer Service,External,Completed
1912,25-07-2022,08-Nov-22,MSC,Terminated,Full-Time,Zone B,Part-Time,Production       ,General - Sga,Administrator,Female,19049,Black,Married,Fully Meets,1,2339,3,1,5,Leadership Development,Internal,Failed
1913,17-03-2021,13-May-23,TNS,Terminated,Contract,Zone A,Temporary,Production       ,General - Con,Laborer,Female,29529,White,Single,Fully Meets,5,2340,4,5,3,Project Management,External,Failed
1914,13-10-2018,active,PYZ,Active,Full-Time,Zone A,Full-Time,Production       ,General - Sga,Mechanic,Female,36574,Hispanic,Divorced,Fully Meets,2,2341,1,5,2,Communication Skills,Internal,Failed
1915,09-01-2020,active,WBL,Active,Part-Time,Zone C,Temporary,Production       ,Field Operations,Laborer,Female,5298,Other,Single,Fully Meets,5,2342,1,4,3,Communication Skills,Internal,Completed
1916,18-09-2019,active,NEL,Active,Full-Time,Zone B,Temporary,Production       ,Wireless,Technician,Female,38735,Hispanic,Single,Fully Meets,4,2343,1,3,4,Customer Service,Internal,Completed
1917,26-10-2019,10-Mar-20,PL,Active,Contract,Zone C,Temporary,Production       ,Yard (Material Handling),Engineer,Female,42542,Other,Divorced,Fully Meets,1,2344,2,5,5,Technical Skills,External,Completed
1918,14-09-2020,30-May-23,BPC,Terminated,Full-Time,Zone B,Temporary,Production       ,Field Operations,Specialist,Female,7521,Hispanic,Married,Fully Meets,2,2345,2,1,5,Project Management,External,Incomplete
1919,09-04-2023,active,CCDR,Active,Part-Time,Zone A,Full-Time,Production       ,Field Operations,Technician,Female,9394,Hispanic,Widowed,Fully Meets,4,2346,5,3,1,Customer Service,External,Completed
1920,25-10-2019,active,SVG,Active,Full-Time,Zone A,Part-Time,Production       ,Field Operations,Laborer,Female,14720,White,Single,Fully Meets,1,2347,2,3,2,Communication Skills,Internal,Passed
1921,25-06-2022,active,EW,Active,Part-Time,Zone C,Full-Time,Production       ,Field Operations,Technician,Male,85605,Asian,Single,Fully Meets,1,2348,4,4,2,Technical Skills,Internal,Passed
1922,26-01-2023,27-Feb-23,MSC,Active,Part-Time,Zone C,Full-Time,Production       ,General - Con,Laborer,Male,38286,Black,Widowed,Fully Meets,4,2349,5,5,1,Communication Skills,Internal,Completed
1923,19-02-2020,active,TNS,Active,Part-Time,Zone A,Temporary,Executive Office,Wireline Construction,Laborer,Male,59836,Black,Divorced,Fully Meets,2,2350,1,4,5,Leadership Development,Internal,Failed
1924,24-12-2019,21-Jun-20,EW,Active,Contract,Zone B,Temporary,Production       ,Engineers,Technician,Male,25767,Hispanic,Widowed,Fully Meets,4,2351,3,3,5,Communication Skills,Internal,Incomplete
1925,16-10-2020,15-Nov-20,MSC,Active,Full-Time,Zone B,Temporary,Production       ,General - Con,Lineman,Male,19689,White,Widowed,Fully Meets,2,2352,2,3,3,Communication Skills,External,Completed
1926,07-09-2018,active,TNS,Active,Part-Time,Zone B,Full-Time,IT/IS,Field Operations,Foreman,Female,19035,Hispanic,Married,Fully Meets,2,2353,2,4,3,Technical Skills,Internal,Failed
1927,07-01-2022,29-Jun-22,PYZ,Active,Part-Time,Zone C,Full-Time,IT/IS,Wireline Construction,Clerk,Female,61793,White,Divorced,Fully Meets,2,2354,5,1,1,Communication Skills,External,Completed
1928,25-03-2019,23-Apr-19,WBL,Active,Contract,Zone C,Temporary,IT/IS,Field Operations,Civil Hand,Male,91193,Asian,Single,Fully Meets,1,2355,1,1,4,Customer Service,External,Failed
1929,18-11-2021,17-Dec-22,NEL,Active,Part-Time,Zone C,Temporary,IT/IS,Catv,Laborer,Male,11058,Black,Single,Fully Meets,4,2356,4,1,1,Technical Skills,External,Passed
1930,31-12-2022,21-Jul-23,PL,Active,Contract,Zone B,Temporary,Production       ,General - Con,Foreman,Female,48133,Black,Married,Fully Meets,1,2357,1,2,3,Leadership Development,Internal,Failed
1931,14-05-2020,29-Nov-22,PYZ,Active,Part-Time,Zone B,Temporary,Production       ,Executive,Executive Assistant,Male,14776,Black,Married,Fully Meets,4,2358,5,3,3,Project Management,External,Incomplete
1932,13-12-2020,12-Feb-23,SVG,Active,Full-Time,Zone B,Part-Time,Production       ,Engineers,Project Manager,Female,87985,Other,Married,Fully Meets,2,2359,4,4,3,Technical Skills,External,Failed
1933,16-11-2021,23-Nov-22,TNS,Terminated,Part-Time,Zone B,Part-Time,Production       ,Fielders,Engineer,Female,26846,Asian,Widowed,Fully Meets,1,2360,4,4,3,Project Management,Internal,Passed
1934,01-12-2022,06-Jul-23,WBL,Terminated,Full-Time,Zone C,Full-Time,Production       ,Project Management - Con,Supervisor,Female,66281,Asian,Divorced,Fully Meets,2,2361,4,4,2,Customer Service,External,Failed
1935,30-10-2020,28-Jul-22,BPC,Active,Full-Time,Zone C,Part-Time,Production       ,Field Operations,Construction Manager,Female,97050,Asian,Married,Fully Meets,2,2362,5,4,5,Project Management,Internal,Incomplete
1936,08-02-2021,25-Sep-22,CCDR,Active,Full-Time,Zone C,Temporary,Production       ,Wireline Construction,Foreman,Female,14808,Hispanic,Widowed,Fully Meets,2,2363,2,5,1,Communication Skills,External,Incomplete
1937,05-08-2019,active,EW,Active,Full-Time,Zone A,Temporary,Production       ,Field Operations,Technician,Male,53839,Black,Widowed,Fully Meets,5,2364,4,2,4,Project Management,External,Completed
1938,29-11-2018,09-Mar-23,MSC,Terminated,Contract,Zone A,Temporary,Production       ,Engineers,Technician,Female,43609,Black,Married,Fully Meets,1,2365,1,1,1,Communication Skills,External,Passed
1939,16-11-2018,25-May-21,NEL,Terminated,Full-Time,Zone B,Part-Time,Production       ,Fielders,Engineer,Female,83442,Asian,Divorced,Fully Meets,2,2366,4,2,5,Project Management,Internal,Incomplete
1940,23-08-2020,11-Jun-22,PL,Active,Contract,Zone C,Part-Time,Production       ,Wireline Construction,Foreman,Female,6820,Hispanic,Widowed,Fully Meets,5,2367,3,2,5,Project Management,Internal,Completed
1941,22-08-2020,09-Mar-23,PYZ,Active,Full-Time,Zone B,Temporary,Production       ,Wireline Construction,Splicer,Female,50782,White,Single,Fully Meets,1,2368,5,2,1,Technical Skills,External,Completed
1942,19-10-2021,10-Sep-22,SVG,Active,Part-Time,Zone B,Full-Time,Production       ,Field Operations,Engineer,Male,59893,Other,Divorced,Fully Meets,5,2369,5,2,4,Leadership Development,External,Failed
1943,21-02-2020,29-Nov-21,TNS,Active,Contract,Zone B,Full-Time,Production       ,Field Operations,Locator,Male,84707,Other,Widowed,Fully Meets,5,2370,1,2,4,Leadership Development,External,Incomplete
1944,21-11-2022,active,EW,Active,Contract,Zone B,Temporary,Production       ,Field Operations,Supervisor,Male,59104,White,Married,Fully Meets,1,2371,2,1,5,Customer Service,Internal,Passed
1945,05-08-2019,06-Dec-21,CCDR,Active,Full-Time,Zone A,Part-Time,Production       ,Field Operations,Driller,Female,61932,Hispanic,Single,Fully Meets,2,2372,3,4,5,Leadership Development,Internal,Completed
1946,05-11-2020,04-Jun-22,BPC,Active,Full-Time,Zone A,Full-Time,IT/IS,Catv,Foreman,Female,62911,Other,Divorced,Fully Meets,2,2373,3,5,5,Project Management,External,Completed
1947,12-06-2021,25-Feb-22,WBL,Active,Part-Time,Zone A,Part-Time,IT/IS,Field Operations,Laborer,Female,51977,Asian,Divorced,Fully Meets,2,2374,1,2,1,Customer Service,External,Incomplete
1948,13-09-2018,active,TNS,Active,Contract,Zone B,Full-Time,IT/IS,General - Con,Foreman,Male,90110,Black,Single,Fully Meets,1,2375,2,4,2,Project Management,External,Failed
1949,09-04-2023,03-Jun-23,CCDR,Active,Full-Time,Zone A,Temporary,Production       ,Field Operations,Technician,Female,2573,Asian,Divorced,Fully Meets,4,2376,5,2,4,Communication Skills,Internal,Completed
1950,09-01-2021,active,SVG,Active,Contract,Zone B,Part-Time,Production       ,Executive,Vp,Male,2433,White,Single,Fully Meets,4,2377,1,2,1,Leadership Development,External,Failed
1951,23-03-2020,active,EW,Active,Part-Time,Zone A,Full-Time,Production       ,Project Management - Eng,Administrative,Female,16691,Other,Married,Fully Meets,2,2378,2,5,3,Leadership Development,Internal,Passed
1952,19-10-2019,23-Dec-20,MSC,Terminated,Full-Time,Zone C,Part-Time,Production       ,Fielders,Technician,Female,28545,Asian,Divorced,Fully Meets,2,2379,2,5,1,Communication Skills,External,Completed
1953,02-07-2023,11-Jul-23,TNS,Active,Full-Time,Zone A,Temporary,Production       ,General - Con,Laborer,Female,87440,Other,Married,Fully Meets,2,2380,2,1,3,Customer Service,Internal,Completed
1954,29-08-2019,active,PYZ,Active,Part-Time,Zone B,Part-Time,Production       ,Catv,Foreman,Female,10486,Other,Divorced,Fully Meets,2,2381,2,3,3,Technical Skills,External,Passed
1955,17-07-2023,28-Jul-23,WBL,Active,Part-Time,Zone C,Temporary,Production       ,Catv,Laborer,Male,59652,Asian,Single,Fully Meets,1,2382,4,3,4,Project Management,Internal,Completed
1956,02-02-2020,active,NEL,Active,Full-Time,Zone A,Full-Time,Production       ,Field Operations,Laborer,Male,87927,Asian,Widowed,Fully Meets,4,2383,5,3,5,Customer Service,External,Incomplete
1957,14-10-2021,21-Oct-22,PL,Terminated,Full-Time,Zone A,Temporary,Production       ,Field Operations,Foreman,Female,47596,Hispanic,Married,Fully Meets,5,2384,2,2,2,Communication Skills,Internal,Failed
1958,10-04-2020,active,BPC,Active,Contract,Zone A,Part-Time,Production       ,Yard (Material Handling),Associate,Female,46287,Asian,Single,Fully Meets,2,2385,2,1,3,Technical Skills,Internal,Incomplete
1959,14-12-2018,active,CCDR,Active,Part-Time,Zone B,Part-Time,Production       ,Finance & Accounting,Administrative,Female,87401,Black,Widowed,Fully Meets,1,2386,1,4,3,Customer Service,External,Failed
1960,27-06-2022,05-Jan-23,SVG,Active,Contract,Zone C,Temporary,Production       ,Safety,Safety,Male,40201,Hispanic,Widowed,Fully Meets,1,2387,1,2,5,Communication Skills,Internal,Failed
1961,07-09-2020,active,EW,Active,Contract,Zone C,Temporary,Production       ,Fielders,Engineer,Male,94290,Other,Single,Fully Meets,2,2388,5,2,4,Project Management,Internal,Completed
1962,03-11-2019,22-Jun-21,EW,Active,Contract,Zone C,Part-Time,Production       ,General - Eng,Administrative,Male,35338,White,Widowed,Fully Meets,2,2389,1,4,2,Technical Skills,Internal,Completed
1963,15-05-2020,27-Dec-21,MSC,Active,Part-Time,Zone C,Part-Time,Production       ,Engineers,Coordinator,Female,94090,Asian,Divorced,Fully Meets,1,2390,1,5,4,Customer Service,External,Completed
1964,28-04-2023,13-May-23,TNS,Active,Part-Time,Zone B,Full-Time,IT/IS,Splicing,Splicer,Female,44623,Asian,Widowed,Fully Meets,1,2391,3,3,3,Technical Skills,External,Failed
1965,05-08-2019,active,BPC,Active,Full-Time,Zone A,Full-Time,IT/IS,People Services,Services,Male,91306,Black,Single,Fully Meets,1,2392,4,3,2,Customer Service,External,Failed
1966,05-12-2018,15-Sep-21,NEL,Active,Full-Time,Zone C,Part-Time,Production       ,Engineers,Engineer,Female,79531,Other,Widowed,Fully Meets,5,2393,3,2,2,Project Management,External,Completed
1967,25-04-2022,23-Jun-23,PL,Active,Full-Time,Zone C,Full-Time,Production       ,Field Operations,Laborer,Male,57850,White,Single,Fully Meets,2,2394,4,1,1,Customer Service,Internal,Completed
1968,10-12-2019,active,PYZ,Active,Part-Time,Zone C,Part-Time,Production       ,General - Eng,Engineer,Male,8880,Black,Divorced,Fully Meets,1,2395,1,1,4,Customer Service,External,Completed
1969,30-06-2022,13-Jul-22,SVG,Terminated,Contract,Zone C,Part-Time,Production       ,General - Eng,Engineer,Female,11959,Other,Single,Fully Meets,1,2396,3,4,2,Project Management,External,Completed
1970,19-09-2018,29-Apr-19,TNS,Active,Part-Time,Zone B,Full-Time,Production       ,Field Operations,Laborer,Female,90692,Other,Widowed,Fully Meets,2,2397,2,5,2,Project Management,External,Completed
1971,08-07-2019,16-Aug-22,WBL,Active,Contract,Zone C,Temporary,Production       ,General - Con,Foreman,Female,75907,White,Widowed,Fully Meets,5,2398,4,3,3,Technical Skills,External,Incomplete
1972,25-05-2023,31-Jul-23,PYZ,Active,Full-Time,Zone B,Part-Time,Production       ,Wireline Construction,Driver,Male,2777,White,Married,Fully Meets,4,2399,1,4,2,Customer Service,External,Passed
1973,03-11-2018,active,WBL,Active,Contract,Zone A,Part-Time,Production       ,General - Sga,Supervisor,Male,28115,Black,Married,Fully Meets,2,2400,4,4,3,Communication Skills,External,Completed
1974,09-11-2022,10-Jan-23,NEL,Terminated,Full-Time,Zone C,Part-Time,Production       ,Field Operations,Technician,Female,96954,Asian,Divorced,Fully Meets,5,2401,1,1,3,Customer Service,Internal,Failed
1975,14-04-2022,22-Sep-22,PL,Terminated,Full-Time,Zone C,Full-Time,Production       ,Shop (Fleet),Supervisor,Female,36118,Black,Widowed,Fully Meets,2,2402,3,2,2,Communication Skills,External,Failed
1976,06-08-2020,29-Jul-22,BPC,Active,Full-Time,Zone C,Temporary,Production       ,Finance & Accounting,Administrative,Female,48453,Hispanic,Married,Fully Meets,4,2403,3,3,3,Technical Skills,External,Failed
1977,26-06-2019,27-Jan-20,CCDR,Active,Contract,Zone C,Temporary,Production       ,General - Con,Manager,Female,25247,White,Divorced,Fully Meets,2,2404,3,3,1,Project Management,External,Failed
1978,13-09-2020,15-Mar-22,SVG,Terminated,Full-Time,Zone B,Part-Time,Production       ,Field Operations,Lineman,Male,3445,White,Divorced,Fully Meets,4,2405,4,1,2,Technical Skills,External,Completed
1979,13-11-2018,active,EW,Active,Part-Time,Zone B,Part-Time,Production       ,Engineers,Technician,Male,73530,Black,Widowed,Fully Meets,1,2406,1,4,4,Communication Skills,Internal,Failed
1980,06-10-2019,14-Apr-23,EW,Active,Full-Time,Zone C,Temporary,Production       ,Finance & Accounting,Clerk,Male,47723,Other,Widowed,Fully Meets,4,2407,3,5,5,Project Management,Internal,Completed
1981,15-09-2021,active,MSC,Active,Full-Time,Zone B,Part-Time,IT/IS,Field Operations,Foreman,Female,46328,Black,Divorced,Fully Meets,5,2408,2,5,5,Project Management,Internal,Failed
1982,06-02-2020,active,TNS,Active,Full-Time,Zone B,Full-Time,IT/IS,Engineers,Program Manager,Female,91289,White,Single,Fully Meets,4,2409,3,3,3,Customer Service,External,Passed
1983,21-10-2022,active,PYZ,Active,Full-Time,Zone B,Part-Time,IT/IS,Engineers,Project Manager,Male,39919,White,Divorced,Fully Meets,2,2410,4,4,1,Technical Skills,External,Failed
1984,11-10-2022,active,NEL,Active,Part-Time,Zone B,Temporary,Production       ,General - Con,Lineman,Female,43601,Black,Widowed,Fully Meets,2,2411,2,3,3,Project Management,External,Failed
1985,30-01-2022,22-Mar-23,PL,Active,Full-Time,Zone B,Part-Time,Production       ,Engineers,Engineer,Male,63971,White,Widowed,Fully Meets,2,2412,5,4,5,Project Management,Internal,Passed
1986,27-07-2022,09-Oct-22,PYZ,Active,Full-Time,Zone B,Temporary,Production       ,General - Con,Driver,Female,18899,White,Single,Fully Meets,4,2413,4,2,2,Communication Skills,External,Failed
1987,26-05-2022,active,SVG,Active,Part-Time,Zone B,Part-Time,Production       ,General - Con,Laborer,Female,82519,Asian,Single,Fully Meets,2,2414,1,1,5,Technical Skills,External,Failed
1988,08-02-2021,23-Aug-22,TNS,Active,Full-Time,Zone B,Full-Time,Production       ,Field Operations,Technician,Female,25010,White,Married,Fully Meets,4,2415,1,2,5,Customer Service,Internal,Failed
1989,06-06-2022,active,WBL,Active,Contract,Zone C,Full-Time,Production       ,General - Con,Laborer,Male,91822,Asian,Single,Fully Meets,2,2416,4,5,1,Communication Skills,Internal,Failed
1990,27-02-2021,30-Jul-23,BPC,Active,Contract,Zone C,Full-Time,Production       ,Engineers,Program Manager,Male,37752,White,Single,Fully Meets,4,2417,2,3,4,Communication Skills,External,Passed
1991,26-01-2022,04-May-23,CCDR,Terminated,Contract,Zone B,Temporary,Production       ,Project Management - Con,Manager,Male,16793,Black,Married,Fully Meets,1,2418,3,2,5,Technical Skills,External,Failed
1992,01-04-2020,active,EW,Active,Part-Time,Zone A,Temporary,Production       ,Wireline Construction,Driver,Female,94808,White,Married,Fully Meets,2,2419,2,2,1,Project Management,External,Completed
1993,03-06-2020,active,MSC,Active,Contract,Zone B,Full-Time,Production       ,Project Management - Con,Coordinator,Female,22631,White,Single,Fully Meets,5,2420,4,3,1,Project Management,Internal,Passed
1994,20-11-2021,active,NEL,Active,Full-Time,Zone C,Part-Time,Production       ,Engineers,Engineer,Female,70680,Asian,Married,Fully Meets,2,2421,1,3,5,Customer Service,Internal,Completed
1995,21-12-2021,07-Apr-22,PL,Terminated,Part-Time,Zone A,Temporary,Production       ,General - Con,Laborer,Male,86374,Hispanic,Widowed,Fully Meets,2,2422,5,4,5,Leadership Development,External,Failed
1996,10-10-2018,active,PYZ,Active,Contract,Zone A,Full-Time,Production       ,General - Con,Laborer,Male,93897,Asian,Divorced,Fully Meets,1,2423,3,3,5,Technical Skills,Internal,Failed
1997,26-02-2019,24-Mar-21,SVG,Active,Full-Time,Zone C,Full-Time,Executive Office,Engineers,Technician,Male,47083,Hispanic,Divorced,Fully Meets,2,2424,2,1,4,Customer Service,Internal,Failed
1998,19-06-2022,20-May-23,MSC,Active,Contract,Zone C,Full-Time,Production       ,Wireline Construction,Driver,Male,61895,Asian,Divorced,Fully Meets,2,2425,2,2,2,Technical Skills,External,Failed
1999,20-07-2020,10-Jul-23,EW,Active,Full-Time,Zone C,Part-Time,Production       ,General - Con,Foreman,Female,43373,White,Widowed,Fully Meets,2,2426,5,5,3,Leadership Development,External,Incomplete
2000,17-01-2020,20-Apr-20,CCDR,Active,Part-Time,Zone C,Full-Time,IT/IS,Field Operations,Top Hand,Female,87868,Asian,Divorced,Fully Meets,5,2427,2,2,1,Communication Skills,Internal,Passed
2001,04-06-2021,11-Feb-22,BPC,Active,Part-Time,Zone B,Temporary,IT/IS,Yard (Material Handling),Shop,Female,7404,White,Divorced,Fully Meets,4,2428,2,5,5,Customer Service,External,Passed
2002,19-04-2019,02-Jul-20,BPC,Active,Part-Time,Zone C,Temporary,Production       ,Field Operations,Laborer,Male,68494,Black,Widowed,Fully Meets,4,2429,3,4,2,Communication Skills,External,Completed
2003,17-11-2018,20-Dec-20,CCDR,Active,Full-Time,Zone B,Part-Time,Production       ,General - Con,Technician,Male,69480,White,Single,Fully Meets,2,2430,2,1,1,Technical Skills,External,Passed
2004,18-08-2022,20-Jun-23,SVG,Active,Contract,Zone A,Full-Time,Production       ,General - Con,Laborer,Female,16520,Asian,Widowed,Fully Meets,4,2431,4,2,5,Customer Service,External,Incomplete
2005,10-02-2023,24-Apr-23,EW,Terminated,Contract,Zone C,Full-Time,Production       ,Yard (Material Handling),Shop,Female,44133,Asian,Married,Fully Meets,2,2432,1,1,2,Customer Service,External,Failed
2006,22-04-2020,03-Aug-22,MSC,Active,Contract,Zone C,Temporary,Production       ,Engineers,Project Manager,Male,28492,White,Widowed,Fully Meets,1,2433,1,5,3,Technical Skills,Internal,Completed
2007,14-01-2023,07-May-23,TNS,Active,Part-Time,Zone A,Full-Time,Production       ,General - Con,Foreman,Male,34702,Asian,Single,Fully Meets,5,2434,5,2,5,Leadership Development,External,Failed
2008,13-03-2023,21-Mar-23,PYZ,Terminated,Full-Time,Zone C,Part-Time,Production       ,Engineers,Planner,Male,97893,Other,Widowed,Fully Meets,2,2435,1,3,2,Communication Skills,Internal,Incomplete
2009,30-12-2022,16-Apr-23,WBL,Terminated,Full-Time,Zone B,Part-Time,Production       ,Field Operations,Driller,Male,94765,Asian,Widowed,Fully Meets,4,2436,1,3,3,Project Management,External,Failed
2010,04-06-2020,30-Oct-22,NEL,Terminated,Full-Time,Zone A,Full-Time,Production       ,Shop (Fleet),Mechanic,Female,83290,Other,Single,Fully Meets,2,2437,3,5,2,Customer Service,External,Completed
2011,13-03-2022,active,PL,Active,Contract,Zone A,Full-Time,Production       ,Wireless,Operator,Female,47253,Black,Divorced,Fully Meets,5,2438,4,1,4,Customer Service,External,Failed
2012,21-08-2021,active,BPC,Active,Contract,Zone B,Part-Time,Production       ,Engineers,Engineer,Female,52238,White,Single,Fully Meets,5,2439,4,3,5,Project Management,External,Failed
2013,15-05-2021,active,CCDR,Active,Contract,Zone B,Temporary,Production       ,General - Con,Laborer,Male,72975,Other,Divorced,Fully Meets,1,2440,2,5,2,Communication Skills,Internal,Failed
2014,14-07-2021,active,SVG,Active,Contract,Zone B,Part-Time,Production       ,General - Sga,Recruiter,Male,94258,Hispanic,Married,Fully Meets,2,2441,2,4,2,Project Management,External,Passed
2015,31-01-2023,22-Jun-23,SVG,Active,Contract,Zone C,Full-Time,Production       ,Executive,Vp,Female,53145,Black,Divorced,Fully Meets,1,2442,2,1,5,Communication Skills,Internal,Failed
2016,27-07-2020,active,EW,Active,Part-Time,Zone B,Full-Time,Production       ,Wireline Construction,Foreman,Female,8971,White,Widowed,Fully Meets,1,2443,4,3,5,Project Management,External,Completed
2017,16-04-2023,active,MSC,Active,Part-Time,Zone C,Part-Time,IT/IS,Wireline Construction,Traffic,Female,53240,Black,Single,Fully Meets,4,2444,1,1,5,Project Management,External,Completed
2018,30-12-2019,active,MSC,Active,Contract,Zone B,Temporary,Production       ,General - Con,Technician,Female,55950,Asian,Widowed,Fully Meets,2,2445,3,4,5,Leadership Development,External,Failed
2019,06-12-2021,11-Jan-23,NEL,Active,Contract,Zone C,Full-Time,Production       ,Executive,Manager,Male,59946,Black,Divorced,Fully Meets,5,2446,1,2,5,Communication Skills,External,Passed
2020,02-02-2020,06-Mar-22,PL,Active,Full-Time,Zone A,Full-Time,Production       ,Engineers,Administrative,Female,7019,White,Widowed,Fully Meets,4,2447,5,3,4,Technical Skills,Internal,Completed
2021,23-10-2020,14-Mar-21,PYZ,Terminated,Full-Time,Zone C,Part-Time,Production       ,General - Eng,Specialist,Female,43686,Asian,Single,Fully Meets,4,2448,2,2,5,Customer Service,Internal,Passed
2022,29-04-2020,10-Jul-21,SVG,Terminated,Part-Time,Zone B,Temporary,Production       ,Aerial,Lineman,Female,63427,Hispanic,Single,Fully Meets,4,2449,4,5,3,Project Management,External,Passed
2023,18-08-2022,24-Sep-22,TNS,Active,Full-Time,Zone A,Part-Time,Production       ,Aerial,Lineman,Male,73413,Asian,Single,Fully Meets,1,2450,5,3,2,Project Management,Internal,Completed
2024,08-09-2020,active,WBL,Active,Contract,Zone A,Temporary,Production       ,Splicing,Supervisor,Male,78058,Black,Married,Fully Meets,5,2451,5,3,1,Communication Skills,External,Incomplete
2025,14-10-2022,active,BPC,Active,Full-Time,Zone C,Part-Time,Production       ,Project Management - Con,Vp,Male,15079,Asian,Married,Fully Meets,2,2452,3,3,1,Communication Skills,Internal,Incomplete
2026,13-05-2023,active,CCDR,Active,Full-Time,Zone C,Full-Time,Production       ,Underground,Laborer,Male,70878,Other,Widowed,Fully Meets,1,2453,3,3,3,Technical Skills,External,Incomplete
2027,28-02-2021,active,EW,Active,Full-Time,Zone A,Part-Time,Production       ,Fielders,Engineer,Female,5526,Asian,Married,Fully Meets,5,2454,1,4,3,Leadership Development,Internal,Completed
2028,03-03-2020,active,MSC,Active,Full-Time,Zone B,Full-Time,Production       ,General - Con,Specialist,Female,50307,Hispanic,Single,Fully Meets,2,2455,3,3,1,Customer Service,External,Completed
2029,29-11-2021,active,NEL,Active,Full-Time,Zone A,Full-Time,Production       ,Wireline Construction,Laborer,Male,70237,Asian,Single,Fully Meets,5,2456,4,5,3,Customer Service,External,Failed
2030,24-08-2018,active,PL,Active,Part-Time,Zone A,Part-Time,Production       ,Field Operations,Groundman,Male,82947,Hispanic,Single,Fully Meets,2,2457,3,2,3,Technical Skills,Internal,Incomplete
2031,21-10-2020,24-Mar-22,PYZ,Active,Part-Time,Zone B,Temporary,Production       ,Shop (Fleet),Technician,Male,59127,Other,Widowed,Fully Meets,2,2458,5,3,1,Customer Service,Internal,Failed
2032,15-12-2020,24-Jun-21,SVG,Active,Full-Time,Zone A,Temporary,Production       ,Field Operations,Laborer,Female,89047,Asian,Married,Fully Meets,4,2459,5,5,5,Project Management,External,Failed
2033,05-09-2018,27-Jan-23,EW,Active,Contract,Zone C,Full-Time,IT/IS,Finance & Accounting,Controller,Female,15258,White,Widowed,Fully Meets,2,2460,3,4,2,Communication Skills,External,Passed
2034,27-09-2021,active,EW,Active,Part-Time,Zone A,Full-Time,Admin Offices,Splicing,Splicer,Male,23555,Black,Divorced,Fully Meets,5,2461,3,2,4,Communication Skills,External,Completed
2035,09-01-2020,27-Jan-21,NEL,Active,Part-Time,Zone C,Full-Time,Production       ,General - Con,Foreman,Female,83298,White,Married,Fully Meets,2,2462,4,1,2,Customer Service,External,Completed
2036,06-12-2018,active,PL,Active,Part-Time,Zone A,Part-Time,Production       ,Fielders,Engineer,Female,27705,Hispanic,Widowed,Fully Meets,4,2463,3,5,5,Leadership Development,Internal,Passed
2037,11-08-2022,active,BPC,Active,Full-Time,Zone B,Temporary,Production       ,Field Operations,Technician,Male,78500,White,Widowed,Fully Meets,2,2464,2,3,2,Leadership Development,External,Passed
2038,13-04-2020,26-Jun-21,CCDR,Active,Contract,Zone A,Full-Time,Production       ,Field Operations,Laborer,Female,42463,White,Single,Fully Meets,2,2465,3,3,1,Project Management,Internal,Incomplete
2039,14-11-2021,22-Jan-23,SVG,Terminated,Contract,Zone A,Full-Time,Production       ,Fielders,Engineer,Female,17484,White,Widowed,Fully Meets,2,2466,2,4,1,Customer Service,External,Failed
2040,17-03-2022,23-Jun-23,EW,Terminated,Full-Time,Zone B,Full-Time,Production       ,Engineers,Engineer,Female,86392,Other,Married,Fully Meets,5,2467,1,1,4,Customer Service,External,Passed
2041,06-05-2019,active,MSC,Active,Part-Time,Zone A,Part-Time,Production       ,General - Con,Laborer,Male,53359,Hispanic,Married,Fully Meets,5,2468,5,4,3,Communication Skills,Internal,Passed
2042,27-11-2021,22-Jun-23,TNS,Active,Part-Time,Zone C,Part-Time,Production       ,Field Operations,Supervisor,Male,74482,Hispanic,Divorced,Fully Meets,4,2469,2,1,5,Project Management,External,Completed
2043,09-02-2021,active,BPC,Active,Full-Time,Zone C,Temporary,Production       ,General - Con,Laborer,Male,71766,Asian,Single,Fully Meets,5,2470,5,5,2,Communication Skills,Internal,Completed
2044,06-01-2022,active,CCDR,Active,Part-Time,Zone C,Part-Time,Production       ,Fielders,Engineer,Male,84366,Other,Divorced,Fully Meets,2,2471,5,5,3,Leadership Development,External,Passed
2045,28-07-2023,active,EW,Active,Full-Time,Zone B,Temporary,Production       ,Aerial,Foreman,Female,71843,Asian,Married,Fully Meets,2,2472,5,2,3,Project Management,External,Failed
2046,27-03-2021,23-Jun-22,MSC,Active,Contract,Zone B,Full-Time,Production       ,Corp Operations,Administrative,Male,55005,Hispanic,Single,Fully Meets,4,2473,4,4,3,Leadership Development,Internal,Completed
2047,12-03-2023,02-Jun-23,NEL,Active,Contract,Zone A,Temporary,Production       ,Field Operations,Technician,Male,38407,Black,Married,Fully Meets,4,2474,4,5,2,Project Management,Internal,Completed
2048,05-10-2022,17-Dec-22,PL,Terminated,Part-Time,Zone C,Temporary,Production       ,General - Con,Splicer,Male,14857,White,Single,Fully Meets,4,2475,1,4,1,Leadership Development,Internal,Failed
2049,01-10-2021,21-Jun-23,PYZ,Active,Part-Time,Zone B,Full-Time,Executive Office,Yard (Material Handling),Runner,Male,6637,Other,Single,Fully Meets,2,2476,3,5,5,Technical Skills,External,Completed
2050,31-01-2022,active,PL,Active,Contract,Zone A,Full-Time,Sales,Field Operations,Laborer,Female,92396,Asian,Divorced,Fully Meets,2,2477,4,4,3,Leadership Development,Internal,Passed
2051,01-06-2020,active,PYZ,Active,Full-Time,Zone A,Temporary,Production       ,General - Con,Flagger,Female,6085,White,Single,Fully Meets,5,2478,4,4,1,Customer Service,Internal,Passed
2052,18-04-2023,17-May-23,SVG,Active,Contract,Zone C,Part-Time,IT/IS,General - Con,Laborer,Female,67089,Hispanic,Divorced,Fully Meets,4,2479,2,1,2,Technical Skills,Internal,Passed
2053,25-07-2020,active,CCDR,Active,Part-Time,Zone C,Part-Time,IT/IS,Splicing,Technician,Male,1460,White,Widowed,Fully Meets,2,2480,3,2,3,Customer Service,External,Passed
2054,12-12-2018,active,PL,Active,Full-Time,Zone A,Part-Time,IT/IS,Aerial,Lineman,Male,2481,Black,Divorced,Fully Meets,1,2481,2,5,1,Technical Skills,External,Incomplete
2055,01-09-2018,20-Jun-22,PYZ,Active,Contract,Zone C,Full-Time,IT/IS,Isp,Manager,Male,1886,Black,Married,Fully Meets,4,2482,4,2,5,Customer Service,External,Incomplete
2056,24-11-2019,active,WBL,Active,Part-Time,Zone A,Temporary,IT/IS,Fielders,Engineer,Male,2134,Black,Divorced,Fully Meets,2,2483,5,1,3,Communication Skills,Internal,Failed
2057,26-12-2021,active,SVG,Active,Part-Time,Zone A,Part-Time,IT/IS,Field Operations,Laborer,Male,2045,Black,Single,Fully Meets,4,2484,1,2,2,Communication Skills,External,Failed
2058,04-03-2020,08-Sep-21,NEL,Active,Part-Time,Zone B,Part-Time,Software Engineering,Wireless,Supervisor,Male,2184,White,Widowed,Fully Meets,4,2485,3,5,5,Communication Skills,Internal,Completed
2059,03-05-2020,active,TNS,Active,Part-Time,Zone A,Temporary,IT/IS,General - Con,Coordinator,Male,1915,Black,Married,Fully Meets,5,2486,1,1,5,Technical Skills,Internal,Passed
2060,20-07-2019,active,PYZ,Active,Part-Time,Zone A,Temporary,IT/IS,Splicing,Laborer,Male,86917,White,Single,Fully Meets,4,2487,1,1,4,Technical Skills,Internal,Failed
2061,26-05-2022,05-Oct-22,PL,Active,Contract,Zone A,Full-Time,IT/IS,Field Operations,Tower Hand,Male,10930,Other,Married,Fully Meets,1,2488,2,4,5,Customer Service,External,Completed
2062,24-07-2021,active,NEL,Active,Contract,Zone A,Part-Time,IT/IS,Field Operations,Technician,Male,38550,Hispanic,Single,Fully Meets,5,2489,1,3,2,Communication Skills,Internal,Incomplete
2063,27-09-2021,active,MSC,Active,Contract,Zone A,Part-Time,IT/IS,General - Con,Laborer,Male,5891,Other,Widowed,Fully Meets,4,2490,2,2,4,Leadership Development,Internal,Incomplete
2064,07-04-2019,active,BPC,Active,Contract,Zone A,Full-Time,Software Engineering,General - Con,Flagger,Male,16917,Black,Single,Fully Meets,1,2491,4,5,2,Customer Service,External,Incomplete
2065,20-07-2019,active,CCDR,Active,Full-Time,Zone C,Temporary,Software Engineering,General - Con,Laborer,Male,34504,White,Married,Fully Meets,2,2492,3,2,5,Leadership Development,External,Completed
2066,03-12-2022,29-Jun-23,SVG,Active,Contract,Zone C,Full-Time,Software Engineering,Field Operations,Driller,Male,13337,Black,Divorced,Fully Meets,4,2493,1,3,1,Communication Skills,Internal,Completed
2067,04-04-2020,10-Nov-22,MSC,Active,Contract,Zone A,Temporary,IT/IS,Field Operations,Laborer,Male,67346,Asian,Married,Fully Meets,4,2494,1,1,1,Customer Service,Internal,Incomplete
2068,08-03-2020,26-Feb-23,NEL,Active,Contract,Zone B,Part-Time,IT/IS,Fielders,Engineer,Male,71472,Black,Married,Fully Meets,1,2495,5,1,2,Project Management,Internal,Incomplete
2069,28-09-2020,27-Mar-23,PL,Active,Part-Time,Zone B,Temporary,IT/IS,Underground,Operator,Male,55912,Other,Single,Fully Meets,2,2496,2,3,3,Technical Skills,Internal,Passed
2070,14-07-2021,09-Aug-22,PYZ,Active,Full-Time,Zone C,Temporary,IT/IS,Field Operations,Technician,Male,24639,White,Single,Fully Meets,4,2497,5,2,5,Customer Service,Internal,Passed
2071,17-10-2019,21-Mar-20,PYZ,Terminated,Full-Time,Zone A,Temporary,IT/IS,Field Operations,Foreman,Female,44117,Asian,Divorced,Fully Meets,4,2498,5,3,5,Project Management,Internal,Incomplete
2072,08-04-2023,09-Jun-23,PL,Active,Contract,Zone B,Full-Time,Software Engineering,Project Management - Con,Manager,Male,32650,Asian,Married,Fully Meets,4,2499,5,5,3,Project Management,Internal,Failed
2073,25-07-2019,active,BPC,Active,Full-Time,Zone C,Part-Time,Software Engineering,Field Operations,Laborer,Male,27273,Hispanic,Married,Fully Meets,2,2500,1,3,5,Project Management,Internal,Completed
2074,25-12-2022,active,CCDR,Active,Full-Time,Zone A,Temporary,Software Engineering,Finance & Accounting,Manager,Male,89368,Black,Divorced,Fully Meets,2,2501,1,5,3,Communication Skills,Internal,Completed
2075,27-01-2019,active,SVG,Active,Part-Time,Zone C,Temporary,Software Engineering,Wireline Construction,Supervisor,Male,25819,White,Divorced,Fully Meets,2,2502,3,3,5,Technical Skills,Internal,Passed
2076,26-12-2021,29-Jan-22,PL,Active,Contract,Zone C,Temporary,IT/IS,General - Con,Clerk,Male,6113,White,Married,Fully Meets,5,2503,1,1,1,Technical Skills,External,Incomplete
2077,12-01-2023,active,BPC,Active,Full-Time,Zone A,Part-Time,IT/IS,Engineers,Engineer,Male,60048,Black,Single,Fully Meets,4,2504,1,5,3,Communication Skills,Internal,Failed
2078,02-07-2019,active,CCDR,Active,Contract,Zone B,Temporary,IT/IS,Splicing,Tester,Male,23929,Asian,Single,Fully Meets,1,2505,3,2,3,Communication Skills,External,Completed
2079,30-06-2022,active,SVG,Active,Full-Time,Zone C,Full-Time,IT/IS,Field Operations,Groundman,Male,76072,White,Single,Fully Meets,5,2506,3,3,2,Communication Skills,Internal,Passed
2080,05-01-2023,14-Jan-23,CCDR,Terminated,Part-Time,Zone B,Temporary,IT/IS,Aerial,Foreman,Female,93702,White,Single,Fully Meets,5,2507,2,3,4,Technical Skills,External,Incomplete
2081,18-11-2018,active,SVG,Active,Full-Time,Zone A,Part-Time,IT/IS,Field Operations,Technician,Male,96865,Other,Single,Fully Meets,5,2508,1,4,1,Technical Skills,External,Completed
2082,21-09-2020,16-Oct-21,EW,Active,Part-Time,Zone C,Full-Time,Software Engineering,Billable Consultants,Engineer,Female,68690,Hispanic,Married,Fully Meets,2,2509,1,2,3,Communication Skills,Internal,Completed
2083,25-11-2019,24-Feb-23,MSC,Active,Contract,Zone C,Temporary,Software Engineering,Aerial,Lineman,Male,87866,Asian,Single,Fully Meets,1,2510,2,2,2,Customer Service,Internal,Completed
2084,05-02-2021,12-Feb-23,NEL,Active,Full-Time,Zone C,Part-Time,Software Engineering,Engineers,Technician,Male,9299,Asian,Single,Fully Meets,4,2511,4,3,1,Technical Skills,External,Incomplete
2085,16-04-2023,25-May-23,PL,Active,Part-Time,Zone B,Temporary,Software Engineering,Field Operations,Laborer,Male,25059,Hispanic,Widowed,Fully Meets,4,2512,1,4,2,Communication Skills,External,Failed
2086,19-08-2021,16-Feb-22,PYZ,Active,Full-Time,Zone A,Full-Time,IT/IS,General - Eng,Engineer,Male,6272,Asian,Divorced,Fully Meets,2,2513,5,2,4,Communication Skills,Internal,Failed
2087,14-01-2022,active,PL,Active,Part-Time,Zone A,Full-Time,IT/IS,Engineers,Engineer,Male,28525,White,Single,Fully Meets,1,2514,5,2,2,Technical Skills,Internal,Incomplete
2088,11-09-2018,active,NEL,Active,Contract,Zone A,Full-Time,IT/IS,General - Sga,Administrator,Male,88143,Hispanic,Single,Fully Meets,4,2515,1,1,1,Technical Skills,Internal,Passed
2089,18-02-2022,active,MSC,Active,Full-Time,Zone C,Temporary,IT/IS,Field Operations,Laborer,Male,41482,Hispanic,Widowed,Fully Meets,5,2516,5,1,5,Customer Service,Internal,Completed
2090,01-12-2019,25-Jan-23,CCDR,Active,Full-Time,Zone A,Full-Time,IT/IS,Aerial,Laborer,Male,20916,Asian,Single,Fully Meets,2,2517,5,5,1,Technical Skills,Internal,Incomplete
2091,28-02-2021,31-Jul-22,SVG,Active,Full-Time,Zone A,Full-Time,IT/IS,Wireline Construction,Laborer,Male,53499,White,Widowed,Fully Meets,4,2518,4,2,1,Customer Service,Internal,Completed
2092,13-11-2021,active,NEL,Active,Part-Time,Zone A,Part-Time,Software Engineering,Splicing,Splicer,Female,32395,White,Married,Fully Meets,4,2519,3,5,5,Technical Skills,External,Failed
2093,27-09-2020,active,PL,Active,Part-Time,Zone C,Part-Time,Software Engineering,Project Management - Con,Coordinator,Male,47987,Asian,Divorced,Fully Meets,1,2520,2,1,1,Customer Service,Internal,Incomplete
2094,03-09-2022,active,BPC,Active,Contract,Zone C,Temporary,Software Engineering,Engineers,Engineer,Male,74262,White,Divorced,Fully Meets,1,2521,4,4,4,Project Management,Internal,Completed
2095,09-10-2020,09-Nov-21,PL,Active,Full-Time,Zone C,Temporary,IT/IS,Field Operations,Driller,Male,54386,Other,Married,Fully Meets,4,2522,3,3,2,Communication Skills,Internal,Passed
2096,06-11-2021,active,BPC,Active,Full-Time,Zone A,Temporary,IT/IS,General - Con,Lineman,Male,25953,Hispanic,Single,Fully Meets,5,2523,1,1,3,Customer Service,External,Incomplete
2097,24-06-2023,active,CCDR,Active,Contract,Zone A,Part-Time,IT/IS,Finance & Accounting,Manager,Male,88225,Black,Married,Fully Meets,1,2524,3,3,4,Leadership Development,Internal,Incomplete
2098,15-09-2021,02-Jul-23,SVG,Active,Full-Time,Zone B,Full-Time,Sales,General - Con,Lineman,Male,11241,Other,Married,Fully Meets,2,2525,2,5,1,Leadership Development,External,Incomplete
2099,14-10-2022,active,NEL,Active,Contract,Zone C,Part-Time,IT/IS,Engineers,Engineer,Female,88079,Other,Single,Fully Meets,1,2526,1,1,1,Technical Skills,Internal,Passed
2100,22-07-2019,active,PL,Active,Full-Time,Zone A,Temporary,IT/IS,Engineers,Project Manager,Male,61715,Asian,Married,Fully Meets,2,2527,3,4,5,Technical Skills,Internal,Passed
2101,20-03-2023,06-May-23,PYZ,Active,Part-Time,Zone C,Part-Time,IT/IS,Project Management - Con,Coordinator,Male,78254,White,Married,Fully Meets,1,2528,2,4,2,Communication Skills,Internal,Passed
2102,02-05-2022,active,NEL,Active,Full-Time,Zone B,Part-Time,Software Engineering,Underground,Operator,Female,53709,Other,Single,Fully Meets,2,2529,4,5,1,Communication Skills,External,Failed
2103,20-10-2022,07-Jul-23,PL,Active,Part-Time,Zone C,Temporary,Software Engineering,Yard (Material Handling),Attendant,Male,75065,White,Divorced,Fully Meets,2,2530,4,1,1,Technical Skills,External,Failed
2104,24-07-2023,29-Jul-23,BPC,Active,Part-Time,Zone B,Full-Time,Software Engineering,Executive,Manager,Male,10274,Black,Widowed,Fully Meets,2,2531,2,5,4,Communication Skills,Internal,Incomplete
2105,18-07-2020,active,NEL,Active,Contract,Zone A,Part-Time,IT/IS,General - Con,Technician,Male,85461,Other,Widowed,Fully Meets,4,2532,1,1,4,Leadership Development,Internal,Incomplete
2106,05-05-2021,active,PL,Active,Full-Time,Zone A,Temporary,IT/IS,Field Operations,Technician,Male,53235,White,Divorced,Fully Meets,1,2533,1,1,3,Communication Skills,External,Completed
2107,15-04-2019,23-May-21,BPC,Active,Part-Time,Zone B,Temporary,IT/IS,Project Management - Con,Coordinator,Male,96561,Other,Divorced,Fully Meets,1,2534,2,2,5,Leadership Development,Internal,Passed
2108,24-08-2020,02-May-23,CCDR,Active,Contract,Zone B,Part-Time,Sales,Field Operations,Engineer,Male,6563,Other,Single,Fully Meets,2,2535,2,5,2,Project Management,Internal,Incomplete
2109,31-12-2022,active,SVG,Active,Contract,Zone C,Temporary,Sales,Field Operations,Driller,Male,67353,Hispanic,Married,Fully Meets,2,2536,2,1,2,Leadership Development,External,Completed
2110,18-09-2022,07-Jun-23,PL,Active,Full-Time,Zone A,Full-Time,IT/IS,Field Operations,Tower Hand,Female,73238,White,Single,Fully Meets,2,2537,4,5,4,Project Management,External,Failed
2111,14-09-2019,active,BPC,Active,Full-Time,Zone C,Part-Time,IT/IS,Wireline Construction,Groundman,Female,95322,Hispanic,Single,Fully Meets,5,2538,5,4,5,Leadership Development,External,Passed
2112,19-03-2019,active,CCDR,Active,Part-Time,Zone B,Temporary,IT/IS,Wireline Construction,Foreman,Male,17448,Black,Married,Fully Meets,2,2539,4,2,3,Communication Skills,Internal,Passed
2113,18-10-2022,10-Jan-23,CCDR,Active,Contract,Zone B,Part-Time,Software Engineering,Finance & Accounting,Svp,Female,61856,Black,Divorced,Fully Meets,4,2540,3,4,4,Project Management,Internal,Failed
2114,31-07-2022,active,EW,Active,Full-Time,Zone B,Temporary,Software Engineering,Engineers,Engineer,Female,60675,Other,Married,Fully Meets,1,2541,3,4,3,Communication Skills,Internal,Passed
2115,06-03-2023,active,MSC,Active,Part-Time,Zone A,Part-Time,Software Engineering,Engineers,Engineer,Male,55449,Black,Single,Fully Meets,4,2542,2,1,3,Communication Skills,External,Completed
2116,30-01-2019,22-Mar-21,NEL,Terminated,Full-Time,Zone A,Full-Time,Software Engineering,General - Con,Operator,Male,59271,White,Divorced,Fully Meets,2,2543,3,4,3,Communication Skills,Internal,Passed
2117,22-05-2023,12-Jul-23,SVG,Active,Full-Time,Zone C,Temporary,IT/IS,Splicing,Laborer,Male,59420,White,Married,Fully Meets,1,2544,2,3,2,Communication Skills,Internal,Completed
2118,22-12-2018,active,PYZ,Active,Contract,Zone B,Full-Time,IT/IS,Project Management - Con,Coordinator,Male,57785,Hispanic,Widowed,Fully Meets,4,2545,3,2,3,Leadership Development,Internal,Completed
2119,08-11-2022,active,PL,Active,Part-Time,Zone A,Part-Time,IT/IS,Finance & Accounting,Clerk,Male,26419,Other,Married,Fully Meets,4,2546,4,4,5,Customer Service,Internal,Completed
2120,03-07-2021,active,NEL,Active,Full-Time,Zone A,Temporary,Sales,General - Con,Laborer,Male,31784,Hispanic,Widowed,Fully Meets,4,2547,2,5,1,Leadership Development,Internal,Completed
2121,14-11-2018,08-Jul-21,PYZ,Active,Contract,Zone A,Temporary,IT/IS,General - Sga,Manager,Female,70770,Other,Divorced,Fully Meets,1,2548,2,5,3,Project Management,External,Failed
2122,18-09-2021,active,PL,Active,Contract,Zone A,Part-Time,IT/IS,Field Operations,Project Manager,Female,51516,White,Divorced,Fully Meets,5,2549,4,3,5,Project Management,Internal,Passed
2123,19-11-2020,03-Nov-21,WBL,Active,Contract,Zone A,Part-Time,Software Engineering,General - Con,Flagger,Female,69865,White,Widowed,Fully Meets,5,2550,3,1,1,Project Management,Internal,Incomplete
2124,04-05-2023,02-Jul-23,NEL,Active,Full-Time,Zone B,Temporary,Software Engineering,General - Con,Manager,Female,49964,Other,Widowed,Fully Meets,1,2551,4,2,2,Communication Skills,Internal,Completed
2125,21-01-2023,active,PL,Active,Full-Time,Zone B,Temporary,Software Engineering,Project Management - Con,Foreman,Male,72168,White,Single,Fully Meets,5,2552,3,2,3,Customer Service,Internal,Completed
2126,19-08-2022,18-Jan-23,NEL,Active,Contract,Zone B,Part-Time,IT/IS,Aerial,Laborer,Male,87974,Other,Divorced,Fully Meets,2,2553,2,2,2,Project Management,External,Failed
2127,18-07-2022,09-May-23,PL,Active,Part-Time,Zone A,Full-Time,IT/IS,General - Eng,Engineer,Male,2505,Hispanic,Widowed,Fully Meets,1,2554,5,1,4,Communication Skills,External,Completed
2128,14-08-2019,13-May-21,BPC,Active,Full-Time,Zone A,Temporary,IT/IS,Wireless,Foreman,Male,6633,Other,Widowed,Fully Meets,2,2555,5,1,4,Technical Skills,Internal,Passed
2129,10-12-2020,30-May-22,CCDR,Active,Part-Time,Zone A,Full-Time,Sales,Project Management - Eng,Manager,Male,73638,White,Married,Fully Meets,2,2556,4,1,3,Customer Service,Internal,Passed
2130,20-09-2019,active,MSC,Active,Full-Time,Zone B,Temporary,IT/IS,Engineers,Engineer,Female,96051,Black,Married,Fully Meets,2,2557,1,3,1,Technical Skills,Internal,Completed
2131,19-11-2021,27-Dec-21,WBL,Active,Full-Time,Zone B,Full-Time,Software Engineering,Field Operations,Operator,Female,87152,Asian,Widowed,Fully Meets,4,2558,2,4,5,Technical Skills,Internal,Failed
2132,29-04-2022,active,NEL,Active,Part-Time,Zone B,Full-Time,Software Engineering,Field Operations,Technician,Male,79836,White,Widowed,Fully Meets,1,2559,3,5,3,Communication Skills,External,Passed
2133,30-06-2021,28-Jul-21,WBL,Active,Part-Time,Zone A,Part-Time,IT/IS,Field Operations,Vp,Male,43352,Black,Widowed,Fully Meets,4,2560,5,1,5,Communication Skills,External,Failed
2134,15-07-2021,active,NEL,Active,Contract,Zone B,Temporary,IT/IS,General - Con,Laborer,Male,33873,Hispanic,Married,Fully Meets,2,2561,3,5,4,Technical Skills,External,Failed
2135,12-04-2021,06-Mar-23,PL,Active,Contract,Zone B,Full-Time,IT/IS,Field Operations,Technician,Male,83544,Other,Married,Fully Meets,4,2562,1,4,3,Customer Service,Internal,Failed
2136,08-12-2020,active,BPC,Active,Contract,Zone B,Temporary,IT/IS,Fielders,Engineer,Male,73171,Other,Widowed,Fully Meets,2,2563,2,2,4,Customer Service,External,Passed
2137,31-10-2019,01-Mar-20,CCDR,Active,Contract,Zone B,Full-Time,Sales,General - Con,Flagger,Male,36351,Hispanic,Married,Fully Meets,1,2564,1,4,4,Leadership Development,Internal,Completed
2138,22-01-2020,active,PL,Active,Contract,Zone C,Temporary,IT/IS,Field Operations,Technician,Female,93447,White,Married,Fully Meets,2,2565,2,5,4,Communication Skills,Internal,Passed
2139,20-09-2022,active,CCDR,Active,Full-Time,Zone B,Full-Time,Software Engineering,General - Con,Coordinator,Male,69590,Other,Married,Fully Meets,2,2566,3,2,2,Project Management,External,Incomplete
2140,22-12-2022,26-Jul-23,CCDR,Active,Full-Time,Zone B,Part-Time,IT/IS,Field Operations,Foreman,Male,51819,Black,Widowed,Fully Meets,5,2567,4,3,5,Communication Skills,Internal,Failed
2141,12-03-2019,active,EW,Active,Full-Time,Zone C,Full-Time,IT/IS,Aerial,Lineman,Male,40294,Asian,Widowed,Fully Meets,4,2568,3,5,2,Leadership Development,External,Passed
2142,07-10-2021,31-Dec-21,MSC,Active,Full-Time,Zone C,Temporary,IT/IS,General - Con,Laborer,Male,53854,Black,Single,Fully Meets,2,2569,3,4,3,Project Management,Internal,Completed
2143,16-06-2019,21-May-23,NEL,Active,Contract,Zone A,Full-Time,IT/IS,Field Operations,Laborer,Male,60717,Black,Single,Fully Meets,4,2570,3,3,1,Customer Service,Internal,Incomplete
2144,17-03-2021,08-Sep-22,SVG,Active,Part-Time,Zone A,Full-Time,IT/IS,Field Operations,Technician,Female,30960,Asian,Divorced,Fully Meets,2,2571,3,3,5,Technical Skills,Internal,Failed
2145,07-08-2022,26-Apr-23,PYZ,Active,Contract,Zone A,Temporary,IT/IS,Engineers,Technician,Male,81338,Asian,Widowed,Fully Meets,4,2572,1,1,2,Technical Skills,Internal,Completed
2146,17-01-2020,28-Feb-23,NEL,Terminated,Contract,Zone A,Temporary,Sales,Field Operations,Laborer,Female,21851,Black,Divorced,Fully Meets,4,2573,1,4,3,Customer Service,Internal,Passed
2147,11-06-2022,20-Feb-23,EW,Active,Full-Time,Zone C,Full-Time,Sales,Billable Consultants,Engineer,Male,84111,Hispanic,Widowed,Fully Meets,2,2574,3,1,4,Technical Skills,External,Failed
2148,03-03-2021,30-Jan-23,PYZ,Active,Contract,Zone C,Temporary,Sales,Splicing,Splicer,Male,83706,Other,Widowed,Fully Meets,4,2575,4,3,4,Communication Skills,Internal,Incomplete
2149,16-04-2020,15-Mar-21,CCDR,Active,Contract,Zone B,Part-Time,Sales,General - Sga,Supervisor,Female,59102,Asian,Widowed,Fully Meets,1,2576,2,4,1,Leadership Development,External,Incomplete
2150,22-09-2022,28-Jan-23,PYZ,Active,Full-Time,Zone A,Temporary,Sales,Wireline Construction,Lineman,Female,98052,Other,Married,Fully Meets,2,2577,5,2,4,Communication Skills,Internal,Failed
2151,30-05-2023,active,MSC,Active,Part-Time,Zone A,Full-Time,Sales,Shop (Fleet),Assistant,Female,5664,Black,Single,Fully Meets,5,2578,4,5,3,Customer Service,External,Incomplete
2152,14-01-2021,active,MSC,Active,Full-Time,Zone C,Full-Time,Sales,General - Eng,Administrative,Female,85006,White,Married,Fully Meets,2,2579,3,4,4,Project Management,External,Incomplete
2153,29-04-2020,20-Oct-21,BPC,Active,Full-Time,Zone A,Part-Time,Sales,Finance & Accounting,Administration,Male,3062,White,Single,Fully Meets,2,2580,1,2,4,Communication Skills,Internal,Incomplete
2154,07-07-2021,active,MSC,Active,Full-Time,Zone A,Full-Time,Sales,Field Operations,Laborer,Male,36006,Other,Divorced,Fully Meets,1,2581,2,3,4,Project Management,External,Passed
2155,28-07-2020,active,MSC,Active,Part-Time,Zone C,Temporary,Sales,Wireline Construction,Laborer,Female,43050,Hispanic,Single,Fully Meets,1,2582,3,2,5,Leadership Development,Internal,Incomplete
2156,16-09-2020,active,PYZ,Active,Contract,Zone B,Temporary,Sales,Engineers,Project Manager,Male,10171,Black,Married,Fully Meets,5,2583,5,5,3,Customer Service,External,Completed
2157,23-04-2023,active,TNS,Active,Part-Time,Zone C,Part-Time,Sales,Engineers,Engineer,Male,4063,White,Single,Fully Meets,4,2584,4,4,5,Technical Skills,Internal,Incomplete
2158,04-06-2021,active,PYZ,Active,Contract,Zone A,Temporary,Sales,General - Con,Laborer,Male,37129,Asian,Divorced,Fully Meets,2,2585,5,1,4,Customer Service,External,Incomplete
2159,15-04-2020,active,CCDR,Active,Full-Time,Zone B,Temporary,Sales,Field Operations,Laborer,Male,27229,Asian,Divorced,Fully Meets,4,2586,2,4,2,Customer Service,Internal,Completed
2160,04-09-2019,13-Apr-20,NEL,Active,Full-Time,Zone A,Part-Time,Sales,Field Operations,Technician,Male,69470,Other,Widowed,Fully Meets,5,2587,4,4,4,Project Management,Internal,Failed
2161,18-08-2020,active,PL,Active,Full-Time,Zone C,Full-Time,Sales,Field Operations,Laborer,Male,90985,Other,Single,Fully Meets,5,2588,5,1,5,Communication Skills,Internal,Passed
2162,05-12-2020,active,BPC,Active,Contract,Zone A,Temporary,Sales,Fielders,Engineer,Male,62646,Asian,Single,Fully Meets,5,2589,2,5,1,Communication Skills,External,Completed
2163,13-01-2023,12-Feb-23,CCDR,Active,Part-Time,Zone A,Full-Time,Sales,Engineers,Engineer,Male,47626,Asian,Married,Fully Meets,5,2590,1,1,4,Leadership Development,External,Incomplete
2164,17-09-2019,active,SVG,Active,Full-Time,Zone B,Full-Time,Sales,General - Con,Laborer,Male,19215,Asian,Single,Fully Meets,4,2591,4,5,5,Customer Service,Internal,Completed
2165,15-10-2020,active,EW,Active,Contract,Zone B,Part-Time,Sales,Field Operations,Splicer,Male,80307,Asian,Single,Fully Meets,2,2592,5,1,2,Technical Skills,Internal,Incomplete
2166,01-12-2018,23-Jun-21,MSC,Active,Contract,Zone A,Temporary,Sales,General - Con,Laborer,Male,64576,Other,Widowed,Fully Meets,1,2593,3,1,2,Communication Skills,Internal,Failed
2167,24-07-2023,active,TNS,Active,Part-Time,Zone C,Temporary,Sales,Fielders,Engineer,Male,1126,Other,Divorced,Fully Meets,1,2594,1,5,3,Communication Skills,Internal,Failed
2168,08-10-2019,active,PYZ,Active,Part-Time,Zone A,Full-Time,Sales,Aerial,Administrator,Male,68371,Asian,Divorced,Fully Meets,4,2595,3,5,4,Customer Service,External,Failed
2169,16-10-2021,04-May-22,WBL,Active,Contract,Zone A,Full-Time,Sales,Corp Operations,Administrative,Male,68985,Black,Divorced,Fully Meets,2,2596,4,1,2,Communication Skills,External,Incomplete
2170,03-04-2020,active,NEL,Active,Contract,Zone A,Full-Time,Sales,Field Operations,Technician,Male,92704,Asian,Divorced,Fully Meets,2,2597,4,5,4,Communication Skills,External,Passed
2171,08-01-2020,active,PL,Active,Part-Time,Zone A,Temporary,Sales,General - Con,Splicer,Male,8573,Asian,Divorced,Fully Meets,4,2598,5,3,2,Customer Service,External,Completed
2172,27-03-2022,14-Jun-23,BPC,Active,Contract,Zone A,Temporary,Sales,Yard (Material Handling),Runner,Female,40513,Black,Widowed,Fully Meets,2,2599,1,4,2,Customer Service,External,Failed
2173,18-09-2018,active,CCDR,Active,Full-Time,Zone C,Temporary,Sales,Aerial,Lineman,Female,46029,Asian,Widowed,Fully Meets,2,2600,5,2,4,Project Management,Internal,Completed
2174,29-11-2019,21-Apr-20,SVG,Active,Full-Time,Zone C,Part-Time,Sales,General - Con,Laborer,Female,44158,Hispanic,Widowed,Fully Meets,1,2601,3,5,5,Communication Skills,External,Failed
2175,16-04-2019,05-Aug-22,EW,Active,Full-Time,Zone C,Full-Time,Admin Offices,Wireline Construction,Clerk,Female,27947,Other,Widowed,Fully Meets,2,2602,5,5,2,Leadership Development,Internal,Failed
2176,05-03-2019,12-Oct-19,NEL,Active,Part-Time,Zone A,Full-Time,Sales,Splicing,Splicer,Male,18574,Other,Divorced,Fully Meets,2,2603,4,1,4,Communication Skills,Internal,Passed
2177,20-12-2018,29-May-20,PL,Active,Contract,Zone C,Full-Time,Sales,Aerial,Engineer,Male,68833,Other,Divorced,Fully Meets,5,2604,1,1,2,Leadership Development,Internal,Failed
2178,08-03-2021,29-May-23,BPC,Active,Full-Time,Zone C,Part-Time,Sales,Wireline Construction,Supervisor,Male,29838,Black,Married,Fully Meets,4,2605,3,4,3,Project Management,External,Completed
2179,23-10-2020,active,CCDR,Active,Full-Time,Zone C,Part-Time,Sales,Project Management - Con,Project Manager,Male,24803,White,Single,Fully Meets,2,2606,1,5,1,Leadership Development,External,Incomplete
2180,29-03-2019,active,SVG,Active,Contract,Zone B,Part-Time,Sales,Fielders,Engineer,Male,89972,White,Married,Fully Meets,2,2607,3,1,2,Technical Skills,External,Completed
2181,25-10-2020,active,EW,Active,Contract,Zone A,Full-Time,Sales,Field Operations,Lineman,Male,47864,Asian,Married,Fully Meets,4,2608,1,4,5,Project Management,Internal,Incomplete
2182,06-12-2019,18-Jul-21,MSC,Active,Part-Time,Zone B,Temporary,Sales,General - Sga,Administrative,Male,55114,Asian,Widowed,Fully Meets,2,2609,3,3,4,Communication Skills,External,Passed
2183,23-09-2022,25-Jan-23,TNS,Active,Full-Time,Zone B,Full-Time,Sales,General - Con,Foreman,Male,90224,White,Widowed,Fully Meets,2,2610,5,1,2,Customer Service,External,Passed
2184,26-12-2019,04-Jun-22,PYZ,Active,Part-Time,Zone A,Temporary,Sales,Wireline Construction,Manager,Male,22260,Black,Widowed,Fully Meets,2,2611,5,3,1,Customer Service,Internal,Failed
2185,27-08-2018,19-Dec-19,WBL,Active,Part-Time,Zone B,Part-Time,Sales,Field Operations,Driller,Male,95112,White,Married,Fully Meets,4,2612,2,2,5,Customer Service,Internal,Completed
2186,12-12-2022,07-Mar-23,NEL,Active,Part-Time,Zone B,Full-Time,Sales,Project Management - Eng,Project Manager,Male,13814,Black,Single,Fully Meets,5,2613,2,1,2,Leadership Development,Internal,Failed
2187,13-05-2021,active,PL,Active,Part-Time,Zone A,Full-Time,Sales,Field Operations,Foreman,Male,29887,Black,Divorced,Fully Meets,5,2614,5,1,1,Project Management,External,Completed
2188,31-03-2021,active,BPC,Active,Contract,Zone B,Part-Time,Sales,Finance & Accounting,Controller,Female,69576,Black,Single,Fully Meets,4,2615,5,1,3,Leadership Development,Internal,Completed
2189,14-08-2019,04-Sep-22,CCDR,Active,Full-Time,Zone A,Part-Time,Sales,Engineers,Engineer,Female,62733,Black,Married,Fully Meets,1,2616,3,1,3,Customer Service,External,Failed
2190,02-08-2020,30-Dec-22,SVG,Active,Full-Time,Zone C,Full-Time,Sales,Catv,Foreman,Female,78047,Hispanic,Single,Fully Meets,4,2617,4,4,2,Project Management,External,Completed
2191,04-06-2019,active,EW,Active,Part-Time,Zone A,Full-Time,Admin Offices,Wireline Construction,Laborer,Female,22491,White,Married,Fully Meets,4,2618,5,3,3,Communication Skills,Internal,Passed
2192,17-06-2020,08-Feb-22,WBL,Active,Contract,Zone A,Temporary,Sales,Field Operations,Laborer,Male,36412,Hispanic,Divorced,Fully Meets,5,2619,1,2,1,Technical Skills,Internal,Completed
2193,04-03-2021,active,NEL,Active,Full-Time,Zone B,Full-Time,Sales,General - Con,Laborer,Male,14776,Asian,Married,Fully Meets,1,2620,4,3,4,Communication Skills,External,Passed
2194,14-09-2018,active,PL,Active,Part-Time,Zone B,Temporary,Sales,Technology / It,Manager,Male,57305,White,Single,Fully Meets,2,2621,3,5,4,Project Management,Internal,Incomplete
2195,20-07-2020,active,BPC,Active,Contract,Zone B,Full-Time,Sales,Executive,Vp,Male,95143,Asian,Widowed,Fully Meets,4,2622,3,5,1,Leadership Development,External,Passed
2196,21-05-2020,13-Jun-21,CCDR,Active,Contract,Zone C,Full-Time,Sales,Field Operations,Tower Hand,Male,55592,Asian,Divorced,Fully Meets,2,2623,2,5,3,Leadership Development,Internal,Incomplete
2197,11-06-2023,28-Jul-23,SVG,Active,Part-Time,Zone C,Temporary,Sales,Wireline Construction,Supervisor,Male,12964,Other,Single,Fully Meets,2,2624,1,4,3,Customer Service,Internal,Incomplete
2198,27-11-2022,19-May-23,EW,Active,Full-Time,Zone B,Full-Time,Sales,Splicing,Driller,Male,88783,Asian,Divorced,Fully Meets,2,2625,5,5,3,Technical Skills,Internal,Failed
2199,02-03-2020,27-May-22,MSC,Active,Full-Time,Zone C,Temporary,Sales,Project Management - Con,Manager,Male,11087,Asian,Widowed,Fully Meets,4,2626,1,4,2,Technical Skills,Internal,Incomplete
2200,29-01-2023,24-May-23,TNS,Active,Full-Time,Zone C,Part-Time,Sales,Wireline Construction,Foreman,Male,43552,Other,Divorced,Fully Meets,4,2627,5,3,3,Customer Service,Internal,Completed
2201,07-12-2021,active,BPC,Active,Part-Time,Zone A,Temporary,Sales,Sales & Marketing,Vp,Male,33113,Hispanic,Divorced,Fully Meets,2,2628,5,4,2,Technical Skills,Internal,Passed
2202,19-03-2023,11-Jul-23,CCDR,Active,Contract,Zone B,Temporary,Sales,Underground,Laborer,Male,12650,White,Single,Fully Meets,1,2629,1,5,4,Communication Skills,External,Completed
2203,10-06-2022,14-Feb-23,EW,Active,Part-Time,Zone B,Full-Time,Sales,Field Operations,Laborer,Male,34069,Asian,Widowed,Fully Meets,5,2630,1,5,4,Technical Skills,External,Incomplete
2204,03-03-2021,active,MSC,Active,Full-Time,Zone C,Full-Time,Sales,Catv,Foreman,Female,50389,Black,Widowed,Fully Meets,2,2631,5,1,4,Customer Service,External,Incomplete
2205,06-03-2022,active,NEL,Active,Contract,Zone C,Part-Time,Sales,Field Operations,Foreman,Female,92311,Hispanic,Divorced,Fully Meets,4,2632,1,4,2,Customer Service,External,Incomplete
2206,08-08-2022,active,PL,Active,Part-Time,Zone C,Full-Time,Sales,Project Management - Con,Manager,Female,10525,White,Single,Fully Meets,5,2633,5,2,3,Project Management,Internal,Completed
2207,12-03-2023,active,PYZ,Active,Part-Time,Zone B,Temporary,Sales,Field Operations,Technician,Female,12008,Asian,Single,Fully Meets,4,2634,3,5,3,Project Management,External,Completed
2208,01-05-2019,16-Feb-23,SVG,Active,Full-Time,Zone B,Temporary,Admin Offices,General - Con,Locator,Female,86499,Asian,Divorced,Fully Meets,1,2635,3,1,3,Communication Skills,External,Passed
2209,13-09-2018,04-Nov-20,PYZ,Active,Full-Time,Zone B,Temporary,Sales,General - Eng,Technician,Male,12113,Asian,Married,Fully Meets,5,2636,5,3,3,Communication Skills,Internal,Passed
2210,16-11-2022,active,WBL,Active,Contract,Zone A,Temporary,Sales,Project Management - Con,Supervisor,Male,39143,Asian,Divorced,Fully Meets,5,2637,2,2,2,Communication Skills,Internal,Completed
2211,20-11-2021,17-Mar-23,NEL,Active,Contract,Zone B,Full-Time,Sales,Catv,Supervisor,Male,16470,Asian,Divorced,Fully Meets,2,2638,1,2,2,Technical Skills,External,Passed
2212,29-09-2020,active,PL,Active,Part-Time,Zone C,Temporary,Sales,Project Management - Con,Manager,Male,56991,Asian,Married,Fully Meets,2,2639,1,3,3,Project Management,Internal,Completed
2213,28-08-2021,06-Sep-22,BPC,Active,Contract,Zone B,Full-Time,Sales,Wireline Construction,Foreman,Male,9642,Black,Single,Fully Meets,4,2640,1,5,2,Project Management,Internal,Failed
2214,28-04-2021,22-Mar-22,CCDR,Active,Full-Time,Zone A,Full-Time,Sales,Aerial,Groundman,Male,23897,Asian,Married,Fully Meets,2,2641,2,3,5,Technical Skills,Internal,Passed
2215,15-06-2022,05-May-23,SVG,Active,Full-Time,Zone C,Full-Time,Sales,Field Operations,Laborer,Male,65470,Asian,Divorced,Fully Meets,4,2642,2,3,1,Project Management,Internal,Completed
2216,15-04-2022,10-Oct-22,EW,Active,Full-Time,Zone A,Temporary,Sales,Wireline Construction,Clerical,Male,60277,Black,Divorced,Fully Meets,5,2643,4,3,5,Project Management,Internal,Failed
2217,19-07-2020,10-Apr-21,MSC,Active,Full-Time,Zone C,Part-Time,Sales,Aerial,Lineman,Male,25859,Other,Single,Fully Meets,5,2644,4,1,2,Customer Service,Internal,Incomplete
2218,02-07-2020,active,TNS,Active,Contract,Zone C,Temporary,Sales,Wireline Construction,Manager,Male,22815,Asian,Married,Fully Meets,4,2645,4,3,5,Technical Skills,Internal,Completed
2219,04-08-2019,active,PYZ,Active,Contract,Zone A,Part-Time,Sales,Project Management - Con,Manager,Male,87653,Black,Widowed,Fully Meets,1,2646,4,2,2,Project Management,External,Failed
2220,09-01-2019,active,WBL,Active,Contract,Zone A,Temporary,Sales,Project Management - Con,Coordinator,Male,33659,Hispanic,Single,Fully Meets,5,2647,5,5,3,Project Management,Internal,Completed
2221,01-10-2022,active,NEL,Active,Part-Time,Zone A,Part-Time,Sales,Fielders,Engineer,Male,92454,Other,Married,Fully Meets,2,2648,4,2,1,Project Management,External,Incomplete
2222,28-09-2020,02-Jun-23,PL,Active,Part-Time,Zone A,Full-Time,Sales,Project Management - Con,Coordinator,Female,59871,White,Widowed,Fully Meets,4,2649,4,4,1,Communication Skills,Internal,Passed
2223,15-11-2018,active,BPC,Active,Part-Time,Zone B,Full-Time,Sales,Project Management - Con,Project Manager,Female,28100,Black,Single,Fully Meets,1,2650,1,1,1,Communication Skills,Internal,Passed
2224,24-11-2020,active,CCDR,Active,Contract,Zone C,Full-Time,Sales,Project Management - Con,Coordinator,Female,30181,Hispanic,Divorced,Fully Meets,2,2651,1,3,2,Customer Service,External,Completed
2225,09-07-2023,14-Jul-23,SVG,Active,Contract,Zone C,Temporary,Sales,General - Sga,Manager,Female,15228,Other,Widowed,Fully Meets,4,2652,1,4,2,Customer Service,External,Incomplete
2226,20-04-2023,08-May-23,PYZ,Active,Full-Time,Zone C,Part-Time,Sales,Wireline Construction,Operator,Male,25594,White,Widowed,Fully Meets,1,2653,4,5,3,Technical Skills,Internal,Incomplete
2227,22-08-2019,07-Jan-20,WBL,Active,Full-Time,Zone C,Temporary,Sales,General - Con,Operator,Male,97492,Black,Divorced,Fully Meets,4,2654,4,1,3,Communication Skills,External,Passed
2228,02-08-2022,07-Apr-23,NEL,Active,Contract,Zone A,Part-Time,Sales,General - Con,Manager,Male,48881,Black,Divorced,Fully Meets,2,2655,2,5,5,Project Management,External,Incomplete
2229,31-10-2018,23-Jan-20,PL,Active,Part-Time,Zone B,Part-Time,Sales,Aerial,Splicer,Male,71509,Hispanic,Single,Fully Meets,4,2656,5,4,3,Communication Skills,External,Failed
2230,23-11-2021,20-Jul-22,BPC,Active,Contract,Zone B,Temporary,Sales,Isp,Manager,Male,27097,White,Widowed,Fully Meets,2,2657,4,3,3,Project Management,External,Failed
2231,01-07-2023,21-Jul-23,CCDR,Active,Full-Time,Zone A,Temporary,Sales,Engineers,Technician,Male,74016,Black,Married,Fully Meets,2,2658,3,1,1,Technical Skills,External,Passed
2232,18-07-2022,active,SVG,Active,Part-Time,Zone B,Temporary,Sales,General - Con,Administrative,Male,71519,Black,Single,Fully Meets,2,2659,5,3,2,Customer Service,External,Failed
2233,09-08-2019,active,EW,Active,Part-Time,Zone C,Part-Time,Sales,Shop (Fleet),Mechanic,Male,33045,Asian,Divorced,Fully Meets,4,2660,5,1,1,Project Management,External,Passed
2234,06-07-2021,active,MSC,Active,Part-Time,Zone A,Temporary,Sales,Engineers,Administrative,Male,65089,Black,Married,Fully Meets,2,2661,3,3,2,Communication Skills,Internal,Completed
2235,02-02-2021,active,TNS,Active,Contract,Zone A,Part-Time,Sales,General - Con,Foreman,Male,94177,Asian,Single,Fully Meets,2,2662,4,1,1,Project Management,External,Completed
2236,06-01-2023,25-Apr-23,PYZ,Active,Part-Time,Zone B,Part-Time,Sales,Splicing,Technician,Male,51278,Hispanic,Divorced,Fully Meets,5,2663,3,4,1,Customer Service,External,Passed
2237,13-11-2021,active,WBL,Active,Full-Time,Zone C,Full-Time,Sales,Project Management - Con,Manager,Male,14665,Hispanic,Divorced,Fully Meets,1,2664,5,2,2,Project Management,External,Incomplete
2238,15-03-2020,active,NEL,Active,Contract,Zone A,Part-Time,Sales,Splicing,Splicer,Male,33859,Hispanic,Married,Fully Meets,4,2665,1,5,5,Communication Skills,Internal,Completed
2239,07-11-2018,08-Jan-22,PL,Active,Part-Time,Zone C,Full-Time,Sales,Yard (Material Handling),Runner,Female,91544,Other,Single,Fully Meets,4,2666,5,5,3,Project Management,Internal,Failed
2240,03-10-2019,25-Aug-21,BPC,Active,Full-Time,Zone B,Part-Time,Sales,Billable Consultants,Engineer,Female,9760,Other,Widowed,Fully Meets,2,2667,3,2,3,Leadership Development,External,Passed
2241,12-08-2022,16-Apr-23,CCDR,Active,Contract,Zone C,Part-Time,Sales,General - Con,Technician,Female,94176,Asian,Married,Fully Meets,2,2668,4,4,1,Project Management,Internal,Passed
2242,22-12-2018,active,SVG,Active,Part-Time,Zone C,Full-Time,Sales,Field Operations,Foreman,Female,46445,Black,Single,Fully Meets,1,2669,4,2,1,Project Management,Internal,Completed
2243,27-03-2021,active,PYZ,Active,Part-Time,Zone A,Full-Time,Sales,Engineers,Engineer,Male,54346,Other,Widowed,Fully Meets,1,2670,4,2,1,Project Management,External,Completed
2244,18-07-2022,active,WBL,Active,Part-Time,Zone C,Temporary,Sales,Field Operations,Coordinator,Male,10712,Asian,Widowed,Fully Meets,5,2671,1,2,5,Project Management,Internal,Passed
2245,09-04-2020,06-May-23,NEL,Active,Contract,Zone A,Full-Time,Sales,Fielders,Engineer,Male,3413,Asian,Married,Fully Meets,1,2672,5,2,2,Project Management,Internal,Incomplete
2246,07-01-2022,active,PL,Active,Full-Time,Zone B,Full-Time,Sales,Splicing,Splicer,Male,80938,Other,Single,Fully Meets,4,2673,5,1,1,Customer Service,Internal,Incomplete
2247,15-07-2022,active,BPC,Active,Part-Time,Zone A,Part-Time,Sales,Fielders,Engineer,Male,31528,White,Widowed,Fully Meets,1,2674,1,1,4,Customer Service,External,Incomplete
2248,29-11-2020,16-Jul-22,CCDR,Active,Part-Time,Zone C,Part-Time,Sales,Engineers,Engineer,Male,11366,Hispanic,Divorced,Fully Meets,5,2675,2,4,4,Customer Service,Internal,Completed
2249,20-03-2019,23-Sep-20,SVG,Active,Part-Time,Zone C,Part-Time,Sales,Engineers,Engineer,Male,19248,Asian,Single,Fully Meets,2,2676,4,3,4,Leadership Development,External,Failed
2250,16-03-2019,08-Jan-22,EW,Active,Contract,Zone B,Full-Time,Sales,Splicing,Director,Male,8371,Hispanic,Divorced,Fully Meets,1,2677,2,1,5,Technical Skills,External,Incomplete
2251,30-05-2021,active,MSC,Active,Full-Time,Zone C,Part-Time,Sales,Field Operations,Laborer,Male,90990,White,Single,Fully Meets,5,2678,5,3,3,Project Management,External,Failed
2252,17-11-2022,active,TNS,Active,Contract,Zone A,Part-Time,Sales,General - Con,Foreman,Male,80607,Hispanic,Divorced,Fully Meets,5,2679,4,4,1,Communication Skills,External,Completed
2253,25-12-2020,04-Oct-21,PYZ,Active,Contract,Zone A,Full-Time,Sales,Billable Consultants,Engineer,Male,30228,Black,Single,Fully Meets,2,2680,1,4,4,Customer Service,Internal,Failed
2254,16-06-2020,13-Aug-21,WBL,Active,Part-Time,Zone C,Full-Time,Sales,Field Operations,Technician,Male,47652,Black,Married,Fully Meets,1,2681,3,3,3,Leadership Development,Internal,Completed
2255,28-07-2020,active,NEL,Active,Contract,Zone A,Temporary,Sales,Field Operations,Supervisor,Male,73798,Asian,Widowed,Fully Meets,2,2682,1,2,2,Communication Skills,External,Failed
2256,31-12-2021,active,PL,Active,Contract,Zone A,Temporary,Sales,General - Con,Laborer,Female,86439,Other,Divorced,Fully Meets,4,2683,3,4,2,Technical Skills,External,Passed
2257,07-02-2022,02-Mar-23,BPC,Active,Full-Time,Zone C,Part-Time,Sales,General - Sga,Manager,Female,60915,White,Widowed,Fully Meets,5,2684,3,4,2,Communication Skills,Internal,Passed
2258,23-11-2021,29-Mar-22,CCDR,Active,Full-Time,Zone B,Temporary,Sales,General - Sga,Supervisor,Female,9417,Black,Divorced,Fully Meets,2,2685,3,1,1,Project Management,External,Passed
2259,15-08-2021,active,PYZ,Active,Contract,Zone C,Part-Time,Sales,Project Management - Con,Technician,Male,56247,Other,Single,Fully Meets,4,2686,5,3,4,Project Management,External,Completed
2260,21-06-2021,active,WBL,Active,Part-Time,Zone A,Full-Time,Sales,Engineers,Engineer,Male,88522,White,Single,Fully Meets,2,2687,4,5,5,Technical Skills,External,Incomplete
2261,13-02-2021,active,NEL,Active,Contract,Zone B,Full-Time,Sales,Engineers,Engineer,Male,97840,Black,Married,Fully Meets,1,2688,2,3,3,Customer Service,External,Completed
2262,28-12-2020,active,PL,Active,Part-Time,Zone C,Part-Time,Sales,Wireline Construction,Foreman,Male,72339,Other,Single,Fully Meets,1,2689,2,1,1,Project Management,External,Passed
2263,12-04-2022,02-Sep-22,BPC,Active,Part-Time,Zone B,Part-Time,Sales,Project Management - Con,Field Project Manager,Male,28406,Black,Married,Fully Meets,4,2690,1,3,2,Technical Skills,External,Completed
2264,02-01-2019,active,CCDR,Active,Part-Time,Zone C,Full-Time,Sales,General - Sga,Supervisor,Male,85311,Black,Widowed,Fully Meets,1,2691,4,1,1,Project Management,External,Failed
2265,01-08-2020,01-Oct-22,SVG,Active,Full-Time,Zone A,Full-Time,Sales,Underground,Foreman,Male,97985,White,Widowed,Fully Meets,4,2692,4,5,2,Communication Skills,External,Completed
2266,14-10-2020,active,EW,Active,Part-Time,Zone C,Temporary,Sales,General - Sga,Assistant,Male,52988,White,Married,Fully Meets,4,2693,2,5,2,Project Management,External,Failed
2267,26-05-2023,14-Jul-23,MSC,Active,Full-Time,Zone C,Full-Time,Sales,Engineers,Director,Male,16500,Black,Widowed,Fully Meets,4,2694,3,4,4,Customer Service,External,Failed
2268,26-08-2021,25-Nov-22,TNS,Active,Full-Time,Zone A,Temporary,Sales,Underground,Laborer,Male,70237,Other,Married,Fully Meets,2,2695,5,2,3,Customer Service,External,Passed
2269,20-11-2022,08-Feb-23,PYZ,Active,Contract,Zone A,Temporary,Sales,Project Management - Con,Manager,Male,18726,Other,Married,Fully Meets,4,2696,3,1,3,Technical Skills,External,Incomplete
2270,22-02-2020,active,WBL,Active,Full-Time,Zone A,Full-Time,Sales,Splicing,Laborer,Male,21341,White,Married,Fully Meets,1,2697,1,5,3,Project Management,Internal,Completed
2271,04-04-2021,active,NEL,Active,Contract,Zone B,Full-Time,Sales,Field Operations,Operator,Male,46549,Hispanic,Single,Fully Meets,4,2698,5,4,5,Project Management,Internal,Incomplete
2272,05-08-2023,active,PL,Active,Contract,Zone C,Temporary,Sales,Engineers,Engineer,Female,8797,Other,Married,Fully Meets,5,2699,1,1,5,Technical Skills,External,Incomplete
2273,10-01-2023,06-Aug-23,BPC,Active,Full-Time,Zone B,Temporary,Sales,Project Management - Con,Manager,Female,20560,Other,Single,Fully Meets,4,2700,3,5,1,Technical Skills,External,Failed
2274,19-04-2019,active,CCDR,Active,Contract,Zone A,Full-Time,Sales,Field Operations,Controller,Female,11623,Black,Married,Fully Meets,5,2701,5,5,3,Leadership Development,External,Incomplete
2275,02-10-2019,active,BPC,Active,Contract,Zone B,Full-Time,Sales,Aerial,Foreman,Male,80318,Asian,Married,Fully Meets,2,2702,5,1,2,Communication Skills,Internal,Completed
2276,14-11-2018,active,CCDR,Active,Full-Time,Zone A,Part-Time,Sales,General - Con,Laborer,Male,37397,Other,Single,Fully Meets,5,2703,1,5,4,Leadership Development,Internal,Passed
2277,27-01-2020,19-Jun-22,EW,Active,Part-Time,Zone A,Full-Time,Sales,Field Operations,Technician,Male,39020,Black,Widowed,Fully Meets,4,2704,2,4,4,Leadership Development,Internal,Incomplete
2278,04-11-2018,active,MSC,Active,Full-Time,Zone B,Temporary,Sales,General - Con,Supervisor,Female,57908,Hispanic,Divorced,Fully Meets,2,2705,3,2,2,Communication Skills,External,Incomplete
2279,13-12-2018,13-Jan-19,NEL,Active,Part-Time,Zone A,Part-Time,Sales,Field Operations,Electrician,Male,39922,Asian,Widowed,Fully Meets,2,2706,3,2,5,Leadership Development,Internal,Failed
2280,28-11-2022,active,PL,Active,Full-Time,Zone B,Part-Time,Sales,General - Con,Foreman,Male,95876,White,Married,Fully Meets,4,2707,1,2,1,Customer Service,External,Incomplete
2281,08-06-2022,07-Aug-22,PYZ,Active,Full-Time,Zone C,Part-Time,Sales,General - Con,Foreman,Male,47846,Asian,Married,Fully Meets,2,2708,1,3,5,Leadership Development,Internal,Failed
2282,03-04-2022,active,SVG,Active,Full-Time,Zone A,Full-Time,Sales,Field Operations,Locator,Male,62350,Asian,Married,Fully Meets,2,2709,1,2,2,Technical Skills,Internal,Failed
2283,28-02-2022,active,TNS,Active,Part-Time,Zone C,Full-Time,Sales,Field Operations,Manager,Male,45874,Black,Single,Fully Meets,5,2710,4,2,3,Customer Service,Internal,Failed
2284,19-08-2021,active,WBL,Active,Contract,Zone C,Temporary,Sales,Field Operations,Technician,Male,54605,Black,Divorced,Fully Meets,2,2711,4,2,5,Leadership Development,Internal,Completed
2285,19-08-2018,active,PYZ,Active,Full-Time,Zone A,Full-Time,Sales,General - Con,Foreman,Male,42080,Other,Married,Fully Meets,1,2712,3,2,5,Communication Skills,External,Passed
2286,15-10-2019,active,WBL,Active,Full-Time,Zone A,Full-Time,Sales,Aerial,Foreman,Male,92148,Black,Married,Fully Meets,5,2713,5,2,4,Technical Skills,External,Completed
2287,23-02-2023,20-Apr-23,NEL,Active,Part-Time,Zone C,Temporary,Sales,Field Operations,Tower Hand,Male,3780,Asian,Widowed,Fully Meets,1,2714,3,1,3,Technical Skills,Internal,Incomplete
2288,01-02-2023,active,PL,Active,Full-Time,Zone B,Temporary,Sales,Field Operations,Manager,Female,44669,Asian,Divorced,Fully Meets,4,2715,3,5,1,Customer Service,External,Completed
2289,07-05-2023,active,BPC,Active,Contract,Zone A,Temporary,Sales,Executive,Ceo,Female,22894,Asian,Widowed,Fully Meets,2,2716,3,2,2,Leadership Development,Internal,Completed
2290,26-05-2020,active,PYZ,Active,Full-Time,Zone A,Temporary,Sales,Field Operations,Supervisor,Male,77267,Black,Divorced,Fully Meets,1,2717,1,1,2,Communication Skills,Internal,Passed
2291,09-02-2022,active,WBL,Active,Part-Time,Zone A,Part-Time,Sales,Aerial,Laborer,Male,91638,Other,Married,Fully Meets,5,2718,3,5,5,Project Management,Internal,Incomplete
2292,20-06-2022,23-Mar-23,NEL,Active,Contract,Zone C,Temporary,Sales,Finance & Accounting,Intern,Male,35738,Hispanic,Divorced,Fully Meets,4,2719,5,5,5,Leadership Development,Internal,Passed
2293,08-01-2022,03-Sep-22,PL,Active,Contract,Zone A,Temporary,Sales,Field Operations,Top Hand,Female,26500,Asian,Widowed,Fully Meets,4,2720,3,3,2,Customer Service,External,Failed
2294,01-03-2020,active,BPC,Active,Full-Time,Zone A,Full-Time,Sales,Shop (Fleet),Manager,Male,6085,Hispanic,Married,Fully Meets,4,2721,1,4,3,Project Management,Internal,Incomplete
2295,05-10-2020,active,CCDR,Active,Contract,Zone C,Temporary,Sales,General - Con,Technician,Male,15704,White,Single,Fully Meets,2,2722,3,4,2,Leadership Development,External,Passed
2296,12-05-2021,01-Jul-22,SVG,Active,Part-Time,Zone C,Temporary,Sales,Field Operations,Technician,Male,37293,White,Widowed,Fully Meets,2,2723,3,1,5,Leadership Development,External,Incomplete
2297,01-01-2023,05-Jul-23,EW,Active,Part-Time,Zone B,Temporary,Sales,Catv,Foreman,Male,96396,Other,Divorced,Fully Meets,1,2724,5,3,4,Leadership Development,External,Completed
2298,18-11-2019,active,MSC,Active,Contract,Zone B,Full-Time,Sales,Field Operations,Laborer,Male,25528,White,Single,Fully Meets,4,2725,4,1,5,Technical Skills,Internal,Incomplete
2299,12-05-2021,07-Nov-21,TNS,Active,Contract,Zone B,Full-Time,Sales,Wireline Construction,Groundman,Male,20036,Asian,Single,Fully Meets,2,2726,2,4,2,Customer Service,External,Passed
2300,14-02-2020,21-Dec-21,PYZ,Active,Contract,Zone C,Full-Time,Sales,General - Con,Lineman,Male,83448,White,Divorced,Fully Meets,5,2727,1,3,3,Communication Skills,Internal,Incomplete
2301,08-05-2020,28-Mar-23,WBL,Active,Full-Time,Zone B,Full-Time,Sales,Splicing,Foreman,Male,16416,Hispanic,Single,Fully Meets,2,2728,3,2,1,Project Management,Internal,Completed
2302,10-12-2018,active,NEL,Active,Part-Time,Zone B,Full-Time,Sales,Engineers,Engineer,Female,83077,Hispanic,Divorced,Fully Meets,2,2729,3,5,1,Leadership Development,External,Passed
2303,08-12-2021,active,PL,Active,Contract,Zone B,Part-Time,Sales,Underground,Operator,Female,23617,Hispanic,Single,Fully Meets,2,2730,2,3,4,Project Management,External,Incomplete
2304,31-01-2019,active,BPC,Active,Part-Time,Zone C,Full-Time,Sales,General - Con,Technician,Female,24569,Other,Married,Fully Meets,1,2731,2,3,2,Technical Skills,Internal,Failed
2305,31-08-2022,27-Apr-23,PYZ,Active,Contract,Zone A,Full-Time,Sales,Shop (Fleet),Shop,Male,37938,Black,Single,Fully Meets,2,2732,1,5,3,Customer Service,Internal,Completed
2306,01-02-2022,active,WBL,Active,Contract,Zone A,Temporary,Sales,General - Sga,Administrator,Male,53746,Black,Single,Fully Meets,5,2733,3,4,1,Leadership Development,Internal,Completed
2307,02-12-2020,active,NEL,Active,Contract,Zone C,Part-Time,Sales,General - Con,Laborer,Female,51967,Black,Married,Fully Meets,4,2734,2,2,3,Communication Skills,External,Completed
2308,16-10-2020,active,PL,Active,Contract,Zone B,Part-Time,Sales,Field Operations,Groundman,Female,26584,Asian,Single,Fully Meets,2,2735,5,1,2,Leadership Development,External,Incomplete
2309,27-05-2020,active,BPC,Active,Contract,Zone A,Full-Time,Sales,General - Con,Laborer,Male,2091,Other,Married,Fully Meets,5,2736,4,2,2,Technical Skills,Internal,Passed
2310,20-08-2021,09-Oct-21,CCDR,Active,Full-Time,Zone C,Temporary,Sales,General - Con,Technician,Male,84906,Black,Married,Fully Meets,4,2737,5,5,3,Communication Skills,Internal,Failed
2311,07-02-2019,25-Mar-19,SVG,Active,Full-Time,Zone C,Full-Time,Sales,Field Operations,Laborer,Male,86185,Hispanic,Married,Fully Meets,5,2738,4,3,1,Communication Skills,Internal,Incomplete
2312,18-02-2021,26-Nov-21,EW,Active,Contract,Zone A,Part-Time,Sales,General - Con,Technician,Male,82332,Black,Single,Fully Meets,4,2739,1,2,5,Customer Service,Internal,Completed
2313,02-12-2022,active,MSC,Active,Full-Time,Zone B,Part-Time,Sales,General - Sga,Construction Manager,Male,34011,Black,Single,Fully Meets,1,2740,2,5,1,Communication Skills,Internal,Completed
2314,29-07-2021,05-May-22,TNS,Active,Full-Time,Zone A,Part-Time,Sales,Wireline Construction,Technician,Male,88627,Asian,Divorced,Fully Meets,4,2741,4,3,1,Technical Skills,External,Failed
2315,23-04-2022,16-Dec-22,PYZ,Active,Full-Time,Zone B,Full-Time,Sales,Field Operations,Foreman,Male,47497,Asian,Married,Fully Meets,2,2742,5,3,4,Communication Skills,Internal,Incomplete
2316,31-07-2021,07-Apr-22,WBL,Active,Full-Time,Zone B,Temporary,Sales,Field Operations,Top Hand,Male,16234,Black,Married,Fully Meets,4,2743,3,2,5,Technical Skills,Internal,Failed
2317,12-06-2020,active,NEL,Active,Contract,Zone C,Full-Time,Sales,Field Operations,Laborer,Female,25145,Asian,Married,Fully Meets,4,2744,2,4,2,Technical Skills,External,Incomplete
2318,25-01-2019,active,PL,Active,Contract,Zone B,Part-Time,Sales,Executive,Director,Female,71081,Hispanic,Divorced,Fully Meets,5,2745,1,2,2,Technical Skills,Internal,Failed
2319,24-10-2020,08-Apr-23,BPC,Terminated,Full-Time,Zone A,Full-Time,Sales,Project Management - Con,Supervisor,Female,39119,Hispanic,Widowed,Fully Meets,5,2746,4,4,5,Project Management,External,Incomplete
2320,18-08-2018,28-Feb-19,SVG,Active,Part-Time,Zone B,Part-Time,Production       ,General - Con,Lineman,Female,2109,Hispanic,Married,Fully Meets,4,2747,3,1,5,Technical Skills,External,Failed
2321,11-07-2022,active,PYZ,Active,Full-Time,Zone C,Full-Time,Production       ,General - Sga,Laborer,Female,1801,Hispanic,Widowed,Fully Meets,1,2748,5,2,5,Project Management,External,Completed
2322,15-11-2018,19-Nov-18,BPC,Terminated,Full-Time,Zone B,Part-Time,Production       ,Technology / It,Administrator,Female,1760,Black,Widowed,Fully Meets,5,2749,5,3,4,Customer Service,External,Failed
2323,04-06-2022,active,TNS,Active,Full-Time,Zone B,Full-Time,Production       ,Field Operations,Laborer,Male,2127,Asian,Divorced,Fully Meets,4,2750,3,4,4,Customer Service,Internal,Passed
2324,27-10-2018,10-Jul-19,NEL,Active,Full-Time,Zone B,Part-Time,Production       ,Field Operations,Laborer,Male,1770,Black,Single,Fully Meets,5,2751,3,1,2,Communication Skills,External,Incomplete
2325,21-10-2022,09-May-23,TNS,Active,Part-Time,Zone A,Temporary,Production       ,General - Con,Flagger,Male,2478,Hispanic,Divorced,Fully Meets,4,2752,3,5,1,Customer Service,Internal,Incomplete
2326,13-01-2023,24-May-23,CCDR,Active,Contract,Zone B,Part-Time,Production       ,Field Operations,Driver,Female,2189,Black,Widowed,Fully Meets,4,2753,3,1,4,Communication Skills,Internal,Completed
2327,05-04-2020,active,SVG,Active,Full-Time,Zone C,Full-Time,Production       ,Engineers,Engineer,Male,2109,Other,Married,Fully Meets,2,2754,1,5,1,Project Management,Internal,Failed
2328,26-05-2022,active,EW,Active,Contract,Zone B,Temporary,Production       ,General - Con,Technician,Male,1701,Other,Single,Fully Meets,2,2755,5,5,4,Technical Skills,Internal,Completed
2329,05-05-2021,active,TNS,Active,Part-Time,Zone A,Part-Time,Production       ,Field Operations,Driller,Male,2155,White,Divorced,Fully Meets,2,2756,1,3,1,Communication Skills,External,Completed
2330,01-07-2023,04-Aug-23,BPC,Active,Part-Time,Zone C,Part-Time,Production       ,Project Management - Con,Coordinator,Female,2145,Hispanic,Divorced,Fully Meets,2,2757,3,4,2,Technical Skills,External,Failed
2331,20-12-2018,13-Jun-23,TNS,Terminated,Part-Time,Zone A,Full-Time,Production       ,Wireline Construction,Lineman,Male,2050,Other,Divorced,Fully Meets,2,2758,1,3,1,Technical Skills,External,Incomplete
2332,26-08-2018,active,PYZ,Active,Full-Time,Zone B,Full-Time,Production       ,Aerial,Lineman,Male,2301,White,Divorced,Fully Meets,2,2759,3,1,3,Project Management,Internal,Incomplete
2333,06-12-2020,26-Aug-22,BPC,Active,Part-Time,Zone B,Temporary,Production       ,Fielders,Engineer,Male,2062,Other,Single,Fully Meets,2,2760,2,1,4,Leadership Development,Internal,Completed
2334,13-12-2021,11-Jun-22,EW,Active,Contract,Zone C,Temporary,Production       ,Wireline Construction,Laborer,Female,2121,Asian,Married,Fully Meets,4,2761,1,4,3,Project Management,External,Incomplete
2335,27-06-2021,02-Jan-22,CCDR,Terminated,Part-Time,Zone A,Temporary,Production       ,Field Operations,Laborer,Female,2343,Asian,Single,Fully Meets,4,2762,3,1,2,Leadership Development,Internal,Failed
2336,19-10-2019,active,NEL,Active,Part-Time,Zone C,Full-Time,Production       ,Field Operations,Construction Manager,Female,2176,Hispanic,Single,Fully Meets,2,2763,4,2,4,Technical Skills,External,Completed
2337,26-11-2022,13-Jan-23,WBL,Active,Part-Time,Zone C,Full-Time,Production       ,Engineers,Engineer,Male,1810,Black,Single,Fully Meets,2,2764,2,4,3,Communication Skills,External,Incomplete
2338,19-08-2019,active,PL,Active,Full-Time,Zone C,Full-Time,Production       ,Wireline Construction,Administrative,Male,2045,Black,Widowed,Fully Meets,4,2765,3,1,3,Customer Service,Internal,Incomplete
2339,22-08-2018,14-Apr-22,EW,Terminated,Part-Time,Zone A,Full-Time,Production       ,Engineers,Engineer,Female,2021,Hispanic,Married,Fully Meets,2,2766,3,5,5,Technical Skills,External,Completed
2340,04-05-2022,active,BPC,Active,Full-Time,Zone A,Full-Time,Production       ,Field Operations,Technician,Female,2747,Asian,Divorced,Fully Meets,2,2767,3,3,4,Customer Service,Internal,Passed
2341,12-06-2022,active,WBL,Active,Part-Time,Zone B,Temporary,Production       ,Underground,Operator,Male,2026,Asian,Married,Fully Meets,2,2768,2,1,5,Project Management,Internal,Incomplete
2342,08-11-2018,active,NEL,Active,Contract,Zone A,Part-Time,Production       ,Aerial,Foreman,Male,95073,Other,Widowed,Fully Meets,4,2769,3,1,3,Project Management,Internal,Completed
2343,05-07-2021,active,PL,Active,Part-Time,Zone A,Part-Time,Production       ,Field Operations,Laborer,Male,65497,Black,Divorced,Fully Meets,5,2770,1,2,3,Customer Service,External,Passed
2344,08-07-2020,24-Sep-21,BPC,Terminated,Full-Time,Zone A,Temporary,Production       ,Wireline Construction,Laborer,Male,37659,Other,Divorced,Fully Meets,5,2771,2,4,2,Technical Skills,Internal,Incomplete
2345,13-03-2020,active,CCDR,Active,Full-Time,Zone A,Temporary,Production       ,Wireline Construction,Laborer,Male,74626,Other,Married,Fully Meets,1,2772,2,4,5,Leadership Development,Internal,Passed
2346,28-12-2022,active,SVG,Active,Full-Time,Zone B,Full-Time,Production       ,Splicing,Laborer,Male,10950,White,Widowed,Fully Meets,2,2773,2,5,4,Communication Skills,Internal,Completed
2347,17-03-2020,active,EW,Active,Full-Time,Zone B,Part-Time,Production       ,Field Operations,Laborer,Male,85907,Other,Divorced,Fully Meets,5,2774,1,5,3,Communication Skills,Internal,Passed
2348,07-01-2023,active,MSC,Active,Part-Time,Zone B,Temporary,Production       ,Field Operations,Tower Hand,Female,50944,White,Single,Fully Meets,2,2775,1,4,3,Technical Skills,Internal,Incomplete
2349,22-12-2021,active,TNS,Active,Full-Time,Zone B,Part-Time,Production       ,General - Eng,Engineer,Male,67113,White,Single,Fully Meets,4,2776,5,3,5,Leadership Development,External,Incomplete
2350,29-04-2020,22-Nov-22,PYZ,Active,Part-Time,Zone B,Full-Time,Production       ,General - Con,Laborer,Male,37852,Hispanic,Single,Fully Meets,5,2777,5,1,3,Communication Skills,Internal,Failed
2351,02-12-2020,active,WBL,Active,Part-Time,Zone C,Temporary,Production       ,Wireless,Foreman,Male,33896,Asian,Divorced,Fully Meets,5,2778,1,1,4,Project Management,External,Failed
2352,08-12-2021,20-Jun-22,NEL,Active,Contract,Zone A,Part-Time,Production       ,Field Operations,Laborer,Male,88158,Hispanic,Married,Fully Meets,2,2779,4,1,1,Leadership Development,Internal,Completed
2353,13-04-2022,04-Aug-23,PL,Active,Contract,Zone B,Part-Time,Production       ,General - Con,Foreman,Male,18034,White,Married,Fully Meets,4,2780,3,5,2,Communication Skills,Internal,Incomplete
2354,23-12-2020,23-Jul-22,BPC,Terminated,Contract,Zone A,Part-Time,Production       ,Field Operations,Operator,Male,47540,Asian,Divorced,Fully Meets,4,2781,1,2,2,Leadership Development,Internal,Completed
2355,31-03-2019,active,CCDR,Active,Full-Time,Zone C,Temporary,Production       ,General - Con,Laborer,Female,14142,Black,Single,Fully Meets,2,2782,3,5,3,Leadership Development,Internal,Passed
2356,11-06-2023,30-Jul-23,SVG,Active,Part-Time,Zone A,Temporary,Production       ,Wireline Construction,Technician,Male,68300,White,Married,Fully Meets,1,2783,3,1,1,Technical Skills,External,Incomplete
2357,20-05-2021,31-Jan-23,TNS,Active,Contract,Zone B,Full-Time,Production       ,Field Operations,Foreman,Male,85699,White,Divorced,Fully Meets,2,2784,4,3,4,Customer Service,Internal,Completed
2358,14-11-2020,active,WBL,Active,Full-Time,Zone C,Full-Time,Production       ,Field Operations,Top Hand,Male,96368,Hispanic,Widowed,Fully Meets,4,2785,3,1,5,Technical Skills,Internal,Completed
2359,29-12-2018,active,PYZ,Active,Contract,Zone A,Full-Time,Production       ,Field Operations,Laborer,Female,33987,Asian,Widowed,Fully Meets,1,2786,4,3,1,Communication Skills,External,Incomplete
2360,22-04-2021,active,WBL,Active,Contract,Zone A,Full-Time,Production       ,Executive,Director,Female,93541,White,Divorced,Fully Meets,4,2787,4,2,5,Technical Skills,External,Passed
2361,03-06-2023,14-Jul-23,NEL,Terminated,Contract,Zone C,Full-Time,Production       ,Project Management - Con,Supervisor,Female,87242,Black,Widowed,Fully Meets,1,2788,4,1,3,Project Management,External,Incomplete
2362,26-04-2021,06-Jul-21,CCDR,Active,Contract,Zone B,Temporary,Production       ,Wireless,Manager,Male,31575,Asian,Divorced,Fully Meets,4,2789,1,2,2,Project Management,Internal,Completed
2363,30-04-2019,09-Oct-19,EW,Active,Contract,Zone B,Part-Time,Production       ,Catv,Laborer,Male,64694,Hispanic,Widowed,Fully Meets,4,2790,1,5,2,Communication Skills,External,Incomplete
2364,04-07-2021,25-Jun-23,MSC,Active,Contract,Zone B,Temporary,Production       ,Field Operations,Driller,Male,43706,White,Widowed,Fully Meets,2,2791,1,3,1,Communication Skills,Internal,Passed
2365,24-02-2023,active,NEL,Active,Part-Time,Zone A,Temporary,Production       ,Engineers,Technician,Male,19908,Black,Single,Fully Meets,1,2792,3,4,4,Technical Skills,External,Passed
2366,02-03-2021,active,PL,Active,Full-Time,Zone A,Full-Time,Production       ,Yard (Material Handling),Supervisor,Male,1901,Black,Divorced,Fully Meets,1,2793,2,5,3,Project Management,External,Incomplete
2367,27-12-2021,active,PYZ,Active,Contract,Zone B,Temporary,Production       ,Field Operations,Laborer,Male,1877,Hispanic,Single,Fully Meets,5,2794,5,4,4,Customer Service,Internal,Incomplete
2368,10-07-2022,11-Sep-22,SVG,Active,Part-Time,Zone C,Temporary,Production       ,General - Eng,Drafter,Female,74746,Asian,Single,Fully Meets,4,2795,5,1,1,Customer Service,Internal,Failed
2369,19-09-2022,17-Jun-23,TNS,Active,Contract,Zone A,Full-Time,Production       ,Engineers,Program Manager,Female,96469,Asian,Married,Fully Meets,1,2796,2,4,2,Communication Skills,External,Incomplete
2370,30-05-2021,active,WBL,Active,Contract,Zone A,Temporary,Production       ,Aerial,Lineman,Male,24994,Other,Married,Exceeds,1,2797,2,1,2,Communication Skills,External,Failed
2371,07-04-2020,active,BPC,Active,Contract,Zone A,Part-Time,Production       ,Engineers,Planner,Male,89805,Asian,Divorced,Fully Meets,2,2798,3,4,2,Leadership Development,External,Completed
2372,20-04-2021,17-Sep-22,CCDR,Active,Part-Time,Zone A,Part-Time,Production       ,Engineers,Engineer,Male,54859,White,Divorced,Fully Meets,2,2799,2,1,1,Communication Skills,Internal,Incomplete
2373,02-08-2019,active,EW,Active,Contract,Zone B,Temporary,Production       ,General - Con,Foreman,Male,69497,Black,Married,Fully Meets,1,2800,1,2,2,Customer Service,External,Incomplete
2374,11-01-2022,active,MSC,Active,Full-Time,Zone C,Temporary,Production       ,Field Operations,Tower Hand,Male,97933,White,Divorced,Fully Meets,5,2801,1,3,4,Leadership Development,External,Incomplete
2375,15-11-2020,active,NEL,Active,Contract,Zone C,Part-Time,Production       ,General - Con,Technician,Female,56662,White,Married,Fully Meets,4,2802,2,3,5,Technical Skills,External,Passed
2376,08-05-2020,active,PL,Active,Part-Time,Zone B,Part-Time,Production       ,General - Con,Foreman,Female,13566,Asian,Married,Fully Meets,5,2803,4,4,5,Leadership Development,Internal,Failed
2377,10-03-2019,active,SVG,Active,Part-Time,Zone B,Full-Time,Production       ,Project Management - Con,Coordinator,Male,4554,Hispanic,Married,Fully Meets,4,2804,5,4,2,Leadership Development,Internal,Completed
2378,19-04-2022,active,TNS,Active,Full-Time,Zone C,Part-Time,Production       ,Field Operations,Driver,Male,19835,White,Widowed,Fully Meets,1,2805,5,3,2,Project Management,Internal,Passed
2379,30-11-2019,active,WBL,Active,Full-Time,Zone A,Part-Time,Production       ,Catv,Supervisor,Female,47920,Asian,Divorced,Fully Meets,2,2806,1,3,1,Communication Skills,Internal,Incomplete
2380,06-07-2021,07-Jan-23,BPC,Terminated,Part-Time,Zone A,Part-Time,Production       ,Wireline Construction,Driver,Female,55399,White,Married,Fully Meets,2,2807,3,2,4,Customer Service,Internal,Passed
2381,27-11-2018,active,CCDR,Active,Part-Time,Zone B,Temporary,Production       ,Billable Consultants,Engineer,Female,35224,Asian,Divorced,Fully Meets,4,2808,5,2,4,Communication Skills,External,Passed
2382,30-01-2023,active,WBL,Active,Full-Time,Zone C,Part-Time,Production       ,Splicing,Splicer,Male,39078,Hispanic,Single,Fully Meets,2,2809,1,1,5,Technical Skills,Internal,Failed
2383,17-11-2022,08-Feb-23,NEL,Active,Full-Time,Zone A,Part-Time,Production       ,Field Operations,Laborer,Male,72285,Other,Married,Fully Meets,4,2810,2,5,5,Technical Skills,Internal,Incomplete
2384,13-08-2018,28-May-20,PL,Active,Part-Time,Zone A,Full-Time,Production       ,Field Operations,Laborer,Male,82960,Hispanic,Widowed,Fully Meets,2,2811,3,4,3,Technical Skills,External,Completed
2385,02-07-2021,09-Jul-23,BPC,Terminated,Part-Time,Zone B,Temporary,Production       ,General - Eng,Manager,Male,44272,White,Divorced,Fully Meets,4,2812,3,2,5,Leadership Development,External,Incomplete
2386,28-06-2022,active,CCDR,Active,Contract,Zone B,Full-Time,Production       ,Wireline Construction,Vp,Male,56124,Other,Single,Fully Meets,1,2813,4,4,2,Technical Skills,Internal,Completed
2387,25-01-2019,active,SVG,Active,Part-Time,Zone A,Temporary,Production       ,Field Operations,Technician,Male,19550,Hispanic,Single,Fully Meets,2,2814,4,1,1,Leadership Development,Internal,Passed
2388,23-07-2023,active,EW,Active,Contract,Zone C,Part-Time,Production       ,Project Management - Con,Manager,Female,62651,Asian,Single,Fully Meets,4,2815,2,5,3,Project Management,Internal,Completed
2389,25-07-2022,active,MSC,Active,Full-Time,Zone C,Temporary,Production       ,General - Con,Splicer,Female,15802,Black,Married,Fully Meets,5,2816,4,2,4,Project Management,External,Incomplete
2390,11-01-2023,active,TNS,Active,Contract,Zone A,Part-Time,Production       ,Field Operations,Laborer,Male,79678,White,Widowed,Fully Meets,4,2817,4,1,5,Technical Skills,External,Failed
2391,28-07-2023,30-Jul-23,PYZ,Active,Part-Time,Zone B,Temporary,Production       ,Fielders,Engineer,Male,9992,Hispanic,Single,Exceeds,2,2818,4,3,3,Technical Skills,External,Completed
2392,06-05-2023,active,WBL,Active,Full-Time,Zone C,Part-Time,Production       ,General - Con,Flagger,Male,74805,White,Widowed,Fully Meets,4,2819,2,3,4,Leadership Development,Internal,Failed
2393,18-09-2022,active,NEL,Active,Full-Time,Zone C,Temporary,Production       ,Wireline Construction,Laborer,Male,42750,Hispanic,Divorced,Fully Meets,2,2820,2,1,5,Project Management,External,Completed
2394,08-09-2019,10-Sep-21,PL,Active,Full-Time,Zone B,Temporary,Production       ,Field Operations,Technician,Male,36681,Hispanic,Single,Fully Meets,2,2821,2,5,5,Technical Skills,Internal,Incomplete
2395,30-08-2019,active,BPC,Active,Part-Time,Zone B,Part-Time,Production       ,Aerial,Lineman,Female,87892,White,Divorced,Fully Meets,4,2822,2,3,3,Communication Skills,Internal,Failed
2396,22-05-2023,active,CCDR,Active,Contract,Zone B,Part-Time,Production       ,General - Con,Operator,Female,59827,White,Divorced,Fully Meets,2,2823,5,2,1,Communication Skills,External,Incomplete
2397,02-03-2021,active,EW,Active,Part-Time,Zone A,Full-Time,Production       ,Wireline Construction,Laborer,Male,3624,Hispanic,Widowed,Fully Meets,5,2824,1,4,1,Project Management,Internal,Incomplete
2398,13-02-2023,active,MSC,Active,Full-Time,Zone C,Temporary,Production       ,Project Management - Eng,Project Manager,Male,80760,Hispanic,Widowed,Fully Meets,4,2825,5,4,4,Technical Skills,External,Completed
2399,11-08-2022,01-Dec-22,TNS,Active,Contract,Zone B,Full-Time,Production       ,General - Con,Technician,Female,96266,Hispanic,Married,Fully Meets,5,2826,4,3,4,Customer Service,Internal,Failed
2400,19-02-2020,10-Dec-22,PYZ,Terminated,Full-Time,Zone A,Full-Time,Production       ,Field Operations,Driver,Female,23357,Other,Married,Fully Meets,4,2827,4,4,5,Leadership Development,Internal,Incomplete
2401,15-10-2021,26-Mar-23,WBL,Terminated,Full-Time,Zone A,Temporary,Production       ,Field Operations,Technician,Female,95784,Black,Single,Fully Meets,2,2828,5,5,3,Communication Skills,Internal,Completed
2402,16-11-2022,active,WBL,Active,Part-Time,Zone B,Part-Time,Production       ,Engineers,Director,Male,11197,Other,Single,Fully Meets,2,2829,2,5,3,Customer Service,External,Passed
2403,30-06-2022,03-Feb-23,NEL,Active,Full-Time,Zone B,Part-Time,Production       ,General - Eng,Administrative,Male,62490,White,Married,Fully Meets,1,2830,1,2,2,Project Management,External,Completed
2404,28-07-2021,active,PL,Active,Full-Time,Zone C,Full-Time,Production       ,Aerial,Lineman,Male,20276,White,Widowed,Fully Meets,2,2831,5,1,4,Communication Skills,External,Incomplete
2405,21-11-2021,active,BPC,Active,Contract,Zone C,Full-Time,Production       ,Field Operations,Laborer,Male,31155,White,Married,Fully Meets,5,2832,4,5,5,Customer Service,Internal,Incomplete
2406,12-10-2020,active,CCDR,Active,Contract,Zone A,Full-Time,Production       ,General - Con,Laborer,Male,11072,Asian,Married,Fully Meets,2,2833,2,5,2,Leadership Development,External,Incomplete
2407,02-10-2018,17-Sep-20,SVG,Active,Full-Time,Zone A,Full-Time,Production       ,General - Con,Technician,Female,95191,Asian,Divorced,Fully Meets,5,2834,5,3,3,Technical Skills,External,Completed
2408,17-07-2021,27-Feb-23,EW,Active,Contract,Zone C,Part-Time,Production       ,Engineers,Project Manager,Female,81501,White,Divorced,Fully Meets,5,2835,4,5,3,Customer Service,Internal,Completed
2409,13-04-2022,active,MSC,Active,Contract,Zone C,Part-Time,Production       ,Catv,Lineman,Female,8731,Black,Divorced,Fully Meets,2,2836,5,4,1,Customer Service,External,Completed
2410,20-03-2021,18-Feb-23,TNS,Active,Part-Time,Zone C,Temporary,Production       ,Splicing,Intern,Male,32946,Asian,Single,Fully Meets,4,2837,4,1,4,Communication Skills,External,Incomplete
2411,09-09-2021,05-Nov-21,PYZ,Active,Part-Time,Zone A,Temporary,Production       ,General - Sga,Director,Male,93005,Black,Single,Fully Meets,5,2838,4,4,2,Communication Skills,Internal,Completed
2412,06-12-2019,28-Mar-22,WBL,Active,Part-Time,Zone C,Part-Time,Production       ,General - Con,Foreman,Male,72072,Black,Married,Fully Meets,1,2839,1,4,5,Customer Service,External,Incomplete
2413,26-04-2023,19-May-23,NEL,Active,Contract,Zone B,Part-Time,Production       ,Fielders,Engineer,Male,74671,Hispanic,Divorced,Fully Meets,2,2840,3,2,3,Customer Service,Internal,Incomplete
2414,06-04-2019,active,PL,Active,Contract,Zone B,Temporary,Production       ,General - Con,Foreman,Male,6774,Hispanic,Married,Fully Meets,5,2841,2,2,2,Customer Service,Internal,Completed
2415,19-10-2020,28-Feb-23,BPC,Terminated,Part-Time,Zone B,Temporary,Production       ,General - Con,Laborer,Female,90492,Black,Widowed,Fully Meets,1,2842,2,1,5,Project Management,Internal,Failed
2416,22-11-2021,active,SVG,Active,Full-Time,Zone C,Temporary,Production       ,General - Con,Technician,Male,31013,Black,Married,Fully Meets,1,2843,5,1,4,Leadership Development,External,Completed
2417,30-12-2020,25-Jul-23,TNS,Active,Contract,Zone A,Part-Time,Production       ,Engineers,Technician,Male,31828,Asian,Widowed,Fully Meets,5,2844,2,5,2,Leadership Development,Internal,Passed
2418,03-09-2020,active,WBL,Active,Full-Time,Zone B,Part-Time,Production       ,General - Con,Foreman,Female,60312,White,Single,Fully Meets,4,2845,3,4,2,Customer Service,External,Completed
2419,14-10-2019,19-Aug-22,BPC,Terminated,Contract,Zone C,Full-Time,Production       ,Wireless,Technician,Female,31642,White,Divorced,Fully Meets,5,2846,1,1,4,Communication Skills,Internal,Incomplete
2420,19-02-2021,18-Sep-21,CCDR,Active,Part-Time,Zone C,Full-Time,Production       ,Underground,Laborer,Female,81717,Black,Married,Fully Meets,2,2847,1,2,2,Customer Service,Internal,Completed
2421,13-03-2022,02-Sep-22,BPC,Terminated,Full-Time,Zone A,Temporary,Production       ,Project Management - Con,Project Manager,Male,59518,White,Single,Exceeds,1,2848,2,1,1,Customer Service,Internal,Failed
2422,02-10-2018,active,CCDR,Active,Part-Time,Zone C,Full-Time,Production       ,General - Con,Technician,Male,4583,Hispanic,Single,Fully Meets,5,2849,5,1,1,Technical Skills,Internal,Failed
2423,06-10-2022,16-Oct-22,EW,Active,Full-Time,Zone C,Part-Time,Production       ,General - Con,Technician,Male,6816,Hispanic,Divorced,Exceeds,1,2850,4,1,4,Technical Skills,External,Passed
2424,21-09-2020,active,MSC,Active,Full-Time,Zone B,Part-Time,Production       ,Field Operations,Construction Manager,Male,26839,Black,Divorced,Fully Meets,4,2851,4,3,3,Communication Skills,Internal,Failed
2425,06-12-2021,active,NEL,Active,Part-Time,Zone C,Temporary,Production       ,Field Operations,Laborer,Male,87984,Other,Widowed,Fully Meets,1,2852,2,1,2,Communication Skills,Internal,Incomplete
2426,16-11-2022,21-Mar-23,PL,Terminated,Contract,Zone B,Part-Time,Production       ,General - Con,Operator,Male,70147,Other,Widowed,Needs Improvement,5,2853,5,1,1,Leadership Development,Internal,Passed
2427,02-08-2022,27-Jul-23,PYZ,Active,Part-Time,Zone A,Full-Time,Production       ,Executive,Executive,Female,76409,Hispanic,Married,Needs Improvement,2,2854,1,3,4,Project Management,External,Incomplete
2428,19-01-2022,active,SVG,Active,Part-Time,Zone C,Full-Time,Production       ,Field Operations,Clerk,Female,75727,Black,Single,Needs Improvement,4,2855,3,5,5,Technical Skills,External,Passed
2429,09-04-2022,active,TNS,Active,Full-Time,Zone A,Temporary,Production       ,Sales & Marketing,Director,Female,14553,White,Married,Needs Improvement,5,2856,4,5,2,Customer Service,Internal,Completed
2430,19-07-2019,08-Aug-22,WBL,Active,Full-Time,Zone A,Part-Time,Production       ,General - Con,Laborer,Male,93847,White,Single,Fully Meets,2,2857,5,2,5,Customer Service,Internal,Completed
2431,02-09-2021,14-Nov-22,BPC,Active,Full-Time,Zone C,Temporary,Production       ,Engineers,Engineer,Male,22983,Other,Married,Fully Meets,5,2858,1,2,5,Project Management,Internal,Failed
2432,01-02-2019,active,CCDR,Active,Full-Time,Zone C,Part-Time,Production       ,Field Operations,Engineer,Male,36227,Other,Divorced,Needs Improvement,2,2859,1,3,3,Technical Skills,Internal,Completed
2433,13-04-2023,26-May-23,EW,Active,Part-Time,Zone C,Part-Time,Production       ,General - Con,Laborer,Male,54190,Black,Married,Fully Meets,2,2860,2,1,4,Leadership Development,External,Passed
2434,06-10-2018,active,MSC,Active,Full-Time,Zone C,Full-Time,Production       ,General - Con,Technician,Male,31403,White,Widowed,Fully Meets,2,2861,2,4,5,Project Management,External,Completed
2435,24-03-2020,24-Mar-22,SVG,Active,Part-Time,Zone B,Part-Time,Production       ,Engineers,Engineer,Male,13985,Other,Single,Fully Meets,4,2862,1,2,3,Communication Skills,Internal,Incomplete
2436,08-10-2021,active,EW,Active,Full-Time,Zone B,Temporary,Production       ,Yard (Material Handling),Coordinator,Male,14407,Other,Widowed,Needs Improvement,4,2863,2,2,1,Customer Service,Internal,Completed
2437,16-05-2022,active,MSC,Active,Part-Time,Zone B,Full-Time,Production       ,Field Operations,Technician,Male,37065,Asian,Single,Fully Meets,2,2864,1,3,4,Leadership Development,External,Failed
2438,10-05-2022,17-Oct-22,TNS,Terminated,Part-Time,Zone C,Part-Time,Production       ,General - Con,Foreman,Female,26583,White,Divorced,Fully Meets,1,2865,2,2,3,Customer Service,External,Passed
2439,16-11-2021,active,BPC,Active,Part-Time,Zone C,Temporary,Production       ,Field Operations,Driller,Female,49151,Hispanic,Single,Fully Meets,2,2866,3,3,2,Project Management,External,Passed
2440,25-02-2019,active,CCDR,Active,Part-Time,Zone A,Temporary,Production       ,Technology / It,Manager,Female,75033,White,Single,Fully Meets,2,2867,3,1,3,Leadership Development,External,Incomplete
2441,01-07-2022,active,TNS,Active,Full-Time,Zone A,Temporary,Production       ,Executive,Vp,Male,64530,Black,Married,Fully Meets,5,2868,3,4,1,Leadership Development,External,Failed
2442,17-12-2022,active,PYZ,Active,Contract,Zone A,Full-Time,Production       ,Aerial,Lineman,Male,53404,Black,Widowed,Fully Meets,2,2869,2,5,4,Leadership Development,Internal,Completed
2443,26-07-2023,31-Jul-23,WBL,Active,Part-Time,Zone B,Part-Time,Production       ,Sales & Marketing,Vp,Male,32806,Black,Married,Fully Meets,4,2870,5,3,2,Project Management,Internal,Passed
2444,11-03-2022,02-Aug-22,NEL,Active,Contract,Zone A,Part-Time,Production       ,Catv,Project Manager,Male,46150,Hispanic,Divorced,Fully Meets,5,2871,2,5,2,Communication Skills,External,Incomplete
2445,29-06-2020,20-May-21,PL,Active,Contract,Zone B,Full-Time,Production       ,Wireline Construction,Operator,Male,97145,Hispanic,Married,Fully Meets,2,2872,3,5,1,Communication Skills,Internal,Passed
2446,28-03-2022,active,BPC,Active,Part-Time,Zone A,Full-Time,Production       ,Field Operations,Supervisor,Male,92640,Hispanic,Divorced,Fully Meets,4,2873,4,2,3,Project Management,Internal,Failed
2447,14-02-2022,active,CCDR,Active,Part-Time,Zone A,Full-Time,Production       ,Fielders,Engineer,Male,26011,White,Divorced,Fully Meets,1,2874,3,5,1,Project Management,Internal,Passed
2448,25-12-2020,13-Sep-21,SVG,Active,Full-Time,Zone C,Temporary,Production       ,General - Con,Administrative,Female,60773,Black,Divorced,Fully Meets,4,2875,3,5,4,Project Management,External,Incomplete
2449,27-04-2023,active,EW,Active,Part-Time,Zone A,Temporary,Production       ,Field Operations,Warehouse Technician,Female,91201,Asian,Divorced,Fully Meets,4,2876,3,3,2,Project Management,External,Failed
2450,11-11-2022,07-Dec-22,MSC,Active,Contract,Zone B,Part-Time,Production       ,Project Management - Con,Manager,Female,51590,Asian,Widowed,Fully Meets,2,2877,2,4,1,Customer Service,Internal,Failed
2451,04-05-2021,12-Oct-21,TNS,Active,Part-Time,Zone A,Part-Time,Production       ,General - Sga,Contracts,Male,26501,Black,Married,Fully Meets,2,2878,2,3,3,Project Management,Internal,Incomplete
2452,20-12-2018,active,PYZ,Active,Full-Time,Zone A,Full-Time,Production       ,Executive,Vp,Male,97759,Black,Married,Fully Meets,2,2879,1,5,2,Customer Service,External,Failed
2453,11-06-2021,03-Dec-22,WBL,Active,Contract,Zone A,Temporary,Production       ,General - Con,Safety Manager,Female,89647,Black,Single,Fully Meets,4,2880,1,1,2,Project Management,Internal,Failed
2454,07-06-2023,active,NEL,Active,Contract,Zone B,Full-Time,Production       ,Field Operations,Laborer,Male,19510,Asian,Divorced,Fully Meets,4,2881,5,4,1,Leadership Development,External,Incomplete
2455,21-05-2019,05-Jan-20,PL,Terminated,Part-Time,Zone B,Full-Time,Production       ,Shop (Fleet),Welder,Male,85827,Asian,Widowed,Fully Meets,4,2882,3,2,5,Leadership Development,Internal,Failed
2456,01-03-2019,active,CCDR,Active,Part-Time,Zone C,Full-Time,Production       ,General - Con,Operator,Male,74091,Hispanic,Married,Fully Meets,4,2883,4,3,4,Customer Service,External,Completed
2457,26-02-2022,active,SVG,Active,Part-Time,Zone A,Part-Time,Production       ,Wireline Construction,Technician,Male,76359,Other,Married,Fully Meets,2,2884,3,2,4,Technical Skills,External,Passed
2458,14-04-2022,10-Oct-22,EW,Active,Full-Time,Zone B,Part-Time,Production       ,Field Operations,Groundman,Male,61247,Asian,Single,Fully Meets,1,2885,1,5,5,Communication Skills,External,Passed
2459,06-08-2020,active,MSC,Active,Contract,Zone A,Temporary,Production       ,Field Operations,Supervisor,Male,93231,Asian,Married,Fully Meets,2,2886,5,5,1,Technical Skills,External,Incomplete
2460,28-01-2020,15-Feb-22,TNS,Terminated,Full-Time,Zone A,Temporary,Production       ,Shop (Fleet),Shop,Female,22862,Black,Married,Fully Meets,5,2887,5,1,1,Communication Skills,Internal,Completed
2461,17-04-2021,18-Mar-22,PYZ,Active,Contract,Zone A,Temporary,Production       ,Wireless,Foreman,Female,74469,White,Widowed,Fully Meets,5,2888,5,2,5,Customer Service,External,Completed
2462,29-09-2019,28-Jun-23,WBL,Active,Part-Time,Zone A,Temporary,Production       ,Fielders,Engineer,Female,53693,Hispanic,Single,Fully Meets,1,2889,2,2,1,Customer Service,Internal,Passed
2463,07-10-2022,active,TNS,Active,Full-Time,Zone A,Full-Time,Production       ,General - Sga,Director,Male,89622,Black,Single,Fully Meets,2,2890,3,5,5,Technical Skills,Internal,Completed
2464,11-08-2021,07-Nov-21,PYZ,Active,Contract,Zone A,Temporary,Production       ,Wireline Construction,Laborer,Male,7700,Black,Widowed,Fully Meets,1,2891,5,2,3,Technical Skills,External,Incomplete
2465,10-04-2021,01-Nov-22,WBL,Active,Contract,Zone A,Full-Time,Production       ,Catv,Lineman,Male,26250,Hispanic,Divorced,Fully Meets,2,2892,2,1,5,Technical Skills,External,Passed
2466,24-02-2022,active,NEL,Active,Full-Time,Zone A,Temporary,Production       ,Field Operations,Foreman,Male,73855,White,Divorced,Fully Meets,2,2893,3,1,1,Leadership Development,Internal,Completed
2467,01-07-2022,active,PL,Active,Part-Time,Zone B,Full-Time,Production       ,Field Operations,Foreman,Male,34327,White,Single,Fully Meets,4,2894,1,4,4,Customer Service,Internal,Completed
2468,04-04-2023,20-Jun-23,BPC,Terminated,Full-Time,Zone A,Temporary,Production       ,Field Operations,Top Hand,Male,9647,Asian,Married,Fully Meets,2,2895,1,2,5,Project Management,External,Incomplete
2469,25-10-2021,active,CCDR,Active,Full-Time,Zone B,Part-Time,Production       ,Field Operations,Laborer,Male,68059,Other,Divorced,Fully Meets,4,2896,5,4,1,Technical Skills,Internal,Passed
2470,04-03-2022,02-Jul-23,SVG,Active,Full-Time,Zone C,Part-Time,Production       ,Field Operations,Mechanic,Female,48860,Hispanic,Widowed,Fully Meets,4,2897,3,5,2,Leadership Development,Internal,Passed
2471,20-12-2019,active,EW,Active,Contract,Zone A,Full-Time,Production       ,Field Operations,Coordinator,Female,53945,Other,Single,Fully Meets,4,2898,1,4,3,Leadership Development,Internal,Completed
2472,11-09-2020,31-Mar-22,MSC,Active,Part-Time,Zone B,Part-Time,Production       ,Project Management - Con,Coordinator,Male,26846,Other,Single,Fully Meets,5,2899,1,5,3,Leadership Development,Internal,Completed
2473,31-10-2021,12-Jul-23,TNS,Active,Part-Time,Zone B,Temporary,Production       ,General - Con,Locator,Male,32806,White,Widowed,Exceeds,2,2900,1,4,1,Customer Service,External,Passed
2474,21-10-2018,24-Apr-19,PYZ,Active,Part-Time,Zone A,Part-Time,Production       ,Wireline Construction,Foreman,Female,52065,White,Single,Fully Meets,4,2901,1,4,5,Leadership Development,Internal,Incomplete
2475,07-01-2021,active,WBL,Active,Part-Time,Zone B,Part-Time,Production       ,Field Operations,Laborer,Female,34499,Black,Widowed,Fully Meets,1,2902,5,4,3,Project Management,External,Incomplete
2476,09-02-2023,07-May-23,NEL,Active,Part-Time,Zone A,Full-Time,Production       ,Engineers,Engineer,Male,14416,Asian,Single,Needs Improvement,5,2903,3,3,5,Customer Service,External,Failed
2477,15-02-2020,20-Oct-20,PL,Terminated,Full-Time,Zone A,Part-Time,Production       ,Project Management - Con,Technician,Female,84227,Other,Widowed,Exceeds,4,2904,4,2,4,Technical Skills,External,Failed
2478,14-10-2022,active,PL,Active,Full-Time,Zone C,Full-Time,Production       ,Yard (Material Handling),Warehouse,Male,96294,Asian,Divorced,Fully Meets,1,2905,2,5,1,Leadership Development,External,Passed
2479,02-10-2018,active,PYZ,Active,Contract,Zone B,Part-Time,Production       ,Field Operations,Technician,Male,87232,Asian,Divorced,Needs Improvement,5,2906,2,5,4,Technical Skills,External,Incomplete
2480,22-06-2020,active,SVG,Active,Full-Time,Zone C,Part-Time,Production       ,Yard (Material Handling),Supervisor,Male,38430,White,Widowed,Needs Improvement,4,2907,1,4,5,Communication Skills,External,Completed
2481,19-03-2021,active,TNS,Active,Contract,Zone C,Temporary,Production       ,Project Management - Con,Coordinator,Male,49657,Asian,Single,Exceeds,1,2908,4,2,5,Leadership Development,External,Passed
2482,28-03-2019,active,WBL,Active,Full-Time,Zone C,Part-Time,Production       ,Field Operations,Laborer,Female,45022,Hispanic,Single,Needs Improvement,1,2909,2,4,4,Technical Skills,Internal,Passed
2483,01-05-2022,active,BPC,Active,Part-Time,Zone A,Full-Time,Production       ,Field Operations,Laborer,Female,89600,White,Divorced,Exceeds,1,2910,5,1,3,Technical Skills,Internal,Incomplete
2484,07-08-2018,active,TNS,Active,Part-Time,Zone A,Full-Time,Production       ,Finance & Accounting,Administrative,Male,3468,Asian,Divorced,Exceeds,2,2911,5,2,2,Technical Skills,Internal,Passed
2485,01-05-2022,active,PYZ,Active,Full-Time,Zone C,Temporary,Production       ,Project Management - Con,Field Project Manager,Male,72466,Black,Widowed,Needs Improvement,4,2912,3,5,3,Communication Skills,Internal,Completed
2486,03-12-2019,active,WBL,Active,Full-Time,Zone B,Part-Time,Production       ,Splicing,Splicer,Male,70198,Hispanic,Divorced,Needs Improvement,2,2913,4,1,2,Communication Skills,External,Completed
2487,02-01-2020,03-Aug-23,NEL,Active,Full-Time,Zone C,Part-Time,Production       ,Splicing,Laborer,Male,56864,Hispanic,Widowed,Exceeds,2,2914,5,3,3,Communication Skills,Internal,Failed
2488,30-04-2022,02-Aug-23,PL,Terminated,Full-Time,Zone B,Part-Time,Production       ,Field Operations,Technician,Male,14468,Asian,Widowed,Exceeds,1,2915,3,4,2,Technical Skills,Internal,Incomplete
2489,04-07-2020,07-Mar-21,BPC,Terminated,Part-Time,Zone C,Temporary,Production       ,General - Sga,Administrator,Male,92604,White,Single,Needs Improvement,2,2916,4,4,2,Technical Skills,Internal,Incomplete
2490,05-02-2020,active,CCDR,Active,Contract,Zone A,Part-Time,Production       ,Field Operations,Technician,Male,79382,Other,Widowed,Exceeds,4,2917,1,4,5,Customer Service,External,Passed
2491,22-12-2018,21-Jul-22,SVG,Active,Part-Time,Zone B,Full-Time,Production       ,Field Operations,Lineman,Female,2719,Black,Widowed,Exceeds,4,2918,4,3,1,Project Management,External,Failed
2492,21-04-2019,active,EW,Active,Full-Time,Zone A,Part-Time,Production       ,Field Operations,Administrative,Female,29718,White,Single,Needs Improvement,5,2919,5,1,2,Technical Skills,Internal,Failed
2493,03-04-2020,active,MSC,Active,Full-Time,Zone A,Part-Time,Production       ,Field Operations,Technician,Male,80589,Hispanic,Single,Exceeds,5,2920,2,4,4,Technical Skills,External,Completed
2494,22-09-2018,10-Oct-19,TNS,Active,Full-Time,Zone B,Part-Time,Production       ,Aerial,Lineman,Female,66834,Asian,Divorced,Exceeds,2,2921,5,2,3,Customer Service,External,Incomplete
2495,14-10-2022,06-Jul-23,BPC,Active,Part-Time,Zone B,Full-Time,Production       ,General - Con,Laborer,Female,69281,Other,Married,Exceeds,5,2922,4,2,5,Technical Skills,External,Incomplete
2496,12-02-2022,22-Sep-22,CCDR,Active,Part-Time,Zone A,Part-Time,Production       ,Field Operations,Technician,Female,79321,White,Married,Needs Improvement,4,2923,5,1,2,Technical Skills,Internal,Failed
2497,23-03-2021,20-Jul-23,EW,Terminated,Contract,Zone B,Part-Time,Production       ,Field Operations,Foreman,Male,84575,Asian,Married,Exceeds,5,2924,5,4,4,Technical Skills,External,Failed
2498,30-08-2018,11-Jul-21,CCDR,Active,Part-Time,Zone B,Temporary,Production       ,General - Sga,Administrator,Male,65881,Other,Divorced,Exceeds,4,2925,1,3,1,Communication Skills,External,Failed
2499,10-12-2022,02-Jul-23,SVG,Active,Part-Time,Zone B,Temporary,Production       ,Field Operations,Driver,Male,27671,Black,Widowed,Needs Improvement,5,2926,1,1,1,Technical Skills,Internal,Failed
2500,04-02-2023,25-Jul-23,EW,Active,Part-Time,Zone A,Part-Time,Production       ,General - Sga,Supervisor,Male,53549,Black,Divorced,Exceeds,1,2927,4,2,2,Technical Skills,External,Failed
2501,10-01-2021,active,MSC,Active,Full-Time,Zone B,Part-Time,Production       ,General - Con,Lineman,Female,49168,Hispanic,Divorced,Fully Meets,5,2928,5,4,1,Communication Skills,External,Incomplete
2502,19-08-2020,14-Nov-21,TNS,Terminated,Full-Time,Zone B,Temporary,Production       ,Field Operations,Laborer,Female,70404,White,Widowed,Needs Improvement,2,2929,1,3,4,Project Management,Internal,Passed
2503,21-04-2023,active,PYZ,Active,Part-Time,Zone A,Full-Time,Production       ,Wireless,Supervisor,Female,13746,Black,Widowed,Exceeds,2,2930,1,4,2,Technical Skills,External,Failed
2504,29-01-2020,09-Jan-21,MSC,Terminated,Full-Time,Zone B,Temporary,Production       ,Field Operations,Technician,Male,12946,Hispanic,Single,Exceeds,2,2931,5,4,4,Leadership Development,External,Passed
2505,19-08-2021,25-May-23,TNS,Terminated,Part-Time,Zone A,Full-Time,Production       ,Finance & Accounting,Intern,Male,6449,Hispanic,Widowed,Fully Meets,4,2932,4,4,3,Communication Skills,External,Completed
2506,18-03-2021,active,PYZ,Active,Full-Time,Zone A,Part-Time,Production       ,Wireline Construction,Laborer,Male,52150,White,Single,Needs Improvement,1,2933,3,1,4,Communication Skills,External,Incomplete
2507,24-10-2021,29-Aug-22,WBL,Active,Contract,Zone B,Temporary,Production       ,Field Operations,Laborer,Male,63659,Asian,Widowed,Fully Meets,2,2934,4,3,1,Technical Skills,Internal,Passed
2508,03-10-2020,06-May-23,NEL,Active,Contract,Zone B,Part-Time,Production       ,Wireline Construction,Groundman,Male,6131,White,Divorced,Fully Meets,5,2935,5,1,1,Communication Skills,External,Passed
2509,21-02-2023,active,PL,Active,Contract,Zone C,Part-Time,Production       ,General - Con,Lineman,Male,80724,Asian,Married,Needs Improvement,1,2936,4,3,1,Leadership Development,Internal,Completed
2510,01-08-2020,active,BPC,Active,Contract,Zone A,Temporary,Production       ,Yard (Material Handling),Supervisor,Male,53421,Black,Married,Needs Improvement,2,2937,1,4,4,Leadership Development,Internal,Completed
2511,08-01-2023,10-May-23,CCDR,Active,Full-Time,Zone C,Full-Time,Production       ,Aerial,Lineman,Male,43780,White,Married,Needs Improvement,1,2938,2,5,1,Communication Skills,Internal,Passed
2512,26-07-2022,08-Nov-22,SVG,Active,Contract,Zone B,Full-Time,Production       ,General - Eng,Administrative,Female,40426,Hispanic,Single,Needs Improvement,2,2939,4,3,3,Project Management,External,Completed
2513,31-08-2020,09-Jun-23,EW,Active,Contract,Zone A,Part-Time,Production       ,Yard (Material Handling),Supervisor,Female,2982,Black,Single,Needs Improvement,5,2940,5,1,3,Communication Skills,External,Passed
2514,05-11-2022,22-Feb-23,MSC,Active,Part-Time,Zone B,Full-Time,Production       ,Engineers,Engineer,Male,16333,Hispanic,Divorced,Needs Improvement,2,2941,5,2,5,Customer Service,Internal,Completed
2515,30-05-2019,08-Jan-20,TNS,Active,Full-Time,Zone C,Part-Time,Production       ,General - Sga,Technician,Female,21328,Black,Widowed,Needs Improvement,2,2942,3,3,4,Technical Skills,External,Incomplete
2516,09-12-2019,active,PYZ,Active,Full-Time,Zone B,Part-Time,Production       ,General - Sga,Laborer,Female,26651,Other,Single,Needs Improvement,2,2943,4,1,5,Communication Skills,External,Completed
2517,10-05-2019,active,WBL,Active,Part-Time,Zone C,Part-Time,Production       ,General - Eng,Engineer,Female,62663,Other,Widowed,Needs Improvement,1,2944,2,4,1,Communication Skills,Internal,Passed
2518,03-09-2019,18-Mar-22,NEL,Terminated,Full-Time,Zone B,Temporary,Production       ,Aerial,Foreman,Male,26477,White,Widowed,Needs Improvement,4,2945,4,2,1,Communication Skills,External,Failed
2519,13-09-2018,active,BPC,Active,Contract,Zone A,Full-Time,Production       ,Splicing,Technician,Male,8439,Black,Divorced,Needs Improvement,2,2946,4,5,3,Leadership Development,Internal,Failed
2520,10-06-2021,active,CCDR,Active,Part-Time,Zone C,Temporary,Production       ,Wireline Construction,Foreman,Male,11214,Asian,Divorced,Fully Meets,1,2947,3,4,2,Project Management,External,Incomplete
2521,08-10-2019,16-Jun-23,SVG,Active,Contract,Zone B,Temporary,Production       ,Shop (Fleet),Manager,Male,10150,Other,Single,Needs Improvement,2,2948,2,4,5,Technical Skills,Internal,Failed
2522,03-06-2021,14-Apr-23,EW,Active,Contract,Zone A,Temporary,Production       ,Splicing,Splicer,Female,92718,Hispanic,Single,Fully Meets,4,2949,2,2,2,Communication Skills,Internal,Passed
2523,14-09-2018,04-Jan-19,MSC,Terminated,Part-Time,Zone C,Temporary,Production       ,People Services,Manager,Female,75308,White,Married,Needs Improvement,4,2950,3,3,5,Technical Skills,Internal,Completed
2524,26-05-2019,active,TNS,Active,Full-Time,Zone C,Part-Time,Production       ,General - Con,Foreman,Female,16532,Black,Widowed,Fully Meets,2,2951,3,1,3,Leadership Development,External,Passed
2525,05-07-2019,active,PYZ,Active,Contract,Zone C,Full-Time,Production       ,General - Eng,Technician,Female,16292,Black,Widowed,Fully Meets,4,2952,5,3,2,Communication Skills,Internal,Completed
2526,05-11-2019,active,TNS,Active,Full-Time,Zone B,Full-Time,Production       ,Field Operations,Technician,Male,95723,Other,Widowed,Fully Meets,5,2953,2,3,4,Leadership Development,External,Incomplete
2527,22-07-2019,18-Oct-21,WBL,Active,Part-Time,Zone B,Part-Time,Production       ,Field Operations,Coordinator,Female,10422,Black,Widowed,Fully Meets,2,2954,5,2,1,Project Management,External,Passed
2528,21-09-2020,22-Mar-23,PYZ,Active,Full-Time,Zone A,Part-Time,Production       ,General - Con,Technician,Male,17669,Other,Married,Fully Meets,1,2955,5,2,3,Project Management,External,Failed
2529,11-11-2019,active,WBL,Active,Part-Time,Zone C,Full-Time,Production       ,Engineers,Project Manager,Male,51029,Hispanic,Widowed,Fully Meets,2,2956,5,4,1,Customer Service,External,Passed
2530,08-02-2021,active,NEL,Active,Part-Time,Zone B,Temporary,Production       ,Field Operations,Foreman,Male,58080,Hispanic,Single,Fully Meets,1,2957,1,3,4,Project Management,External,Failed
2531,01-06-2020,active,PL,Active,Contract,Zone C,Full-Time,Production       ,People Services,Administration,Male,8328,Black,Divorced,Fully Meets,4,2958,1,2,4,Technical Skills,External,Incomplete
2532,26-10-2022,01-Nov-22,BPC,Terminated,Part-Time,Zone A,Temporary,Production       ,Aerial,Lineman,Male,1015,Hispanic,Widowed,Fully Meets,2,2959,1,5,2,Customer Service,Internal,Incomplete
2533,12-02-2019,17-Apr-23,CCDR,Active,Full-Time,Zone C,Part-Time,Production       ,General - Con,Technician,Female,30280,White,Divorced,Fully Meets,2,2960,2,4,3,Project Management,Internal,Incomplete
2534,19-10-2022,22-Jul-23,SVG,Active,Full-Time,Zone A,Full-Time,Production       ,Field Operations,Laborer,Female,24889,Asian,Divorced,Fully Meets,2,2961,2,2,4,Leadership Development,External,Passed
2535,12-12-2019,active,EW,Active,Full-Time,Zone A,Full-Time,Production       ,Engineers,Technician,Female,2798,Hispanic,Single,Fully Meets,1,2962,1,2,3,Customer Service,Internal,Failed
2536,29-11-2021,active,MSC,Active,Full-Time,Zone B,Full-Time,Production       ,Field Operations,Driver,Male,1654,Other,Married,Fully Meets,2,2963,1,3,2,Customer Service,External,Completed
2537,15-05-2021,active,TNS,Active,Part-Time,Zone B,Full-Time,Production       ,Field Operations,Driller,Female,88998,Other,Divorced,Fully Meets,2,2964,4,1,3,Communication Skills,Internal,Incomplete
2538,27-01-2023,06-May-23,PYZ,Active,Contract,Zone B,Temporary,Production       ,Field Operations,Driller,Female,90813,Hispanic,Divorced,Fully Meets,1,2965,4,4,5,Project Management,External,Completed
2539,03-07-2020,02-Jul-23,WBL,Active,Full-Time,Zone A,Temporary,Production       ,Aerial,Laborer,Male,24429,White,Divorced,Fully Meets,4,2966,5,2,5,Project Management,Internal,Passed
2540,26-12-2022,25-Jun-23,NEL,Active,Full-Time,Zone A,Part-Time,Production       ,Field Operations,Administrator,Female,2130,Other,Married,Fully Meets,4,2967,2,3,1,Customer Service,External,Incomplete
2541,23-12-2018,active,CCDR,Active,Part-Time,Zone B,Temporary,Production       ,General - Con,Technician,Female,2027,Black,Single,Fully Meets,4,2968,1,5,4,Customer Service,Internal,Failed
2542,28-09-2020,16-Oct-21,WBL,Terminated,Contract,Zone A,Part-Time,Production       ,General - Con,Laborer,Female,1886,Hispanic,Married,Fully Meets,2,2969,4,5,5,Customer Service,Internal,Passed
2543,16-09-2020,10-Sep-21,MSC,Active,Full-Time,Zone B,Temporary,Production       ,General - Con,Clerk,Female,2451,Hispanic,Widowed,Fully Meets,5,2970,5,5,5,Leadership Development,External,Failed
2544,09-02-2020,14-Mar-21,TNS,Active,Contract,Zone C,Temporary,Production       ,Aerial,Splicer,Female,2149,White,Divorced,Fully Meets,1,2971,3,5,4,Project Management,Internal,Incomplete
2545,13-02-2023,active,TNS,Active,Full-Time,Zone B,Part-Time,Production       ,General - Con,Laborer,Female,1460,Other,Widowed,Fully Meets,1,2972,3,4,3,Leadership Development,Internal,Passed
2546,01-12-2019,active,SVG,Active,Part-Time,Zone C,Part-Time,Production       ,General - Con,Flagger,Female,2109,Other,Married,Fully Meets,5,2973,1,3,3,Technical Skills,Internal,Failed
2547,04-11-2022,active,SVG,Active,Full-Time,Zone C,Part-Time,Production       ,Field Operations,Laborer,Female,1749,Black,Single,Fully Meets,5,2974,4,5,4,Project Management,Internal,Passed
2548,14-04-2021,22-Jun-22,WBL,Active,Full-Time,Zone A,Temporary,Production       ,Billable Consultants,Engineer,Male,1721,Asian,Married,Fully Meets,4,2975,2,3,4,Leadership Development,External,Completed
2549,13-08-2021,12-Oct-21,TNS,Active,Full-Time,Zone A,Temporary,Production       ,Field Operations,Laborer,Male,2136,Hispanic,Divorced,Fully Meets,1,2976,4,3,1,Communication Skills,Internal,Passed
2550,28-08-2020,active,NEL,Active,Part-Time,Zone A,Temporary,Production       ,Yard (Material Handling),Supervisor,Male,1890,Black,Divorced,Fully Meets,2,2977,2,4,3,Project Management,Internal,Passed
2551,16-08-2022,active,CCDR,Active,Full-Time,Zone C,Part-Time,Production       ,Yard (Material Handling),Supervisor,Male,2199,Hispanic,Divorced,Fully Meets,4,2978,5,2,4,Communication Skills,Internal,Failed
2552,26-02-2022,active,PL,Active,Full-Time,Zone A,Temporary,Production       ,Field Operations,Laborer,Female,2189,Other,Widowed,Fully Meets,2,2979,4,5,4,Leadership Development,External,Failed
2553,30-12-2019,active,SVG,Active,Part-Time,Zone A,Temporary,Production       ,General - Con,Technician,Female,1876,Hispanic,Divorced,Fully Meets,2,2980,1,3,5,Customer Service,External,Passed
2554,23-07-2022,06-Mar-23,TNS,Active,Part-Time,Zone B,Full-Time,Production       ,Aerial,Foreman,Female,2044,Black,Single,Fully Meets,1,2981,5,3,2,Communication Skills,External,Completed
2555,14-10-2018,active,WBL,Active,Full-Time,Zone B,Temporary,Production       ,Field Operations,Technician,Female,2170,Other,Married,Fully Meets,2,2982,5,4,3,Project Management,External,Failed
2556,20-02-2021,active,PL,Active,Full-Time,Zone C,Temporary,Production       ,Splicing,Lineman,Male,2459,Hispanic,Widowed,Fully Meets,2,2983,4,5,4,Project Management,External,Passed
2557,28-03-2020,21-Nov-20,PYZ,Active,Contract,Zone B,Temporary,Production       ,Engineers,Engineer,Female,1821,Black,Divorced,Fully Meets,5,2984,4,1,1,Project Management,Internal,Incomplete
2558,05-02-2019,10-Jul-20,SVG,Active,Contract,Zone A,Part-Time,Production       ,General - Sga,Supervisor,Male,2149,Hispanic,Married,Fully Meets,1,2985,3,5,2,Customer Service,Internal,Failed
2559,19-04-2023,active,NEL,Active,Full-Time,Zone B,Temporary,Production       ,General - Eng,Coordinator,Female,2176,Asian,Single,Fully Meets,1,2986,4,5,3,Communication Skills,Internal,Completed
2560,24-09-2020,active,TNS,Active,Contract,Zone B,Full-Time,Production       ,Shop (Fleet),Welder,Male,2180,Other,Single,Fully Meets,4,2987,4,3,3,Leadership Development,External,Failed
2561,14-11-2020,15-Jan-23,MSC,Active,Full-Time,Zone A,Part-Time,Production       ,General - Con,Lineman,Male,85255,Hispanic,Married,Fully Meets,1,2988,4,4,4,Customer Service,Internal,Failed
2562,16-09-2021,active,TNS,Active,Contract,Zone B,Temporary,Production       ,Engineers,Project Manager,Female,75699,Hispanic,Widowed,Fully Meets,4,2989,2,3,3,Communication Skills,External,Failed
2563,21-04-2019,active,PYZ,Active,Full-Time,Zone C,Part-Time,Production       ,General - Con,Laborer,Female,64116,White,Single,Fully Meets,2,2990,2,2,3,Project Management,External,Passed
2564,13-03-2020,active,WBL,Active,Contract,Zone A,Full-Time,Production       ,General - Con,Technician,Female,5676,White,Single,Exceeds,2,2991,5,5,3,Project Management,Internal,Completed
2565,16-04-2022,20-Apr-23,NEL,Active,Full-Time,Zone A,Part-Time,Production       ,Field Operations,Laborer,Female,59966,Asian,Married,Fully Meets,4,2992,1,4,2,Leadership Development,Internal,Passed
2566,18-03-2019,23-Nov-22,PL,Active,Full-Time,Zone A,Full-Time,Production       ,General - Con,Technician,Male,81311,White,Widowed,Fully Meets,4,2993,5,5,1,Communication Skills,Internal,Incomplete
2567,18-02-2022,active,BPC,Active,Part-Time,Zone B,Temporary,Production       ,Engineers,Engineer,Male,14098,Other,Married,Fully Meets,4,2994,5,5,3,Project Management,External,Incomplete
2568,03-09-2018,29-Nov-18,CCDR,Active,Full-Time,Zone A,Full-Time,Production       ,General - Con,Technician,Male,43823,Other,Single,Needs Improvement,4,2995,1,5,2,Technical Skills,Internal,Passed
2569,15-06-2022,16-Aug-22,SVG,Active,Contract,Zone B,Temporary,Production       ,General - Con,Locator,Female,30175,Other,Widowed,Fully Meets,4,2996,3,2,2,Technical Skills,Internal,Passed
2570,14-02-2022,active,EW,Active,Contract,Zone B,Part-Time,Production       ,General - Con,Operator,Female,14649,Other,Married,Fully Meets,2,2997,1,2,5,Communication Skills,External,Completed
2571,09-07-2023,active,MSC,Active,Contract,Zone C,Part-Time,Production       ,General - Con,Groundman,Male,19677,White,Widowed,Needs Improvement,1,2998,4,3,3,Customer Service,External,Failed
2572,28-10-2018,04-Aug-19,TNS,Active,Contract,Zone B,Part-Time,Production       ,Field Operations,Project Manager,Male,3588,Asian,Divorced,Fully Meets,2,2999,2,1,4,Customer Service,Internal,Passed
2573,09-07-2022,active,PYZ,Active,Contract,Zone B,Full-Time,Production       ,Isp,Technician,Male,52789,Other,Single,Fully Meets,1,3000,2,2,5,Technical Skills,External,Incomplete
2574,27-09-2018,12-Dec-22,WBL,Active,Full-Time,Zone C,Part-Time,Production       ,General - Con,Laborer,Male,5140,Asian,Widowed,Fully Meets,5,3001,5,4,3,Communication Skills,Internal,Passed
2575,27-10-2020,active,BPC,Active,Full-Time,Zone A,Part-Time,Production       ,General - Con,Laborer,Female,55498,White,Widowed,Fully Meets,2,3002,3,3,3,Leadership Development,Internal,Passed
2576,01-10-2021,active,CCDR,Active,Full-Time,Zone A,Part-Time,Production       ,Field Operations,Groundman,Female,40722,Other,Single,Fully Meets,5,3003,4,3,5,Technical Skills,Internal,Passed
2577,29-08-2019,19-Jun-22,EW,Active,Full-Time,Zone B,Full-Time,Production       ,General - Con,Laborer,Female,77466,Asian,Divorced,Fully Meets,5,3004,4,3,4,Technical Skills,Internal,Incomplete
2578,29-12-2020,active,MSC,Active,Contract,Zone C,Part-Time,Production       ,General - Con,Technician,Female,57657,Hispanic,Widowed,Fully Meets,2,3005,4,5,1,Communication Skills,Internal,Passed
2579,04-10-2022,active,NEL,Active,Part-Time,Zone C,Full-Time,Production       ,Field Operations,Laborer,Female,88958,Asian,Single,Fully Meets,1,3006,3,5,2,Communication Skills,External,Passed
2580,21-03-2019,25-Sep-22,PL,Active,Part-Time,Zone A,Full-Time,Production       ,General - Con,Technician,Female,22812,Black,Married,Fully Meets,2,3007,2,5,3,Customer Service,External,Incomplete
2581,03-04-2020,27-Dec-21,PYZ,Active,Full-Time,Zone A,Full-Time,Production       ,General - Sga,Construction Manager,Female,96960,Black,Widowed,Fully Meets,4,3008,2,1,4,Leadership Development,Internal,Incomplete
2582,02-06-2019,14-Jul-21,EW,Active,Part-Time,Zone C,Part-Time,Production       ,Billable Consultants,Engineer,Male,14887,White,Married,Fully Meets,2,3009,1,2,4,Leadership Development,Internal,Incomplete
2583,31-05-2019,04-Sep-20,MSC,Active,Part-Time,Zone C,Temporary,Production       ,General - Con,Flagger,Male,33080,Other,Married,Fully Meets,1,3010,1,5,5,Project Management,External,Failed
2584,06-01-2020,04-May-20,TNS,Active,Part-Time,Zone A,Full-Time,Production       ,Engineers,Engineer,Female,51348,Hispanic,Widowed,Fully Meets,5,3011,4,4,3,Leadership Development,External,Incomplete
2585,19-08-2018,18-Feb-21,BPC,Active,Contract,Zone A,Temporary,Production       ,General - Sga,Manager,Female,3143,Asian,Single,Exceeds,1,3012,3,5,1,Technical Skills,External,Failed
2586,18-05-2019,active,CCDR,Active,Full-Time,Zone C,Full-Time,Production       ,Splicing,Splicer,Female,35422,Asian,Widowed,PIP,1,3013,5,2,4,Leadership Development,Internal,Incomplete
2587,23-11-2022,09-Dec-22,EW,Active,Contract,Zone B,Temporary,Production       ,Field Operations,Flagger,Male,81914,Hispanic,Single,PIP,2,3014,3,4,2,Leadership Development,Internal,Completed
2588,02-12-2020,active,MSC,Active,Part-Time,Zone C,Part-Time,Production       ,General - Sga,Clerk,Male,56005,Hispanic,Single,PIP,2,3015,5,5,5,Customer Service,External,Completed
2589,05-01-2022,active,NEL,Active,Part-Time,Zone A,Part-Time,Production       ,Finance & Accounting,Accounting,Male,19295,Black,Widowed,PIP,4,3016,3,1,2,Communication Skills,Internal,Completed
2590,16-04-2023,04-Aug-23,PL,Active,Full-Time,Zone B,Full-Time,Production       ,Field Operations,Laborer,Female,89360,Other,Divorced,PIP,5,3017,3,5,3,Technical Skills,Internal,Incomplete
2591,10-10-2020,23-Jun-23,PYZ,Active,Contract,Zone C,Part-Time,Production       ,Project Management - Con,Manager,Female,77355,Black,Widowed,PIP,2,3018,1,1,4,Communication Skills,External,Passed
2592,15-04-2022,04-Jul-23,SVG,Active,Contract,Zone B,Full-Time,Production       ,Finance & Accounting,Administrative,Female,26467,Asian,Married,PIP,2,3019,3,4,2,Technical Skills,External,Failed
2593,25-07-2023,active,TNS,Active,Part-Time,Zone C,Part-Time,Production       ,General - Con,Technician,Male,8903,Black,Widowed,PIP,2,3020,2,5,1,Project Management,External,Completed
2594,31-08-2020,active,WBL,Active,Contract,Zone A,Temporary,Production       ,Wireline Construction,Administrative,Male,95247,Other,Single,PIP,2,3021,5,3,4,Customer Service,External,Passed
2595,10-10-2018,17-May-20,BPC,Active,Full-Time,Zone C,Full-Time,Production       ,Splicing,Laborer,Male,23955,Other,Married,PIP,1,3022,2,2,3,Communication Skills,External,Completed
2596,15-01-2019,03-Apr-21,TNS,Terminated,Contract,Zone B,Part-Time,Production       ,General - Con,Technician,Female,46410,Black,Widowed,PIP,2,3023,3,5,3,Project Management,Internal,Passed
2597,26-12-2021,active,BPC,Active,Contract,Zone A,Full-Time,Production       ,Project Management - Con,Supervisor,Female,51804,Hispanic,Widowed,Fully Meets,2,3024,4,5,5,Technical Skills,External,Passed
2598,23-05-2022,active,CCDR,Active,Contract,Zone C,Temporary,Production       ,Project Management - Con,Technician,Female,10677,Black,Married,Fully Meets,1,3025,3,4,5,Communication Skills,External,Incomplete
2599,23-08-2022,active,EW,Active,Contract,Zone C,Part-Time,Production       ,Project Management - Con,Lineman,Female,80801,Asian,Divorced,Fully Meets,2,3026,3,2,4,Customer Service,External,Passed
2600,27-05-2023,28-Jul-23,MSC,Active,Part-Time,Zone A,Full-Time,Production       ,General - Eng,Administrative,Female,7984,White,Single,Fully Meets,5,3027,3,2,4,Communication Skills,External,Incomplete
2601,10-08-2018,25-Jul-21,NEL,Terminated,Contract,Zone B,Temporary,Production       ,Engineers,Engineer,Female,32254,Asian,Married,Fully Meets,2,3028,5,4,1,Communication Skills,Internal,Completed
2602,24-10-2021,03-Feb-23,PL,Active,Contract,Zone C,Full-Time,Production       ,Finance & Accounting,Clerk,Female,5819,Asian,Widowed,Fully Meets,4,3029,1,1,3,Project Management,External,Incomplete
2603,05-07-2022,03-Jan-23,PYZ,Active,Full-Time,Zone C,Part-Time,Production       ,Wireline Construction,Laborer,Female,51064,White,Single,Fully Meets,1,3030,2,2,5,Technical Skills,Internal,Passed
2604,22-01-2022,03-Mar-23,SVG,Active,Contract,Zone B,Temporary,Production       ,Project Management - Con,Supervisor,Male,88435,Asian,Married,Fully Meets,1,3031,2,3,2,Technical Skills,External,Incomplete
2605,27-03-2023,23-Jul-23,EW,Active,Part-Time,Zone A,Full-Time,Production       ,General - Con,Supervisor,Male,48042,Asian,Married,Fully Meets,2,3032,1,3,2,Technical Skills,External,Passed
2606,26-08-2019,09-Mar-22,MSC,Active,Contract,Zone C,Part-Time,Production       ,Engineers,Field Project Manager,Male,54212,White,Divorced,Fully Meets,2,3033,3,3,5,Customer Service,Internal,Incomplete
2607,16-10-2021,active,TNS,Active,Full-Time,Zone B,Temporary,Production       ,Field Operations,Foreman,Female,26202,White,Single,Fully Meets,2,3034,1,4,2,Leadership Development,Internal,Passed
2608,14-06-2019,active,PYZ,Active,Contract,Zone C,Temporary,Production       ,Engineers,Director,Female,33464,Other,Divorced,Fully Meets,1,3035,2,4,5,Customer Service,Internal,Completed
2609,05-07-2020,active,WBL,Active,Full-Time,Zone B,Temporary,Production       ,Technology / It,Administrator,Female,94333,White,Widowed,Fully Meets,2,3036,1,4,2,Technical Skills,Internal,Failed
2610,02-03-2020,active,NEL,Active,Full-Time,Zone C,Full-Time,Production       ,Field Operations,Director,Male,38200,Asian,Married,Fully Meets,4,3037,3,4,2,Leadership Development,Internal,Failed
2611,11-11-2020,28-Apr-21,PL,Active,Part-Time,Zone B,Temporary,Production       ,Field Operations,Laborer,Male,76217,White,Divorced,Fully Meets,2,3038,5,5,5,Customer Service,Internal,Incomplete
2612,22-12-2019,active,BPC,Active,Contract,Zone B,Temporary,Production       ,Project Management - Con,Supervisor,Female,91829,Other,Single,Fully Meets,5,3039,4,2,1,Leadership Development,Internal,Completed
2613,14-12-2020,active,CCDR,Active,Full-Time,Zone A,Full-Time,Production       ,Field Operations,Groundman,Female,31946,White,Divorced,Fully Meets,5,3040,5,1,4,Technical Skills,Internal,Passed
2614,20-06-2020,active,SVG,Active,Contract,Zone C,Full-Time,Production       ,General - Con,Laborer,Female,2308,White,Single,Fully Meets,2,3041,5,5,4,Project Management,Internal,Completed
2615,09-06-2023,12-Jul-23,EW,Active,Contract,Zone B,Temporary,Production       ,Fielders,Engineer,Female,44194,White,Widowed,Exceeds,4,3042,4,1,2,Technical Skills,Internal,Incomplete
2616,25-09-2022,active,MSC,Active,Contract,Zone C,Full-Time,Production       ,Catv,Supervisor,Male,48124,Black,Widowed,Exceeds,2,3043,5,3,3,Customer Service,External,Completed
2617,26-08-2020,30-Dec-20,TNS,Active,Contract,Zone B,Part-Time,Production       ,General - Con,Laborer,Male,16165,White,Single,Exceeds,2,3044,1,1,3,Leadership Development,Internal,Passed
2618,28-08-2019,active,PYZ,Active,Full-Time,Zone C,Temporary,Production       ,General - Eng,Engineer,Male,64494,Other,Single,Exceeds,2,3045,5,4,1,Communication Skills,External,Incomplete
2619,02-06-2023,09-Jul-23,TNS,Terminated,Part-Time,Zone A,Full-Time,Production       ,Wireline Construction,Supervisor,Female,85307,Other,Single,Exceeds,4,3046,2,5,3,Communication Skills,Internal,Passed
2620,12-09-2018,active,PYZ,Active,Full-Time,Zone C,Full-Time,Production       ,Engineers,Administrative,Female,33237,White,Married,Exceeds,5,3047,4,2,1,Customer Service,External,Passed
2621,15-07-2023,active,WBL,Active,Contract,Zone B,Part-Time,Production       ,Isp,Apprentice,Female,34381,White,Married,Fully Meets,2,3048,2,2,3,Customer Service,Internal,Completed
2622,02-07-2023,25-Jul-23,NEL,Active,Part-Time,Zone A,Temporary,Production       ,General - Con,Laborer,Female,96062,Asian,Married,Fully Meets,4,3049,5,3,2,Project Management,External,Incomplete
2623,10-02-2020,active,PL,Active,Contract,Zone C,Full-Time,Production       ,Splicing,Splicer,Female,78746,White,Single,Fully Meets,4,3050,1,3,4,Project Management,External,Completed
2624,27-08-2021,01-May-22,BPC,Terminated,Contract,Zone B,Temporary,Production       ,Underground,Lineman,Female,96336,Asian,Widowed,Fully Meets,5,3051,3,5,5,Leadership Development,External,Incomplete
2625,25-01-2020,05-Feb-23,CCDR,Active,Full-Time,Zone A,Full-Time,Production       ,General - Sga,Project Coordinator,Female,60154,White,Single,Fully Meets,5,3052,5,1,3,Technical Skills,External,Incomplete
2626,26-03-2020,08-Oct-21,SVG,Active,Part-Time,Zone A,Full-Time,Production       ,General - Con,Lineman,Female,34734,Asian,Widowed,Fully Meets,2,3053,2,1,3,Communication Skills,External,Failed
2627,23-10-2020,active,SVG,Active,Contract,Zone C,Full-Time,Production       ,Field Operations,Laborer,Male,59668,White,Married,Fully Meets,1,3054,5,5,2,Leadership Development,External,Incomplete
2628,27-12-2020,07-Dec-21,EW,Active,Part-Time,Zone A,Part-Time,Production       ,Field Operations,Technician,Male,83604,Other,Divorced,Fully Meets,2,3055,5,1,3,Technical Skills,Internal,Failed
2629,21-06-2022,active,MSC,Active,Part-Time,Zone A,Temporary,Production       ,Wireless,Manager,Female,56056,Other,Divorced,Fully Meets,5,3056,5,5,2,Communication Skills,External,Passed
2630,09-11-2022,09-Jul-23,TNS,Active,Full-Time,Zone A,Temporary,Production       ,General - Con,Laborer,Female,58387,Black,Divorced,Fully Meets,4,3057,1,2,5,Leadership Development,Internal,Completed
2631,11-02-2019,30-Jul-20,PYZ,Active,Part-Time,Zone A,Temporary,Production       ,Yard (Material Handling),Coordinator,Male,93290,Asian,Divorced,Fully Meets,1,3058,4,1,1,Leadership Development,Internal,Completed
2632,28-03-2021,active,WBL,Active,Part-Time,Zone A,Temporary,Production       ,Project Management - Con,Coordinator,Female,73253,White,Widowed,Fully Meets,1,3059,2,1,3,Communication Skills,External,Completed
2633,29-08-2020,active,NEL,Active,Part-Time,Zone A,Part-Time,Production       ,Yard (Material Handling),Coordinator,Male,13893,Asian,Widowed,Fully Meets,2,3060,5,2,4,Customer Service,Internal,Failed
2634,03-01-2023,05-Aug-23,PL,Active,Part-Time,Zone C,Full-Time,Production       ,Wireline Construction,Foreman,Male,51434,Other,Married,Fully Meets,4,3061,5,1,3,Technical Skills,External,Incomplete
2635,28-11-2022,active,BPC,Active,Part-Time,Zone A,Temporary,Production       ,General - Con,Supervisor,Female,71004,Asian,Divorced,Fully Meets,1,3062,3,4,1,Leadership Development,Internal,Passed
2636,22-12-2021,03-Aug-23,CCDR,Active,Contract,Zone B,Part-Time,Production       ,Field Operations,Supervisor,Female,46847,Other,Widowed,Fully Meets,5,3063,1,5,1,Project Management,External,Failed
2637,08-07-2023,active,SVG,Active,Contract,Zone A,Full-Time,Production       ,Field Operations,Laborer,Female,76345,Other,Divorced,Fully Meets,4,3064,2,2,5,Project Management,Internal,Incomplete
2638,21-04-2021,21-Sep-21,EW,Active,Part-Time,Zone A,Temporary,Production       ,Field Operations,Tower Hand,Female,15364,Black,Divorced,Fully Meets,4,3065,3,1,2,Project Management,Internal,Incomplete
2639,28-07-2022,20-Oct-22,MSC,Active,Full-Time,Zone B,Full-Time,Production       ,Field Operations,Operator,Male,2005,Hispanic,Divorced,Fully Meets,1,3066,5,4,1,Communication Skills,External,Failed
2640,05-11-2019,active,TNS,Active,Part-Time,Zone B,Part-Time,Production       ,Field Operations,Technician,Male,50527,Hispanic,Single,Fully Meets,4,3067,3,1,2,Communication Skills,External,Completed
2641,22-05-2022,08-Dec-22,PYZ,Terminated,Full-Time,Zone A,Temporary,Production       ,Finance & Accounting,Assistant,Male,21620,Asian,Single,Fully Meets,5,3068,3,2,1,Customer Service,External,Completed
2642,19-10-2019,03-Dec-21,WBL,Active,Full-Time,Zone A,Temporary,Production       ,General - Con,Clerk,Female,92533,White,Married,Fully Meets,4,3069,1,2,3,Technical Skills,External,Incomplete
2643,25-12-2019,24-Jul-21,BPC,Active,Full-Time,Zone C,Temporary,Production       ,Wireline Construction,Laborer,Female,7528,White,Divorced,Fully Meets,1,3070,1,5,4,Communication Skills,External,Failed
2644,04-11-2022,26-Nov-22,CCDR,Active,Full-Time,Zone B,Part-Time,Production       ,General - Con,Lineman,Female,34566,Black,Married,Fully Meets,2,3071,1,4,2,Project Management,External,Incomplete
2645,26-04-2023,30-May-23,EW,Active,Full-Time,Zone B,Part-Time,Production       ,Wireless,Foreman,Female,48363,Asian,Divorced,Fully Meets,1,3072,2,4,1,Project Management,Internal,Failed
2646,26-10-2022,16-May-23,MSC,Terminated,Contract,Zone A,Part-Time,Production       ,General - Con,Laborer,Female,27147,Black,Single,Fully Meets,4,3073,2,3,5,Customer Service,Internal,Completed
2647,14-07-2020,27-Jun-22,NEL,Terminated,Contract,Zone A,Full-Time,Production       ,Splicing,Splicer,Female,79280,Hispanic,Single,Fully Meets,1,3074,1,3,2,Leadership Development,Internal,Passed
2648,12-03-2023,active,PL,Active,Full-Time,Zone B,Part-Time,Production       ,Fielders,Engineer,Female,18316,Other,Single,Fully Meets,5,3075,5,3,1,Leadership Development,External,Completed
2649,26-04-2023,active,PYZ,Active,Part-Time,Zone C,Full-Time,Production       ,General - Con,Foreman,Male,3738,White,Married,Fully Meets,5,3076,2,1,5,Communication Skills,External,Passed
2650,17-09-2022,12-Jun-23,CCDR,Active,Contract,Zone A,Temporary,Production       ,General - Con,Clerk,Male,16185,Hispanic,Married,Fully Meets,1,3077,2,1,2,Project Management,External,Failed
2651,08-01-2021,01-Apr-23,SVG,Active,Contract,Zone B,Part-Time,Production       ,General - Con,Foreman,Male,10871,Black,Widowed,Fully Meets,1,3078,1,1,5,Leadership Development,Internal,Completed
2652,18-12-2020,16-Sep-22,EW,Active,Part-Time,Zone B,Part-Time,Production       ,Aerial,Engineer,Female,54361,Black,Single,Fully Meets,4,3079,3,5,3,Communication Skills,External,Completed
2653,12-09-2020,22-Nov-22,MSC,Active,Contract,Zone B,Part-Time,Production       ,General - Con,Lineman,Female,82524,Hispanic,Widowed,Fully Meets,2,3080,3,3,5,Technical Skills,Internal,Incomplete
2654,20-10-2020,active,TNS,Active,Part-Time,Zone C,Part-Time,Production       ,Finance & Accounting,Controller,Male,18410,White,Widowed,Fully Meets,2,3081,3,3,1,Customer Service,Internal,Completed
2655,18-11-2022,active,PYZ,Active,Part-Time,Zone A,Part-Time,Production       ,Field Operations,Manager,Female,53176,Other,Single,Fully Meets,1,3082,4,3,4,Project Management,External,Incomplete
2656,14-01-2023,active,WBL,Active,Contract,Zone C,Full-Time,Production       ,Aerial,Laborer,Male,55790,Asian,Widowed,Fully Meets,2,3083,4,4,3,Technical Skills,External,Completed
2657,27-10-2020,08-Jun-22,NEL,Active,Part-Time,Zone A,Temporary,Production       ,General - Con,Clerk,Male,64716,Black,Widowed,Fully Meets,4,3084,5,3,3,Customer Service,External,Completed
2658,29-08-2020,active,PL,Active,Full-Time,Zone C,Full-Time,Production       ,Field Operations,Operator,Female,21299,Asian,Single,Fully Meets,2,3085,4,3,5,Technical Skills,External,Failed
2659,23-12-2019,05-Aug-23,BPC,Active,Part-Time,Zone B,Temporary,Production       ,Aerial,Foreman,Female,51176,Asian,Divorced,Fully Meets,1,3086,4,2,2,Communication Skills,Internal,Incomplete
2660,03-07-2023,active,CCDR,Active,Contract,Zone B,Part-Time,Production       ,Project Management - Con,Coordinator,Female,51274,Black,Married,Fully Meets,4,3087,4,3,4,Communication Skills,Internal,Passed
2661,26-09-2022,active,SVG,Active,Part-Time,Zone B,Part-Time,Production       ,Field Operations,Technician,Female,52777,Other,Married,Fully Meets,5,3088,5,3,5,Customer Service,External,Incomplete
2662,09-05-2020,25-Jul-23,EW,Active,Contract,Zone A,Temporary,Production       ,Field Operations,Laborer,Female,51728,Black,Single,Fully Meets,4,3089,5,3,5,Leadership Development,Internal,Failed
2663,08-03-2023,active,MSC,Active,Part-Time,Zone B,Part-Time,Production       ,Field Operations,Foreman,Male,54485,Black,Married,Fully Meets,5,3090,3,2,4,Technical Skills,Internal,Incomplete
2664,27-02-2019,31-Aug-20,TNS,Terminated,Contract,Zone B,Part-Time,Production       ,Billable Consultants,Technician,Male,6649,White,Single,Fully Meets,5,3091,2,2,4,Project Management,External,Completed
2665,12-01-2020,12-Jul-23,TNS,Active,Contract,Zone A,Full-Time,Production       ,Field Operations,Lineman,Female,48374,Other,Married,Fully Meets,2,3092,4,4,1,Leadership Development,Internal,Passed
2666,29-06-2019,10-Jan-21,PYZ,Active,Full-Time,Zone B,Full-Time,Production       ,Splicing,Labor,Female,31227,Asian,Divorced,Fully Meets,2,3093,3,4,5,Communication Skills,Internal,Passed
2667,15-07-2021,29-Sep-21,WBL,Active,Contract,Zone C,Full-Time,Production       ,Engineers,Engineer,Female,84169,Other,Widowed,Fully Meets,1,3094,2,3,1,Project Management,Internal,Failed
2668,19-08-2022,active,NEL,Active,Contract,Zone A,Part-Time,Production       ,Field Operations,Administrative,Female,69905,Other,Divorced,Fully Meets,4,3095,5,2,3,Communication Skills,Internal,Failed
2669,23-09-2019,09-Apr-23,PL,Terminated,Contract,Zone B,Part-Time,Production       ,Engineers,Technician,Female,59014,Hispanic,Single,Fully Meets,5,3096,1,3,2,Technical Skills,Internal,Failed
2670,11-10-2020,06-Jan-21,BPC,Terminated,Part-Time,Zone C,Temporary,Production       ,Project Management - Con,Administrator,Female,97514,White,Married,Fully Meets,4,3097,5,3,4,Project Management,Internal,Incomplete
2671,18-08-2021,active,CCDR,Active,Full-Time,Zone A,Full-Time,Production       ,Fielders,Technician,Male,20436,Black,Widowed,Fully Meets,4,3098,3,5,4,Leadership Development,External,Passed
2672,17-12-2022,active,CCDR,Active,Full-Time,Zone A,Temporary,Production       ,Fielders,Engineer,Male,44977,Black,Divorced,Exceeds,4,3099,5,4,4,Technical Skills,Internal,Passed
2673,25-10-2020,28-Dec-21,SVG,Active,Contract,Zone B,Temporary,Production       ,General - Con,Laborer,Female,58513,White,Single,Fully Meets,5,3100,1,5,2,Technical Skills,External,Incomplete
2674,23-01-2023,active,EW,Active,Full-Time,Zone B,Full-Time,Production       ,General - Con,Technician,Female,79029,Asian,Single,Fully Meets,2,3101,5,4,1,Technical Skills,Internal,Completed
2675,15-03-2019,03-Aug-22,MSC,Active,Full-Time,Zone C,Part-Time,Production       ,Field Operations,Laborer,Male,11092,Black,Widowed,Exceeds,2,3102,1,2,3,Customer Service,Internal,Incomplete
2676,06-07-2023,23-Jul-23,TNS,Active,Full-Time,Zone A,Part-Time,Production       ,Field Operations,Supervisor,Male,87665,Asian,Single,Fully Meets,4,3103,2,5,2,Technical Skills,External,Failed
2677,29-05-2022,active,PYZ,Active,Contract,Zone C,Part-Time,Production       ,General - Con,Technician,Female,71716,Black,Married,Fully Meets,2,3104,5,2,3,Project Management,Internal,Incomplete
2678,07-06-2020,09-Jul-22,WBL,Active,Full-Time,Zone B,Temporary,Production       ,Fielders,Engineer,Male,86764,Black,Married,Fully Meets,1,3105,2,1,2,Technical Skills,External,Failed
2679,21-03-2020,active,NEL,Active,Part-Time,Zone A,Temporary,Production       ,Field Operations,Warehouse Manager,Male,33599,Hispanic,Divorced,Fully Meets,4,3106,5,1,2,Communication Skills,External,Incomplete
2680,21-06-2021,11-Nov-22,PL,Active,Full-Time,Zone A,Temporary,Production       ,Wireline Construction,Operator,Female,5797,Black,Widowed,Fully Meets,4,3107,2,1,4,Leadership Development,Internal,Failed
2681,22-10-2021,12-May-22,BPC,Active,Full-Time,Zone B,Temporary,Production       ,General - Con,Laborer,Female,91007,Hispanic,Married,Fully Meets,2,3108,1,4,1,Customer Service,External,Completed
2682,20-10-2018,active,CCDR,Active,Full-Time,Zone A,Temporary,Production       ,Fielders,Engineer,Female,93749,White,Married,PIP,2,3109,1,2,1,Customer Service,External,Failed
2683,16-03-2022,active,SVG,Active,Contract,Zone C,Full-Time,Production       ,Wireline Construction,Apprentice,Female,51909,Hispanic,Single,Fully Meets,2,3110,1,2,1,Technical Skills,External,Completed
2684,13-12-2018,active,EW,Active,Part-Time,Zone B,Temporary,Production       ,Field Operations,Technician,Female,71638,Other,Divorced,Fully Meets,1,3111,2,5,2,Leadership Development,Internal,Incomplete
2685,08-10-2021,11-Aug-22,MSC,Terminated,Part-Time,Zone B,Full-Time,Production       ,Shop (Fleet),Mechanic,Male,85416,Asian,Single,Fully Meets,4,3112,5,2,3,Technical Skills,Internal,Passed
2686,03-02-2019,02-Apr-19,TNS,Active,Contract,Zone C,Full-Time,Production       ,Project Management - Con,Coordinator,Female,96092,White,Divorced,Fully Meets,4,3113,5,2,5,Leadership Development,Internal,Passed
2687,30-09-2018,active,PYZ,Active,Contract,Zone C,Full-Time,Production       ,Isp,Technician,Female,46346,Asian,Divorced,Fully Meets,2,3114,2,2,2,Technical Skills,Internal,Passed
2688,12-07-2021,17-Aug-21,WBL,Active,Contract,Zone A,Temporary,Production       ,Project Management - Con,Supervisor,Female,10137,Hispanic,Divorced,Fully Meets,4,3115,1,3,5,Technical Skills,Internal,Incomplete
2689,04-03-2021,active,NEL,Active,Part-Time,Zone B,Temporary,Production       ,Field Operations,Lineman,Female,97547,Hispanic,Married,Fully Meets,5,3116,2,1,4,Project Management,External,Failed
2690,27-10-2019,active,PL,Active,Part-Time,Zone C,Part-Time,Production       ,General - Sga,Lineman,Female,48509,White,Married,Fully Meets,2,3117,2,3,1,Communication Skills,External,Passed
2691,28-01-2019,14-Dec-20,BPC,Terminated,Part-Time,Zone A,Full-Time,Production       ,Catv,Technician,Female,48848,Black,Divorced,Fully Meets,2,3118,3,2,3,Technical Skills,External,Incomplete
2692,10-01-2021,active,NEL,Active,Part-Time,Zone C,Part-Time,Production       ,General - Con,Laborer,Male,71016,Other,Single,Fully Meets,5,3119,4,5,2,Leadership Development,External,Passed
2693,05-08-2021,02-Mar-23,PL,Active,Part-Time,Zone A,Full-Time,Production       ,Aerial,Lineman,Female,28645,Asian,Widowed,Fully Meets,4,3120,1,5,3,Project Management,External,Incomplete
2694,07-11-2022,02-Mar-23,PYZ,Active,Part-Time,Zone C,Full-Time,Production       ,Project Management - Con,Project Manager,Female,58015,Black,Single,Fully Meets,4,3121,4,1,3,Leadership Development,External,Failed
2695,23-01-2022,26-Jun-22,SVG,Active,Contract,Zone C,Part-Time,Production       ,Project Management - Con,Project Manager,Female,18652,White,Single,Fully Meets,5,3122,1,1,5,Customer Service,External,Completed
2696,12-07-2021,active,TNS,Active,Full-Time,Zone C,Part-Time,Production       ,Splicing,Project Manager,Male,94273,Hispanic,Married,Fully Meets,4,3123,5,2,2,Communication Skills,External,Failed
2697,05-01-2019,04-Nov-21,WBL,Active,Full-Time,Zone B,Part-Time,Production       ,Engineers,Technician,Female,97060,White,Single,Fully Meets,5,3124,2,4,2,Customer Service,External,Passed
2698,07-04-2020,21-Mar-21,PYZ,Active,Part-Time,Zone C,Part-Time,Production       ,Aerial,Laborer,Male,10433,Black,Divorced,Fully Meets,4,3125,3,5,4,Leadership Development,External,Passed
2699,27-04-2022,active,WBL,Active,Contract,Zone C,Full-Time,Production       ,Project Management - Con,Coordinator,Male,35212,Black,Divorced,Fully Meets,2,3126,4,5,1,Communication Skills,External,Passed
2700,14-06-2022,05-Dec-22,NEL,Active,Part-Time,Zone A,Part-Time,Production       ,Project Management - Con,Supervisor,Male,3213,White,Married,Fully Meets,2,3127,4,5,5,Project Management,External,Failed
2701,13-01-2019,active,PL,Active,Part-Time,Zone A,Temporary,Production       ,Field Operations,Technician,Female,7259,Black,Widowed,Fully Meets,2,3128,3,5,4,Communication Skills,Internal,Completed
2702,21-06-2019,active,BPC,Active,Full-Time,Zone A,Part-Time,Production       ,Underground,Laborer,Female,11631,Black,Widowed,Fully Meets,5,3129,4,2,4,Technical Skills,Internal,Incomplete
2703,10-08-2020,14-Jan-23,CCDR,Active,Part-Time,Zone A,Temporary,Production       ,Wireline Construction,Manager,Female,73890,Black,Widowed,Fully Meets,5,3130,4,3,3,Customer Service,Internal,Incomplete
2704,13-04-2021,11-Jun-22,SVG,Active,Contract,Zone C,Temporary,Production       ,Wireline Construction,Laborer,Female,28053,Hispanic,Single,Fully Meets,2,3131,3,2,5,Leadership Development,Internal,Completed
2705,27-04-2020,18-Oct-22,EW,Active,Full-Time,Zone A,Full-Time,Production       ,Field Operations,Laborer,Female,12694,Asian,Divorced,Fully Meets,4,3132,2,2,1,Communication Skills,Internal,Incomplete
2706,25-02-2022,02-Mar-22,MSC,Terminated,Contract,Zone C,Part-Time,Production       ,Project Management - Con,Coordinator,Male,83481,White,Married,Fully Meets,5,3133,1,5,1,Communication Skills,External,Incomplete
2707,06-12-2018,01-Dec-22,TNS,Active,Part-Time,Zone C,Full-Time,Production       ,Fielders,Engineer,Female,2140,Hispanic,Married,Exceeds,5,3134,3,2,1,Technical Skills,External,Completed
2708,12-03-2020,06-Jun-23,BPC,Active,Part-Time,Zone A,Temporary,Production       ,Project Management - Con,Administrative,Female,9790,White,Single,Fully Meets,4,3135,1,2,1,Communication Skills,Internal,Passed
2709,16-11-2022,active,CCDR,Active,Full-Time,Zone B,Full-Time,Production       ,Project Management - Con,Foreman,Female,52077,Hispanic,Married,Fully Meets,4,3136,5,3,5,Project Management,External,Failed
2710,09-12-2018,25-Jun-23,EW,Terminated,Contract,Zone B,Temporary,Production       ,Field Operations,Laborer,Female,50624,Other,Single,Fully Meets,2,3137,1,2,4,Technical Skills,External,Passed
2711,25-12-2022,08-Mar-23,MSC,Terminated,Contract,Zone A,Full-Time,Production       ,Field Operations,Laborer,Female,83438,Black,Single,Fully Meets,4,3138,5,3,1,Project Management,Internal,Failed
2712,19-11-2021,active,NEL,Active,Part-Time,Zone A,Temporary,Production       ,Field Operations,Technician,Female,29416,Asian,Single,Fully Meets,4,3139,3,2,1,Communication Skills,External,Completed
2713,01-03-2022,active,PL,Active,Contract,Zone C,Full-Time,Production       ,Catv,Laborer,Male,89284,Hispanic,Widowed,Fully Meets,5,3140,1,1,1,Technical Skills,External,Failed
2714,17-03-2021,active,BPC,Active,Full-Time,Zone B,Temporary,Production       ,Field Operations,Foreman,Male,9420,Black,Married,Exceeds,2,3141,3,1,4,Leadership Development,Internal,Incomplete
2715,10-02-2021,active,CCDR,Active,Full-Time,Zone B,Part-Time,Production       ,General - Con,Flagger,Female,49701,White,Single,Fully Meets,4,3142,4,5,1,Communication Skills,External,Incomplete
2716,28-09-2018,active,SVG,Active,Full-Time,Zone A,Temporary,Production       ,Aerial,Lineman,Female,32652,Black,Widowed,Fully Meets,2,3143,1,4,1,Project Management,Internal,Incomplete
2717,09-02-2021,active,EW,Active,Contract,Zone C,Part-Time,Production       ,Engineers,Engineer,Male,4496,Hispanic,Married,Exceeds,2,3144,3,4,3,Communication Skills,Internal,Passed
2718,27-09-2020,04-Mar-22,MSC,Active,Part-Time,Zone C,Temporary,Production       ,Field Operations,Driller,Male,59765,Asian,Divorced,Fully Meets,2,3145,1,2,1,Leadership Development,Internal,Passed
2719,16-12-2018,active,TNS,Active,Part-Time,Zone C,Temporary,Production       ,Project Management - Con,Coordinator,Female,19021,White,Widowed,Fully Meets,4,3146,5,1,1,Technical Skills,External,Passed
2720,17-07-2023,28-Jul-23,PYZ,Active,Contract,Zone B,Temporary,Production       ,General - Sga,Engineer,Male,48709,Hispanic,Divorced,Fully Meets,5,3147,2,2,5,Project Management,External,Completed
2721,28-05-2020,14-Dec-21,WBL,Active,Full-Time,Zone C,Temporary,Production       ,Aerial,Foreman,Male,76147,White,Single,Exceeds,2,3148,4,5,1,Communication Skills,External,Completed
2722,01-03-2021,05-Apr-23,NEL,Active,Full-Time,Zone A,Part-Time,Production       ,Field Operations,Laborer,Female,19987,Black,Single,Exceeds,2,3149,2,1,4,Customer Service,Internal,Failed
2723,12-02-2022,active,PL,Active,Full-Time,Zone C,Part-Time,Production       ,Aerial,Foreman,Female,11927,Asian,Widowed,Fully Meets,2,3150,3,2,2,Customer Service,External,Failed
2724,26-02-2022,active,BPC,Active,Part-Time,Zone C,Temporary,Production       ,Field Operations,Engineer,Female,81158,White,Widowed,Exceeds,4,3151,3,3,1,Project Management,Internal,Passed
2725,05-07-2022,28-Dec-22,CCDR,Active,Contract,Zone C,Temporary,Production       ,Field Operations,Laborer,Female,27163,Black,Widowed,Exceeds,5,3152,1,3,1,Communication Skills,Internal,Failed
2726,29-11-2019,11-Mar-22,SVG,Active,Part-Time,Zone A,Full-Time,Production       ,Field Operations,Technician,Female,96230,Other,Single,Fully Meets,4,3153,1,5,3,Communication Skills,External,Passed
2727,22-02-2019,active,EW,Active,Full-Time,Zone B,Temporary,Production       ,Engineers,Engineer,Female,75205,Black,Single,Fully Meets,2,3154,1,3,5,Customer Service,External,Passed
2728,16-07-2020,15-Feb-22,MSC,Terminated,Contract,Zone B,Temporary,Production       ,General - Con,Lineman,Male,56136,Black,Married,Fully Meets,2,3155,2,5,4,Communication Skills,External,Failed
2729,18-07-2019,19-Feb-20,MSC,Terminated,Contract,Zone B,Part-Time,Production       ,General - Con,Lineman,Female,65327,Black,Married,Fully Meets,5,3156,4,2,2,Communication Skills,External,Failed
2730,10-03-2019,16-Nov-21,TNS,Active,Contract,Zone A,Full-Time,Production       ,Billable Consultants,Engineer,Female,25266,White,Divorced,Exceeds,5,3157,4,1,3,Project Management,Internal,Incomplete
2731,30-05-2023,21-Jul-23,PYZ,Active,Part-Time,Zone A,Full-Time,Production       ,General - Sga,Director,Female,35824,Hispanic,Divorced,Exceeds,2,3158,1,1,3,Communication Skills,Internal,Passed
2732,23-08-2018,19-Jun-19,WBL,Active,Full-Time,Zone B,Part-Time,Production       ,Field Operations,Groundman,Female,24940,Asian,Married,Fully Meets,4,3159,1,1,2,Technical Skills,External,Failed
2733,06-03-2019,active,NEL,Active,Full-Time,Zone A,Part-Time,Production       ,Splicing,Splicer,Female,69293,Other,Single,Exceeds,4,3160,5,5,3,Leadership Development,Internal,Failed
2734,01-08-2023,02-Aug-23,PL,Terminated,Full-Time,Zone C,Full-Time,Production       ,General - Con,Laborer,Female,9346,Black,Divorced,Fully Meets,1,3161,1,5,4,Customer Service,External,Passed
2735,24-02-2020,24-Dec-20,BPC,Active,Part-Time,Zone A,Temporary,Production       ,Isp,Manager,Male,57257,White,Single,Fully Meets,5,3162,4,4,2,Technical Skills,Internal,Failed
2736,26-09-2019,active,PL,Active,Contract,Zone A,Full-Time,Production       ,Catv,Laborer,Male,57484,Black,Married,Fully Meets,4,3163,2,4,5,Project Management,Internal,Passed
2737,07-12-2022,08-Jun-23,BPC,Terminated,Full-Time,Zone C,Temporary,Production       ,Field Operations,Foreman,Female,89536,Other,Married,Fully Meets,5,3164,4,2,3,Project Management,External,Passed
2738,08-03-2019,08-Feb-21,CCDR,Active,Part-Time,Zone C,Full-Time,Production       ,Field Operations,Laborer,Female,38677,Black,Single,Fully Meets,2,3165,1,5,5,Leadership Development,External,Failed
2739,06-08-2019,27-Jul-22,SVG,Active,Part-Time,Zone A,Full-Time,Production       ,Field Operations,Laborer,Female,28796,White,Single,Exceeds,2,3166,2,4,1,Project Management,Internal,Incomplete
2740,19-06-2019,active,EW,Active,Full-Time,Zone B,Part-Time,Production       ,Splicing,Lineman,Male,2156,Other,Divorced,Exceeds,4,3167,5,2,1,Leadership Development,External,Passed
2741,08-02-2022,18-Jul-23,MSC,Active,Part-Time,Zone A,Full-Time,Production       ,Sales & Marketing,Assistant,Male,86333,Hispanic,Married,Fully Meets,2,3168,5,2,2,Leadership Development,External,Failed
2742,08-06-2019,29-Jan-21,TNS,Active,Part-Time,Zone B,Part-Time,Production       ,Aerial,Lineman,Female,17633,Other,Single,Exceeds,4,3169,3,2,3,Communication Skills,Internal,Completed
2743,28-01-2022,23-Jun-23,PYZ,Active,Full-Time,Zone C,Full-Time,Production       ,Field Operations,Technician,Male,16568,Asian,Married,Fully Meets,2,3170,1,3,2,Technical Skills,External,Failed
2744,26-08-2020,11-Aug-22,WBL,Active,Part-Time,Zone A,Part-Time,Production       ,Engineers,Engineer,Female,44233,White,Widowed,Fully Meets,5,3171,4,1,5,Leadership Development,External,Failed
2745,22-04-2019,active,NEL,Active,Contract,Zone C,Part-Time,Production       ,Shop (Fleet),Mechanic,Female,41155,Asian,Divorced,Fully Meets,4,3172,2,3,1,Customer Service,External,Failed
2746,21-12-2022,30-May-23,PL,Active,Contract,Zone A,Part-Time,Production       ,Billable Consultants,Engineer,Female,24597,Asian,Married,Fully Meets,1,3173,5,4,3,Communication Skills,External,Incomplete
2747,12-10-2022,03-Jul-23,BPC,Active,Full-Time,Zone C,Part-Time,Production       ,Catv,Foreman,Female,59255,Hispanic,Single,Fully Meets,5,3174,1,5,5,Communication Skills,External,Completed
2748,23-07-2023,01-Aug-23,CCDR,Active,Full-Time,Zone B,Full-Time,Production       ,Fielders,Engineer,Female,97410,Asian,Single,Fully Meets,1,3175,5,4,1,Technical Skills,External,Failed
2749,13-12-2018,23-Jun-20,SVG,Active,Full-Time,Zone A,Full-Time,Production       ,Project Management - Con,Coordinator,Female,42252,Other,Widowed,Exceeds,1,3176,5,3,5,Leadership Development,External,Passed
2750,30-09-2019,23-Jun-21,EW,Terminated,Full-Time,Zone A,Full-Time,Production       ,Project Management - Con,Coordinator,Female,48294,Asian,Single,Fully Meets,1,3177,3,4,2,Leadership Development,External,Incomplete
2751,24-01-2020,09-Jun-23,MSC,Terminated,Part-Time,Zone C,Part-Time,Production       ,Field Operations,Administrator,Female,45258,White,Married,PIP,1,3178,5,2,1,Communication Skills,Internal,Incomplete
2752,23-12-2020,17-Mar-21,TNS,Active,Full-Time,Zone C,Full-Time,Production       ,Field Operations,Lineman,Male,96822,Black,Divorced,Fully Meets,2,3179,5,2,1,Leadership Development,Internal,Passed
2753,07-06-2019,11-Jan-20,PYZ,Terminated,Full-Time,Zone B,Temporary,Production       ,Field Operations,Technician,Female,14828,Hispanic,Divorced,Fully Meets,4,3180,2,1,1,Project Management,External,Completed
2754,25-12-2019,14-Nov-21,WBL,Active,Contract,Zone C,Temporary,Production       ,General - Con,Foreman,Female,26328,Other,Single,Fully Meets,4,3181,5,4,1,Leadership Development,Internal,Incomplete
2755,26-01-2023,active,NEL,Active,Contract,Zone B,Temporary,Production       ,Field Operations,Technician,Female,55287,White,Married,PIP,2,3182,3,3,4,Technical Skills,Internal,Passed
2756,03-11-2022,03-Aug-23,PL,Terminated,Full-Time,Zone A,Temporary,Production       ,Engineers,Technician,Male,40809,Other,Single,PIP,3,3183,1,1,4,Customer Service,External,Completed
2757,13-05-2022,active,MSC,Active,Part-Time,Zone A,Full-Time,Production       ,Field Operations,Tower Hand,Female,9994,Hispanic,Single,PIP,5,3184,3,1,4,Technical Skills,Internal,Failed
2758,23-09-2020,15-Mar-23,NEL,Terminated,Contract,Zone C,Temporary,Production       ,Field Operations,Assistant,Female,91605,Other,Divorced,PIP,2,3185,5,4,5,Communication Skills,External,Passed
2759,29-08-2021,08-Nov-22,PL,Active,Part-Time,Zone A,Full-Time,Production       ,Aerial,Supervisor,Female,76162,Black,Divorced,Fully Meets,2,3186,5,2,3,Technical Skills,Internal,Failed
2760,13-12-2022,11-Jan-23,PYZ,Active,Contract,Zone C,Full-Time,Production       ,Wireline Construction,Project Manager,Female,13522,Black,Single,PIP,3,3187,4,2,2,Leadership Development,Internal,Completed
2761,06-11-2022,active,SVG,Active,Part-Time,Zone C,Part-Time,Production       ,Field Operations,Laborer,Male,2956,Hispanic,Divorced,Fully Meets,4,3188,5,2,4,Leadership Development,Internal,Incomplete
2762,04-08-2023,active,TNS,Active,Full-Time,Zone C,Temporary,Production       ,Project Management - Con,Project Manager,Female,46851,Asian,Married,PIP,1,3189,4,3,4,Leadership Development,Internal,Passed
2763,15-11-2020,active,WBL,Active,Contract,Zone C,Part-Time,Production       ,General - Con,Administration,Male,89125,White,Divorced,PIP,2,3190,4,5,5,Leadership Development,External,Passed
2764,06-07-2022,12-Aug-22,BPC,Active,Part-Time,Zone A,Part-Time,Production       ,Technology / It,Technician,Male,29435,Black,Married,Fully Meets,2,3191,1,2,2,Project Management,External,Incomplete
2765,21-04-2019,12-Jan-22,CCDR,Active,Full-Time,Zone A,Part-Time,Production       ,Aerial,Laborer,Female,26250,Black,Single,Fully Meets,3,3192,5,4,1,Technical Skills,Internal,Incomplete
2766,28-08-2021,active,EW,Active,Full-Time,Zone C,Temporary,Production       ,General - Con,Laborer,Female,67626,Black,Divorced,PIP,3,3193,1,1,5,Project Management,External,Completed
2767,25-03-2021,active,MSC,Active,Contract,Zone B,Full-Time,Production       ,Field Operations,Groundman,Female,46143,Asian,Divorced,Fully Meets,1,3194,2,5,5,Leadership Development,Internal,Passed
2768,16-07-2020,15-Oct-20,NEL,Active,Full-Time,Zone A,Full-Time,Production       ,General - Con,Technician,Female,70709,White,Divorced,Fully Meets,2,3195,5,4,1,Customer Service,External,Failed
2769,28-11-2018,14-Aug-21,PL,Active,Full-Time,Zone B,Temporary,Production       ,Engineers,Project Manager,Female,60139,Other,Divorced,Fully Meets,2,3196,3,3,1,Customer Service,Internal,Passed
2770,27-06-2019,active,PYZ,Active,Contract,Zone A,Full-Time,Production       ,General - Con,Lineman,Female,15469,Hispanic,Divorced,PIP,1,3197,5,5,2,Customer Service,Internal,Failed
2771,04-01-2023,active,SVG,Active,Contract,Zone A,Temporary,Production       ,General - Con,Laborer,Female,77690,Asian,Married,Fully Meets,2,3198,1,3,1,Communication Skills,Internal,Completed
2772,22-11-2018,active,BPC,Active,Full-Time,Zone B,Full-Time,Production       ,Engineers,Engineer,Female,1778,Hispanic,Married,Fully Meets,2,3199,1,4,4,Technical Skills,Internal,Incomplete
2773,08-01-2021,active,PL,Active,Part-Time,Zone B,Temporary,Production       ,Billable Consultants,Engineer,Male,2138,Asian,Married,Fully Meets,4,3200,5,1,3,Communication Skills,Internal,Completed
2774,18-11-2022,active,EW,Active,Part-Time,Zone A,Part-Time,Production       ,Aerial,Technician,Female,2043,Asian,Widowed,Fully Meets,4,3201,1,4,5,Leadership Development,Internal,Failed
2775,21-06-2020,23-Jun-23,WBL,Terminated,Contract,Zone A,Full-Time,Production       ,Engineers,Engineer,Female,1810,Other,Single,Fully Meets,4,3202,2,5,1,Customer Service,Internal,Passed
2776,19-01-2021,11-Sep-22,PYZ,Terminated,Contract,Zone C,Part-Time,Production       ,General - Sga,Administrator,Female,2343,White,Single,Fully Meets,4,3203,4,4,2,Project Management,External,Passed
2777,04-06-2023,active,BPC,Active,Contract,Zone C,Full-Time,Production       ,General - Sga,Administration,Male,2155,White,Single,Fully Meets,4,3204,4,1,1,Communication Skills,Internal,Passed
2778,13-08-2020,17-Sep-21,TNS,Active,Contract,Zone C,Part-Time,Production       ,Aerial,Lineman,Female,1864,Asian,Married,Fully Meets,4,3205,3,1,3,Customer Service,External,Incomplete
2779,06-09-2019,active,BPC,Active,Part-Time,Zone A,Part-Time,Production       ,Wireline Construction,Groundman,Male,2062,Hispanic,Divorced,Fully Meets,2,3206,2,4,4,Leadership Development,Internal,Passed
2780,27-03-2022,active,PYZ,Active,Full-Time,Zone C,Temporary,Production       ,Project Management - Con,Supervisor,Female,2152,White,Widowed,Fully Meets,5,3207,4,4,5,Technical Skills,External,Passed
2781,25-12-2020,08-Mar-23,CCDR,Terminated,Contract,Zone A,Temporary,Production       ,Field Operations,Operator,Male,2171,Hispanic,Divorced,Fully Meets,2,3208,5,1,3,Leadership Development,Internal,Passed
2782,24-04-2021,active,PL,Active,Contract,Zone A,Full-Time,Production       ,General - Con,Technician,Male,2458,Hispanic,Widowed,Fully Meets,5,3209,3,3,1,Project Management,Internal,Incomplete
2783,12-05-2020,active,WBL,Active,Full-Time,Zone A,Full-Time,Production       ,Aerial,Lineman,Female,2050,Hispanic,Divorced,Fully Meets,5,3210,3,5,1,Project Management,External,Failed
2784,23-05-2023,active,SVG,Active,Part-Time,Zone B,Part-Time,Production       ,General - Sga,Administrator,Female,1824,Other,Married,Fully Meets,2,3211,1,5,3,Customer Service,External,Incomplete
2785,27-12-2020,22-May-22,PYZ,Terminated,Full-Time,Zone C,Part-Time,Production       ,Field Operations,Foreman,Male,2126,Asian,Married,Fully Meets,5,3212,2,5,4,Customer Service,External,Failed
2786,17-11-2018,27-Dec-19,WBL,Active,Full-Time,Zone A,Part-Time,Production       ,Field Operations,Laborer,Male,1550,Hispanic,Widowed,Fully Meets,2,3213,2,5,1,Communication Skills,External,Passed
2787,16-07-2019,active,PYZ,Active,Part-Time,Zone B,Temporary,Production       ,General - Con,Laborer,Female,1742,Asian,Widowed,Fully Meets,2,3214,3,1,2,Project Management,Internal,Incomplete
2788,25-01-2020,active,SVG,Active,Contract,Zone A,Part-Time,Production       ,General - Sga,Administrator,Male,1810,White,Divorced,Fully Meets,3,3215,4,3,5,Communication Skills,External,Failed
2789,16-08-2021,active,MSC,Active,Part-Time,Zone A,Temporary,Production       ,Fielders,Engineer,Female,2474,Other,Divorced,Fully Meets,5,3216,1,4,3,Leadership Development,External,Passed
2790,20-01-2019,01-Oct-19,BPC,Terminated,Contract,Zone B,Full-Time,Production       ,General - Con,Technician,Female,1810,White,Single,Fully Meets,3,3217,1,2,1,Customer Service,External,Passed
2791,04-09-2018,active,SVG,Active,Full-Time,Zone C,Part-Time,Production       ,Field Operations,Laborer,Male,1880,Other,Widowed,Fully Meets,5,3218,2,2,5,Leadership Development,External,Incomplete
2792,20-09-2019,active,PL,Active,Full-Time,Zone B,Full-Time,Production       ,Executive,Administrator,Female,2126,Black,Widowed,Fully Meets,3,3219,3,3,4,Communication Skills,External,Passed
2793,24-07-2023,active,SVG,Active,Part-Time,Zone A,Full-Time,Production       ,Field Operations,Tower Hand,Female,2184,Other,Divorced,Fully Meets,1,3220,5,4,3,Technical Skills,Internal,Failed
2794,05-07-2023,active,PL,Active,Full-Time,Zone B,Temporary,Production       ,Wireline Construction,Foreman,Male,69598,Other,Single,Fully Meets,4,3221,1,3,5,Communication Skills,Internal,Failed
2795,11-01-2021,active,BPC,Active,Contract,Zone A,Part-Time,Production       ,Shop (Fleet),Manager,Female,28908,Hispanic,Married,Fully Meets,2,3222,2,5,1,Communication Skills,Internal,Completed
2796,06-11-2022,active,CCDR,Active,Full-Time,Zone A,Full-Time,Production       ,Splicing,Splicer,Female,35854,Asian,Single,Fully Meets,5,3223,4,4,2,Communication Skills,Internal,Incomplete
2797,03-04-2023,active,SVG,Active,Part-Time,Zone A,Part-Time,Production       ,People Services,Manager,Female,69030,White,Single,Fully Meets,5,3224,2,4,5,Project Management,External,Completed
2798,07-06-2021,23-Jun-23,EW,Active,Contract,Zone B,Part-Time,Production       ,General - Con,Foreman,Female,8088,White,Divorced,Fully Meets,3,3225,3,1,1,Communication Skills,Internal,Completed
2799,20-01-2019,active,MSC,Active,Contract,Zone B,Full-Time,Production       ,General - Eng,Technician,Female,50972,Black,Married,Fully Meets,4,3226,1,2,3,Leadership Development,External,Incomplete
2800,20-11-2021,06-Jun-22,TNS,Active,Contract,Zone A,Temporary,Production       ,Aerial,Groundman,Female,1013,Black,Widowed,Fully Meets,2,3227,3,5,2,Technical Skills,External,Incomplete
2801,27-05-2019,18-Aug-22,PYZ,Terminated,Full-Time,Zone C,Temporary,Production       ,Field Operations,Technician,Male,8223,Hispanic,Single,Fully Meets,2,3228,3,5,3,Customer Service,External,Passed
2802,18-12-2022,active,WBL,Active,Contract,Zone C,Temporary,Production       ,Engineers,Program Manager,Male,15997,Other,Widowed,Fully Meets,1,3229,4,3,4,Technical Skills,Internal,Incomplete
2803,13-05-2021,13-Jul-23,NEL,Active,Full-Time,Zone C,Full-Time,Production       ,Field Operations,Laborer,Female,55412,White,Single,Fully Meets,1,3230,4,3,1,Project Management,External,Completed
2804,24-05-2021,active,PL,Active,Full-Time,Zone C,Part-Time,Production       ,Shop (Fleet),Shop,Female,97872,White,Divorced,Exceeds,2,3231,5,3,3,Customer Service,External,Failed
2805,06-10-2021,19-May-22,BPC,Active,Part-Time,Zone B,Temporary,Production       ,General - Con,Laborer,Male,26785,Other,Divorced,Fully Meets,1,3232,5,2,3,Communication Skills,External,Failed
2806,22-08-2020,26-Aug-20,CCDR,Active,Contract,Zone C,Part-Time,Production       ,Engineers,Engineer,Male,14249,Asian,Widowed,Fully Meets,2,3233,5,3,1,Communication Skills,Internal,Incomplete
2807,23-08-2021,active,SVG,Active,Part-Time,Zone B,Temporary,Production       ,General - Con,Administration,Male,52819,Black,Widowed,Fully Meets,3,3234,1,3,4,Leadership Development,Internal,Completed
2808,23-12-2021,17-Oct-22,EW,Active,Contract,Zone C,Temporary,Production       ,Engineers,Engineer,Male,62173,Hispanic,Married,Fully Meets,2,3235,3,4,1,Project Management,Internal,Failed
2809,24-01-2022,27-Mar-22,NEL,Active,Contract,Zone C,Full-Time,Production       ,People Services,Cpo,Female,8702,Asian,Married,Fully Meets,5,3236,2,4,1,Communication Skills,Internal,Completed
2810,21-11-2022,active,PL,Active,Contract,Zone B,Temporary,Production       ,General - Eng,Drafter,Male,69369,White,Married,Fully Meets,4,3237,5,1,2,Leadership Development,Internal,Failed
2811,04-12-2018,01-Jul-22,PYZ,Terminated,Contract,Zone A,Part-Time,Production       ,Wireline Construction,Vp,Male,39455,Other,Divorced,Fully Meets,4,3238,5,3,5,Project Management,External,Incomplete
2812,02-06-2019,active,SVG,Active,Part-Time,Zone C,Temporary,Production       ,Field Operations,Operator,Male,74781,Black,Single,Fully Meets,3,3239,5,2,5,Leadership Development,External,Passed
2813,12-08-2018,05-Jul-19,TNS,Terminated,Full-Time,Zone C,Temporary,Production       ,Shop (Fleet),Shop,Female,60148,Asian,Married,Fully Meets,2,3240,2,5,4,Project Management,External,Passed
2814,15-05-2022,active,WBL,Active,Part-Time,Zone B,Full-Time,Production       ,General - Sga,Administrator,Female,56978,White,Divorced,Fully Meets,1,3241,1,5,3,Communication Skills,Internal,Completed
2815,23-11-2021,21-Apr-22,NEL,Terminated,Contract,Zone C,Full-Time,Production       ,Aerial,Lineman,Male,46927,Hispanic,Single,Fully Meets,3,3242,3,3,1,Communication Skills,Internal,Incomplete
2816,13-12-2020,active,PL,Active,Full-Time,Zone C,Full-Time,Production       ,Splicing,Technician,Male,63497,Hispanic,Married,Fully Meets,2,3243,2,3,1,Technical Skills,Internal,Completed
2817,28-07-2021,active,BPC,Active,Part-Time,Zone C,Temporary,Production       ,Shop (Fleet),Mechanic,Female,67772,Black,Divorced,Fully Meets,2,3244,2,1,1,Communication Skills,Internal,Failed
2818,07-06-2019,30-Dec-21,CCDR,Terminated,Full-Time,Zone A,Full-Time,Production       ,Field Operations,Laborer,Female,62905,Black,Married,Fully Meets,1,3245,3,5,2,Project Management,External,Incomplete
2819,12-06-2019,25-May-21,SVG,Terminated,Part-Time,Zone C,Part-Time,Production       ,Safety,Safety,Female,16673,White,Married,Fully Meets,4,3246,1,1,4,Technical Skills,Internal,Failed
2820,20-04-2023,06-Aug-23,EW,Active,Full-Time,Zone C,Part-Time,Production       ,General - Con,Operator,Female,85847,Black,Single,Fully Meets,3,3247,2,5,4,Communication Skills,Internal,Completed
2821,07-08-2018,19-Jul-23,MSC,Active,Contract,Zone B,Part-Time,Production       ,General - Con,Clerical,Female,27168,Hispanic,Single,Fully Meets,5,3248,4,3,3,Customer Service,External,Completed
2822,06-12-2018,active,TNS,Active,Contract,Zone C,Part-Time,Production       ,Underground,Laborer,Male,26745,Black,Single,Fully Meets,3,3249,3,2,5,Communication Skills,Internal,Failed
2823,25-03-2021,active,PYZ,Active,Full-Time,Zone B,Full-Time,Production       ,Project Management - Con,Supervisor,Male,25590,Asian,Married,Fully Meets,2,3250,1,1,3,Communication Skills,External,Completed
2824,15-02-2019,25-Apr-19,WBL,Terminated,Contract,Zone A,Part-Time,Production       ,Field Operations,Laborer,Male,36234,White,Divorced,Fully Meets,5,3251,5,1,2,Leadership Development,Internal,Completed
2825,14-03-2023,active,NEL,Active,Full-Time,Zone A,Part-Time,Production       ,Shop (Fleet),Mechanic,Female,29287,Black,Divorced,PIP,4,3252,1,3,1,Communication Skills,Internal,Incomplete
2826,01-09-2019,01-Jun-21,PL,Active,Part-Time,Zone A,Part-Time,Production       ,Field Operations,Technician,Female,46895,White,Single,Fully Meets,2,3253,1,3,1,Communication Skills,External,Failed
2827,23-02-2021,13-Jul-22,BPC,Active,Full-Time,Zone B,Temporary,Production       ,General - Sga,Administration,Male,25093,Other,Widowed,Fully Meets,3,3254,2,4,1,Leadership Development,External,Failed
2828,22-03-2023,active,CCDR,Active,Contract,Zone C,Part-Time,Production       ,Yard (Material Handling),Runner,Male,65332,Other,Widowed,Fully Meets,3,3255,1,4,1,Leadership Development,External,Incomplete
2829,24-01-2019,active,SVG,Active,Part-Time,Zone B,Part-Time,Production       ,General - Con,Flagger,Male,4750,Black,Divorced,Fully Meets,5,3256,4,1,4,Customer Service,External,Failed
2830,19-11-2020,active,PL,Active,Full-Time,Zone A,Full-Time,Production       ,Wireline Construction,Laborer,Female,89893,Other,Single,Fully Meets,3,3257,1,3,5,Project Management,External,Completed
2831,15-02-2023,active,BPC,Active,Part-Time,Zone B,Temporary,Production       ,Aerial,Foreman,Male,27959,White,Single,Fully Meets,2,3258,4,4,3,Leadership Development,Internal,Completed
2832,09-05-2022,10-Jun-22,CCDR,Terminated,Full-Time,Zone B,Full-Time,Production       ,Field Operations,Tower Hand,Male,71536,Hispanic,Single,Fully Meets,2,3259,5,2,1,Project Management,Internal,Failed
2833,06-10-2021,active,SVG,Active,Contract,Zone B,Temporary,Production       ,General - Con,Splicer,Male,86352,Hispanic,Single,Fully Meets,3,3260,5,2,1,Customer Service,External,Failed
2834,17-01-2021,25-Jun-23,EW,Active,Part-Time,Zone B,Temporary,Production       ,Field Operations,Administrative,Male,18868,Hispanic,Widowed,Fully Meets,4,3261,2,2,1,Project Management,External,Failed
2835,22-03-2022,active,MSC,Active,Full-Time,Zone A,Full-Time,Production       ,Catv,Laborer,Female,69534,Black,Divorced,PIP,4,3262,4,3,3,Communication Skills,Internal,Passed
2836,20-04-2022,30-Apr-23,NEL,Terminated,Full-Time,Zone A,Part-Time,Production       ,Engineers,Drafter,Male,41746,Asian,Single,PIP,2,3263,1,3,2,Project Management,Internal,Passed
2837,31-12-2021,10-May-23,PL,Terminated,Part-Time,Zone C,Part-Time,Production       ,General - Eng,Engineer,Male,16282,Asian,Married,Fully Meets,5,3264,1,4,3,Leadership Development,Internal,Failed
2838,31-10-2018,active,BPC,Active,Part-Time,Zone C,Full-Time,Production       ,Aerial,Groundman,Female,26076,Asian,Single,Fully Meets,1,3265,4,3,2,Customer Service,External,Failed
2839,24-07-2020,active,CCDR,Active,Contract,Zone A,Full-Time,Production       ,Wireline Construction,Laborer,Female,22339,Black,Married,Fully Meets,2,3266,1,2,3,Project Management,External,Incomplete
2840,12-12-2019,17-Jan-20,SVG,Active,Contract,Zone C,Part-Time,Production       ,Splicing,Laborer,Female,52402,Other,Single,Fully Meets,5,3267,1,5,2,Communication Skills,External,Incomplete
2841,22-06-2023,active,EW,Active,Contract,Zone A,Temporary,Production       ,Field Operations,Driver,Female,43825,Asian,Single,Fully Meets,2,3268,1,5,4,Project Management,Internal,Failed
2842,20-06-2021,active,MSC,Active,Full-Time,Zone C,Temporary,Production       ,Field Operations,Laborer,Male,92624,Asian,Married,Fully Meets,1,3269,1,5,2,Customer Service,Internal,Passed
2843,31-10-2019,active,TNS,Active,Full-Time,Zone B,Full-Time,Production       ,Splicing,Technician,Male,88948,Asian,Single,Fully Meets,2,3270,5,5,4,Leadership Development,External,Passed
2844,02-07-2019,26-Nov-22,PYZ,Terminated,Contract,Zone B,Part-Time,Production       ,Engineers,Engineer,Male,72709,Asian,Divorced,Fully Meets,3,3271,1,5,1,Technical Skills,External,Passed
2845,10-02-2023,active,WBL,Active,Contract,Zone C,Part-Time,Production       ,Aerial,Flagger,Male,38780,Other,Widowed,Fully Meets,3,3272,5,5,2,Leadership Development,External,Passed
2846,16-09-2022,active,NEL,Active,Full-Time,Zone A,Temporary,Production       ,People Services,Coordinator,Female,24573,Asian,Divorced,Fully Meets,4,3273,4,5,4,Technical Skills,Internal,Passed
2847,21-01-2020,29-Jul-20,PL,Active,Part-Time,Zone B,Full-Time,Production       ,Aerial,Foreman,Female,30214,Other,Divorced,PIP,3,3274,3,5,4,Customer Service,External,Failed
2848,16-11-2022,active,BPC,Active,Part-Time,Zone B,Temporary,Production       ,General - Con,Foreman,Male,66377,Other,Divorced,PIP,3,3275,1,2,3,Technical Skills,Internal,Incomplete
2849,25-01-2021,active,CCDR,Active,Contract,Zone A,Temporary,Production       ,Engineers,Project Manager,Male,83059,Asian,Divorced,Fully Meets,2,3276,2,2,4,Project Management,External,Completed
2850,16-06-2023,24-Jun-23,NEL,Active,Part-Time,Zone B,Temporary,Production       ,Aerial,Foreman,Female,86836,Hispanic,Married,Fully Meets,5,3277,3,2,3,Project Management,Internal,Passed
2851,08-09-2020,17-Oct-21,PL,Active,Contract,Zone A,Part-Time,Production       ,Field Operations,Laborer,Female,4862,Black,Married,Fully Meets,4,3278,1,4,4,Leadership Development,Internal,Failed
2852,23-01-2019,24-Nov-20,BPC,Active,Full-Time,Zone A,Full-Time,Production       ,Engineers,Project Manager,Male,53530,Black,Married,Fully Meets,5,3279,5,2,1,Technical Skills,Internal,Incomplete
2853,29-05-2023,23-Jul-23,CCDR,Terminated,Part-Time,Zone A,Temporary,Production       ,Project Management - Con,Manager,Male,59596,Other,Divorced,Fully Meets,5,3280,4,5,4,Project Management,External,Incomplete
2854,16-08-2019,active,SVG,Active,Contract,Zone B,Full-Time,Production       ,General - Con,Laborer,Male,65633,Hispanic,Divorced,Fully Meets,5,3281,4,4,4,Project Management,Internal,Passed
2855,04-06-2020,active,EW,Active,Full-Time,Zone B,Full-Time,Production       ,Wireline Construction,Lineman,Female,54457,Asian,Married,Fully Meets,3,3282,5,1,1,Project Management,External,Failed
2856,21-07-2020,active,MSC,Active,Contract,Zone B,Part-Time,Production       ,Wireline Construction,Lineman,Female,16989,Hispanic,Married,Fully Meets,3,3283,1,3,3,Communication Skills,Internal,Incomplete
2857,21-08-2022,29-Mar-23,EW,Terminated,Contract,Zone A,Part-Time,Production       ,Fielders,Technician,Male,22735,Other,Divorced,Fully Meets,2,3284,2,4,1,Technical Skills,External,Incomplete
2858,16-07-2021,12-Jun-23,MSC,Terminated,Contract,Zone B,Part-Time,Production       ,Wireline Construction,Laborer,Male,81424,Other,Single,PIP,4,3285,3,3,3,Project Management,External,Incomplete
2859,06-11-2019,active,NEL,Active,Full-Time,Zone C,Temporary,Production       ,Project Management - Con,Project Manager,Female,70949,White,Divorced,PIP,3,3286,3,1,4,Project Management,External,Completed
2860,01-01-2021,active,PL,Active,Part-Time,Zone A,Temporary,Production       ,General - Con,Laborer,Female,44442,Asian,Divorced,Fully Meets,1,3287,5,1,2,Project Management,Internal,Incomplete
2861,24-09-2019,active,PYZ,Active,Full-Time,Zone A,Temporary,Production       ,Field Operations,Foreman,Female,92307,White,Divorced,Fully Meets,2,3288,1,5,2,Customer Service,Internal,Failed
2862,17-05-2020,active,SVG,Active,Contract,Zone A,Full-Time,Production       ,General - Con,Groundman,Female,87752,White,Divorced,Fully Meets,4,3289,3,5,1,Customer Service,Internal,Completed
2863,07-08-2018,active,TNS,Active,Part-Time,Zone A,Full-Time,Production       ,Field Operations,Mechanic,Male,60198,Other,Single,Fully Meets,3,3290,1,1,2,Customer Service,External,Completed
2864,01-08-2023,active,WBL,Active,Contract,Zone C,Full-Time,Production       ,General - Con,Flagger,Male,50905,Hispanic,Married,Fully Meets,2,3291,1,1,3,Technical Skills,Internal,Completed
2865,12-01-2019,09-Jan-20,PYZ,Terminated,Part-Time,Zone C,Part-Time,Production       ,Field Operations,Engineer,Male,2769,Asian,Single,Fully Meets,4,3292,5,4,3,Leadership Development,Internal,Passed
2866,09-04-2021,29-Nov-22,WBL,Terminated,Contract,Zone C,Full-Time,Production       ,General - Con,Technician,Female,90732,Black,Married,Fully Meets,3,3293,5,3,4,Leadership Development,Internal,Incomplete
2867,04-06-2022,24-Dec-22,NEL,Active,Full-Time,Zone A,Temporary,Production       ,Aerial,Lineman,Female,12076,Other,Divorced,Fully Meets,3,3294,3,2,2,Communication Skills,External,Incomplete
2868,31-05-2019,active,PL,Active,Part-Time,Zone C,Full-Time,Production       ,Aerial,Groundman,Female,27767,Black,Divorced,Fully Meets,5,3295,1,2,1,Leadership Development,Internal,Passed
2869,07-01-2019,08-Oct-19,BPC,Active,Part-Time,Zone C,Full-Time,Production       ,Field Operations,Foreman,Male,24886,White,Married,PIP,2,3296,1,4,5,Communication Skills,Internal,Passed
2870,18-07-2020,20-Apr-21,CCDR,Active,Contract,Zone A,Temporary,Production       ,Field Operations,Engineer,Male,25813,Black,Married,Fully Meets,4,3297,2,3,3,Communication Skills,External,Incomplete
2871,19-11-2020,21-May-21,EW,Active,Full-Time,Zone A,Full-Time,Production       ,Field Operations,Technician,Female,88404,Hispanic,Widowed,Fully Meets,5,3298,3,4,4,Customer Service,Internal,Completed
2872,10-11-2022,active,MSC,Active,Part-Time,Zone A,Full-Time,Production       ,Wireline Construction,Supervisor,Male,51576,White,Widowed,Fully Meets,4,3299,4,1,2,Leadership Development,Internal,Incomplete
2873,25-03-2021,08-May-22,NEL,Active,Full-Time,Zone B,Part-Time,Production       ,Field Operations,Technician,Male,73771,White,Married,Fully Meets,2,3300,1,1,3,Leadership Development,External,Incomplete
2874,13-05-2019,13-Aug-22,PL,Terminated,Contract,Zone B,Full-Time,Production       ,Field Operations,Construction Manager,Male,65436,Black,Divorced,Fully Meets,1,3301,2,2,2,Customer Service,Internal,Incomplete
2875,07-06-2019,06-Nov-22,PYZ,Active,Full-Time,Zone A,Part-Time,Production       ,General - Con,Lineman,Female,77353,Hispanic,Married,Fully Meets,4,3302,5,1,2,Communication Skills,External,Incomplete
2876,18-02-2023,active,SVG,Active,Full-Time,Zone A,Part-Time,Production       ,Field Operations,Laborer,Female,49310,Black,Single,Fully Meets,3,3303,1,2,1,Customer Service,Internal,Incomplete
2877,02-04-2019,active,TNS,Active,Part-Time,Zone A,Temporary,Production       ,Wireline Construction,Foreman,Female,71443,Other,Single,Fully Meets,4,3304,2,4,2,Communication Skills,External,Incomplete
2878,30-11-2020,23-Oct-22,WBL,Terminated,Contract,Zone C,Part-Time,Production       ,Project Management - Con,Coordinator,Female,18362,Other,Widowed,Fully Meets,4,3305,5,4,5,Project Management,Internal,Completed
2879,24-09-2022,27-Oct-22,NEL,Terminated,Full-Time,Zone A,Temporary,Production       ,Field Operations,Laborer,Male,78658,White,Married,PIP,4,3306,3,5,1,Project Management,External,Incomplete
2880,21-06-2019,active,PL,Active,Full-Time,Zone C,Full-Time,Production       ,Executive,Vp,Male,96247,Asian,Married,Fully Meets,4,3307,2,4,1,Leadership Development,Internal,Passed
2881,10-06-2022,active,BPC,Active,Contract,Zone C,Temporary,Production       ,General - Sga,Administrative,Female,70865,Black,Married,Fully Meets,3,3308,1,3,2,Project Management,Internal,Passed
2882,18-10-2020,active,CCDR,Active,Part-Time,Zone B,Part-Time,Production       ,Finance & Accounting,Assistant,Female,24730,White,Single,Fully Meets,1,3309,2,3,5,Customer Service,External,Completed
2883,02-02-2022,04-Feb-23,SVG,Active,Part-Time,Zone B,Part-Time,Production       ,Executive,Vp,Female,53426,Asian,Married,Fully Meets,3,3310,4,5,5,Project Management,External,Incomplete
2884,17-06-2021,03-Dec-21,EW,Active,Contract,Zone A,Temporary,Production       ,Field Operations,Project Manager,Female,15819,Black,Widowed,Fully Meets,4,3311,5,2,1,Communication Skills,Internal,Passed
2885,01-12-2018,active,MSC,Active,Part-Time,Zone C,Temporary,Production       ,Engineers,Engineer,Male,27839,Hispanic,Married,Fully Meets,4,3312,3,1,4,Communication Skills,Internal,Failed
2886,09-05-2021,active,TNS,Active,Full-Time,Zone B,Full-Time,Production       ,Wireline Construction,Assistant,Male,36560,Hispanic,Married,Fully Meets,3,3313,1,2,2,Technical Skills,Internal,Failed
2887,01-01-2019,active,PYZ,Active,Part-Time,Zone A,Temporary,Production       ,General - Eng,Project Manager,Male,19525,Other,Widowed,Fully Meets,4,3314,1,4,1,Customer Service,External,Incomplete
2888,13-10-2018,18-Mar-20,WBL,Terminated,Full-Time,Zone C,Temporary,Production       ,Field Operations,Locator,Female,85181,Other,Widowed,Fully Meets,3,3315,5,3,4,Leadership Development,Internal,Incomplete
2889,25-04-2020,13-Dec-22,NEL,Active,Part-Time,Zone C,Full-Time,Production       ,Catv,Lineman,Female,37802,Hispanic,Widowed,Fully Meets,3,3316,2,1,2,Communication Skills,Internal,Failed
2890,17-03-2022,active,PL,Active,Part-Time,Zone C,Full-Time,Production       ,Finance & Accounting,Specialist,Female,90537,Other,Single,Fully Meets,3,3317,1,5,5,Customer Service,External,Passed
2891,18-11-2019,10-Feb-22,BPC,Active,Part-Time,Zone A,Full-Time,Production       ,People Services,Administrator,Male,61532,White,Divorced,Fully Meets,3,3318,4,3,3,Leadership Development,Internal,Incomplete
2892,09-10-2019,active,NEL,Active,Full-Time,Zone B,Temporary,Production       ,Field Operations,Laborer,Female,34874,Hispanic,Married,Fully Meets,3,3319,5,3,4,Technical Skills,Internal,Completed
2893,18-05-2020,active,PL,Active,Part-Time,Zone A,Part-Time,Production       ,General - Con,Foreman,Male,31303,Other,Divorced,Fully Meets,5,3320,1,4,4,Project Management,Internal,Completed
2894,17-02-2019,active,BPC,Active,Contract,Zone B,Full-Time,Production       ,Engineers,Technician,Male,37576,White,Single,Fully Meets,2,3321,4,1,3,Project Management,Internal,Passed
2895,31-07-2020,27-Sep-22,CCDR,Terminated,Part-Time,Zone B,Full-Time,Production       ,Aerial,Lineman,Male,25557,White,Single,Fully Meets,4,3322,2,5,4,Communication Skills,External,Failed
2896,17-06-2023,13-Jul-23,SVG,Active,Full-Time,Zone C,Temporary,Production       ,Project Management - Con,Laborer,Female,27946,Black,Married,Fully Meets,4,3323,5,3,5,Communication Skills,External,Incomplete
2897,30-06-2019,24-Jul-22,EW,Active,Part-Time,Zone A,Part-Time,Production       ,Splicing,Splicer,Female,11516,Black,Divorced,PIP,3,3324,3,2,5,Technical Skills,External,Failed
2898,13-07-2021,11-Mar-22,MSC,Terminated,Contract,Zone A,Part-Time,Production       ,Field Operations,Technician,Female,19512,White,Single,Fully Meets,3,3325,4,5,5,Technical Skills,External,Completed
2899,14-01-2022,active,PYZ,Active,Contract,Zone A,Temporary,Production       ,General - Con,Laborer,Male,20146,Hispanic,Divorced,Fully Meets,3,3326,4,1,3,Project Management,Internal,Completed
2900,01-01-2020,active,WBL,Active,Contract,Zone C,Full-Time,Production       ,Fielders,Technician,Female,91044,Hispanic,Widowed,Fully Meets,1,3327,5,1,1,Customer Service,Internal,Incomplete
2901,24-10-2020,11-Apr-23,NEL,Terminated,Part-Time,Zone A,Full-Time,Production       ,Engineers,Engineer,Male,24046,White,Married,Fully Meets,3,3328,2,5,4,Technical Skills,Internal,Failed
2902,24-10-2020,active,PL,Active,Part-Time,Zone B,Full-Time,Production       ,General - Sga,Coordinator,Male,90483,Hispanic,Divorced,Fully Meets,4,3329,4,4,3,Customer Service,External,Incomplete
2903,09-08-2020,active,BPC,Active,Part-Time,Zone C,Part-Time,Production       ,Fielders,Engineer,Female,83923,White,Divorced,Fully Meets,4,3330,1,3,3,Project Management,External,Incomplete
2904,24-03-2019,16-Oct-20,CCDR,Active,Full-Time,Zone A,Part-Time,Production       ,Field Operations,Technician,Female,6014,Other,Single,Fully Meets,2,3331,1,5,5,Communication Skills,Internal,Passed
2905,29-10-2022,active,SVG,Active,Part-Time,Zone B,Temporary,Production       ,Wireline Construction,Driver,Female,34868,Other,Widowed,Fully Meets,3,3332,2,4,5,Technical Skills,Internal,Completed
2906,16-05-2023,active,EW,Active,Contract,Zone B,Temporary,Production       ,Field Operations,Administrative,Male,45740,Hispanic,Single,Fully Meets,3,3333,2,3,1,Customer Service,Internal,Passed
2907,30-05-2023,active,MSC,Active,Part-Time,Zone B,Part-Time,Production       ,Project Management - Con,Drafter,Male,46494,White,Single,Fully Meets,3,3334,1,4,2,Project Management,External,Completed
2908,28-06-2019,16-Dec-21,TNS,Terminated,Part-Time,Zone B,Temporary,Production       ,Field Operations,Driller,Male,38014,Other,Divorced,Fully Meets,3,3335,5,1,3,Project Management,Internal,Incomplete
2909,25-03-2023,17-May-23,PYZ,Terminated,Contract,Zone A,Part-Time,Production       ,General - Con,Coordinator,Male,75099,Asian,Divorced,Fully Meets,3,3336,4,4,2,Leadership Development,Internal,Incomplete
2910,26-08-2022,active,WBL,Active,Full-Time,Zone A,Part-Time,Production       ,Engineers,Project Manager,Female,12948,Black,Single,Fully Meets,3,3337,5,5,2,Customer Service,Internal,Failed
2911,15-11-2019,active,NEL,Active,Contract,Zone C,Temporary,Production       ,General - Con,Laborer,Female,67665,Hispanic,Divorced,Fully Meets,3,3338,3,2,4,Project Management,External,Incomplete
2912,22-08-2021,active,PL,Active,Part-Time,Zone C,Part-Time,Production       ,Technology / It,Engineer,Male,50557,Hispanic,Divorced,Fully Meets,5,3339,1,1,3,Customer Service,External,Failed
2913,29-11-2022,active,BPC,Active,Part-Time,Zone A,Full-Time,Production       ,General - Con,Technician,Male,87065,White,Married,Fully Meets,3,3340,5,2,3,Technical Skills,External,Failed
2914,15-10-2022,25-Jan-23,WBL,Active,Full-Time,Zone C,Temporary,Production       ,General - Con,Splicer,Female,78768,White,Single,Fully Meets,1,3341,3,5,3,Technical Skills,Internal,Failed
2915,31-07-2021,active,NEL,Active,Full-Time,Zone C,Part-Time,Production       ,Aerial,Lineman,Male,35072,Other,Widowed,Fully Meets,2,3342,3,4,1,Leadership Development,Internal,Failed
2916,21-02-2022,26-May-23,PL,Active,Part-Time,Zone A,Full-Time,Production       ,Field Operations,Mechanic,Male,87930,Hispanic,Married,Fully Meets,4,3343,4,2,5,Technical Skills,External,Failed
2917,29-08-2021,active,BPC,Active,Contract,Zone B,Temporary,Production       ,General - Con,Lineman,Male,71735,White,Married,Fully Meets,3,3344,5,4,1,Communication Skills,Internal,Failed
2918,13-12-2021,29-Jan-23,CCDR,Terminated,Full-Time,Zone C,Part-Time,Production       ,Project Management - Con,Director,Male,66521,Asian,Single,Fully Meets,4,3345,1,1,3,Project Management,External,Incomplete
2919,30-03-2021,12-Feb-22,SVG,Active,Part-Time,Zone B,Temporary,Production       ,Yard (Material Handling),Lineman,Female,47048,Other,Divorced,Fully Meets,2,3346,5,3,2,Leadership Development,Internal,Incomplete
2920,02-02-2021,13-May-22,EW,Active,Contract,Zone C,Temporary,Production       ,Catv,Operator,Female,17960,Hispanic,Divorced,Fully Meets,3,3347,4,2,1,Technical Skills,External,Incomplete
2921,31-10-2019,active,MSC,Active,Part-Time,Zone A,Part-Time,Production       ,General - Con,Laborer,Female,42857,Asian,Widowed,Fully Meets,2,3348,5,2,1,Project Management,Internal,Passed
2922,07-11-2022,active,WBL,Active,Contract,Zone A,Full-Time,Production       ,General - Eng,Drafter,Male,85935,Hispanic,Divorced,Fully Meets,3,3349,1,4,3,Project Management,Internal,Incomplete
2923,20-11-2022,active,BPC,Active,Full-Time,Zone B,Part-Time,Production       ,Project Management - Con,Technician,Female,41824,Hispanic,Divorced,Fully Meets,5,3350,2,1,1,Project Management,Internal,Passed
2924,15-12-2021,06-Apr-22,CCDR,Terminated,Contract,Zone C,Part-Time,Production       ,Shop (Fleet),Warehouse,Male,57006,Hispanic,Married,Fully Meets,2,3351,4,2,3,Communication Skills,External,Incomplete
2925,22-02-2023,active,EW,Active,Part-Time,Zone B,Full-Time,Production       ,Field Operations,Groundman,Male,82003,Other,Single,Fully Meets,3,3352,2,5,2,Project Management,Internal,Failed
2926,29-03-2020,active,MSC,Active,Contract,Zone B,Part-Time,Production       ,General - Con,Lineman,Female,62032,Hispanic,Married,Fully Meets,3,3353,2,3,2,Project Management,External,Incomplete
2927,09-08-2021,16-Jun-23,NEL,Active,Part-Time,Zone A,Temporary,Production       ,Field Operations,Laborer,Female,14400,Asian,Single,Fully Meets,3,3354,1,4,1,Communication Skills,Internal,Incomplete
2928,02-01-2023,18-Jun-23,PL,Active,Contract,Zone B,Part-Time,Production       ,Aerial,Technician,Female,34876,White,Divorced,Fully Meets,5,3355,1,3,3,Leadership Development,Internal,Passed
2929,10-11-2018,active,PYZ,Active,Full-Time,Zone C,Part-Time,Production       ,General - Eng,Technician,Female,34856,Asian,Married,Needs Improvement,3,3356,2,5,1,Leadership Development,External,Completed
2930,30-08-2022,active,SVG,Active,Full-Time,Zone B,Temporary,Production       ,Engineers,Director,Male,78039,Asian,Married,Exceeds,1,3357,3,3,1,Technical Skills,Internal,Failed
2931,30-07-2021,03-Dec-22,TNS,Active,Full-Time,Zone A,Part-Time,Production       ,Field Operations,Laborer,Male,67062,Black,Divorced,Fully Meets,3,3358,1,1,2,Customer Service,External,Failed
2932,29-11-2020,active,WBL,Active,Full-Time,Zone C,Temporary,Production       ,Field Operations,Laborer,Male,30982,Hispanic,Married,Exceeds,3,3359,3,1,3,Project Management,External,Passed
2933,24-03-2021,active,BPC,Active,Part-Time,Zone A,Part-Time,Production       ,General - Con,Safety,Female,4369,Asian,Married,Exceeds,2,3360,4,4,1,Customer Service,External,Passed
2934,29-12-2020,23-Feb-22,CCDR,Terminated,Part-Time,Zone B,Temporary,Production       ,General - Con,Technician,Female,65806,Other,Single,Exceeds,3,3361,1,3,3,Communication Skills,External,Passed
2935,02-08-2021,active,EW,Active,Full-Time,Zone C,Temporary,Production       ,Field Operations,Laborer,Female,90552,Asian,Widowed,Exceeds,1,3362,1,5,1,Customer Service,Internal,Passed
2936,30-03-2022,active,MSC,Active,Part-Time,Zone A,Temporary,Production       ,Field Operations,Laborer,Male,31018,Black,Married,Exceeds,5,3363,4,4,2,Customer Service,External,Completed
2937,05-03-2021,07-Sep-21,WBL,Active,Part-Time,Zone A,Temporary,Production       ,Engineers,Technician,Female,42754,Hispanic,Single,Exceeds,3,3364,1,5,2,Leadership Development,Internal,Completed
2938,02-12-2020,active,NEL,Active,Contract,Zone B,Temporary,Production       ,Project Management - Con,Laborer,Male,24571,Asian,Divorced,Fully Meets,3,3365,1,1,4,Communication Skills,External,Incomplete
2939,20-01-2019,18-Jan-20,PL,Terminated,Contract,Zone C,Full-Time,Production       ,General - Con,Project Manager,Male,74701,Black,Widowed,Exceeds,4,3366,4,5,5,Project Management,External,Passed
2940,30-05-2020,01-Feb-22,BPC,Terminated,Full-Time,Zone B,Full-Time,Production       ,Field Operations,Laborer,Male,35065,Other,Single,Exceeds,2,3367,4,1,5,Leadership Development,Internal,Passed
2941,14-11-2019,14-May-23,CCDR,Active,Part-Time,Zone B,Part-Time,Production       ,Field Operations,Apprentice,Male,61176,Black,Married,Exceeds,5,3368,5,1,4,Leadership Development,Internal,Incomplete
2942,27-07-2022,24-Mar-23,SVG,Active,Part-Time,Zone A,Temporary,Production       ,General - Con,Locator,Female,22374,Other,Single,Exceeds,2,3369,2,5,4,Project Management,Internal,Completed
2943,20-06-2022,active,EW,Active,Contract,Zone C,Temporary,Production       ,General - Con,Laborer,Female,57215,Asian,Widowed,Exceeds,3,3370,3,5,3,Customer Service,External,Completed
2944,20-12-2022,22-Mar-23,MSC,Terminated,Full-Time,Zone A,Full-Time,Production       ,Wireless,Manager,Female,5985,Hispanic,Married,Exceeds,3,3371,4,2,5,Communication Skills,Internal,Passed
2945,14-01-2023,14-Mar-23,TNS,Terminated,Contract,Zone C,Part-Time,Production       ,Project Management - Con,Manager,Female,94040,Asian,Divorced,Fully Meets,4,3372,1,3,1,Technical Skills,External,Passed
2946,22-09-2018,active,PYZ,Active,Contract,Zone A,Temporary,Production       ,Aerial,Foreman,Male,35546,Other,Married,Exceeds,2,3373,2,4,4,Customer Service,External,Incomplete
2947,24-09-2022,10-Mar-23,WBL,Terminated,Part-Time,Zone A,Temporary,Production       ,Field Operations,Laborer,Male,33903,Hispanic,Divorced,Exceeds,4,3374,1,3,3,Communication Skills,Internal,Completed
2948,08-06-2020,13-Jul-21,NEL,Terminated,Full-Time,Zone B,Full-Time,Production       ,Engineers,Program Manager,Female,58194,Black,Divorced,Exceeds,3,3375,2,4,3,Technical Skills,Internal,Failed
2949,06-07-2023,active,PL,Active,Part-Time,Zone B,Temporary,Production       ,Field Operations,Technician,Female,7445,Asian,Single,Exceeds,5,3376,4,1,2,Project Management,External,Incomplete
2950,24-02-2020,13-May-23,BPC,Active,Part-Time,Zone A,Temporary,Production       ,Splicing,Foreman,Female,52336,Asian,Widowed,Exceeds,4,3377,3,5,3,Communication Skills,Internal,Completed
2951,26-05-2021,active,CCDR,Active,Contract,Zone B,Temporary,Production       ,General - Con,Technician,Female,53521,White,Single,Exceeds,3,3378,5,1,4,Technical Skills,External,Passed
2952,09-04-2023,14-Jun-23,SVG,Active,Contract,Zone C,Part-Time,Production       ,Technology / It,Helpdesk,Female,48347,Hispanic,Married,Exceeds,4,3379,2,1,4,Technical Skills,Internal,Failed
2953,27-06-2023,active,EW,Active,Full-Time,Zone C,Temporary,Production       ,Field Operations,Technician,Male,9268,Black,Widowed,Exceeds,1,3380,4,3,2,Technical Skills,Internal,Incomplete
2954,20-12-2022,active,MSC,Active,Contract,Zone C,Part-Time,Production       ,Field Operations,Foreman,Male,20032,White,Single,Exceeds,3,3381,1,5,2,Customer Service,Internal,Incomplete
2955,10-11-2018,active,TNS,Active,Part-Time,Zone C,Temporary,Production       ,Field Operations,Administrator,Male,59153,Other,Divorced,Exceeds,5,3382,3,5,5,Project Management,Internal,Failed
2956,13-08-2020,02-Oct-20,PYZ,Terminated,Part-Time,Zone C,Part-Time,Production       ,General - Con,Splicer,Female,20389,Hispanic,Divorced,Exceeds,2,3383,3,2,3,Leadership Development,Internal,Failed
2957,07-03-2019,active,WBL,Active,Full-Time,Zone C,Full-Time,Production       ,Field Operations,Operator,Female,26286,Hispanic,Married,Fully Meets,3,3384,2,1,2,Leadership Development,Internal,Passed
2958,13-03-2022,active,NEL,Active,Part-Time,Zone A,Full-Time,Production       ,General - Con,Technician,Female,85739,Other,Divorced,Fully Meets,3,3385,2,1,4,Technical Skills,External,Failed
2959,25-11-2019,28-Jan-21,WBL,Active,Contract,Zone C,Temporary,Production       ,General - Con,Laborer,Female,45331,Hispanic,Widowed,Fully Meets,2,3386,2,1,5,Leadership Development,External,Incomplete
2960,06-03-2019,active,NEL,Active,Full-Time,Zone C,Full-Time,Production       ,General - Sga,Supervisor,Male,46093,Other,Widowed,Fully Meets,3,3387,1,3,4,Technical Skills,Internal,Completed
2961,19-04-2019,active,PL,Active,Part-Time,Zone A,Temporary,Production       ,Fielders,Technician,Male,48911,Black,Divorced,Fully Meets,1,3388,3,1,3,Leadership Development,External,Failed
2962,12-08-2020,active,BPC,Active,Full-Time,Zone C,Temporary,Production       ,Field Operations,Laborer,Male,18226,Asian,Married,Fully Meets,1,3389,2,3,1,Project Management,External,Completed
2963,21-10-2022,05-Jan-23,CCDR,Active,Part-Time,Zone B,Temporary,Production       ,Billable Consultants,Engineer,Female,90024,Hispanic,Married,Fully Meets,1,3390,2,4,2,Leadership Development,Internal,Failed
2964,13-01-2020,active,SVG,Active,Part-Time,Zone C,Full-Time,Production       ,General - Sga,Project Manager,Female,2225,Black,Divorced,Fully Meets,3,3391,4,3,1,Communication Skills,Internal,Incomplete
2965,18-11-2019,22-Sep-21,EW,Terminated,Full-Time,Zone B,Full-Time,Production       ,General - Con,Technician,Female,14864,Other,Single,Fully Meets,2,3392,3,4,2,Technical Skills,External,Completed
2966,25-08-2018,active,BPC,Active,Contract,Zone B,Full-Time,Production       ,General - Con,Flagger,Female,33532,Hispanic,Married,Needs Improvement,3,3393,3,4,4,Leadership Development,External,Passed
2967,24-05-2021,active,WBL,Active,Contract,Zone B,Temporary,Production       ,Field Operations,Technician,Male,37566,Black,Divorced,Fully Meets,2,3394,1,5,5,Leadership Development,External,Incomplete
2968,09-06-2021,13-Jan-22,TNS,Terminated,Part-Time,Zone A,Part-Time,Production       ,Field Operations,Driver,Female,88306,Other,Widowed,Needs Improvement,3,3395,4,4,3,Communication Skills,Internal,Failed
2969,05-04-2021,29-Nov-21,SVG,Terminated,Part-Time,Zone B,Full-Time,Production       ,General - Con,Foreman,Female,49024,Asian,Married,Fully Meets,4,3396,4,3,3,Leadership Development,External,Passed
2970,05-11-2022,active,PYZ,Active,Part-Time,Zone A,Part-Time,Production       ,Field Operations,Driller,Female,41302,Asian,Single,Fully Meets,3,3397,3,3,2,Project Management,Internal,Incomplete
2971,09-11-2019,03-Sep-22,PL,Active,Part-Time,Zone A,Full-Time,Production       ,General - Con,Technician,Female,63776,Other,Single,Fully Meets,3,3398,5,2,1,Project Management,External,Passed
2972,05-06-2022,01-Jun-23,NEL,Active,Full-Time,Zone B,Full-Time,Production       ,Aerial,Lineman,Female,16715,White,Widowed,Fully Meets,2,3399,4,4,5,Leadership Development,External,Failed
2973,21-09-2021,active,MSC,Active,Full-Time,Zone C,Temporary,Production       ,Shop (Fleet),Mechanic,Female,90974,Black,Divorced,Fully Meets,1,3400,2,5,3,Leadership Development,External,Passed
2974,10-11-2021,04-Jun-23,EW,Active,Contract,Zone A,Full-Time,Production       ,Field Operations,Laborer,Male,3403,Hispanic,Married,Fully Meets,1,3401,4,4,1,Project Management,Internal,Passed
2975,03-03-2021,12-Apr-22,CCDR,Terminated,Part-Time,Zone C,Full-Time,Production       ,Field Operations,Engineer,Male,22662,Black,Single,Fully Meets,3,3402,1,4,4,Customer Service,External,Incomplete
2976,19-02-2021,15-Nov-22,BPC,Terminated,Contract,Zone A,Full-Time,Production       ,Field Operations,Laborer,Female,66066,Asian,Married,Exceeds,3,3403,4,4,3,Communication Skills,External,Completed
2977,25-04-2019,11-Nov-22,PYZ,Active,Part-Time,Zone C,Full-Time,Production       ,Field Operations,Driller,Female,58775,Other,Divorced,Fully Meets,2,3404,4,1,1,Customer Service,Internal,Incomplete
2978,13-01-2020,21-Oct-22,WBL,Active,Contract,Zone B,Full-Time,Production       ,Field Operations,Engineer,Female,12351,White,Single,Fully Meets,1,3405,2,1,1,Customer Service,External,Completed
2979,25-03-2020,26-Apr-23,NEL,Terminated,Contract,Zone C,Temporary,Production       ,Finance & Accounting,Administration,Female,24805,Other,Single,Fully Meets,5,3406,5,5,4,Customer Service,Internal,Incomplete
2980,15-04-2021,11-May-23,WBL,Active,Part-Time,Zone C,Temporary,Production       ,Field Operations,Construction Manager,Female,18000,Asian,Single,Fully Meets,5,3407,1,3,5,Leadership Development,External,Incomplete
2981,15-12-2022,25-Apr-23,NEL,Terminated,Contract,Zone B,Full-Time,Production       ,Field Operations,Supervisor,Male,67579,Asian,Divorced,Fully Meets,3,3408,2,2,4,Leadership Development,External,Failed
2982,08-10-2022,04-Feb-23,PL,Active,Contract,Zone B,Full-Time,Production       ,Yard (Material Handling),Laborer,Male,82704,Asian,Divorced,Fully Meets,4,3409,5,5,4,Technical Skills,Internal,Failed
2983,18-12-2018,active,BPC,Active,Contract,Zone C,Temporary,Production       ,People Services,Manager,Male,41572,Hispanic,Widowed,Fully Meets,3,3410,4,3,4,Leadership Development,External,Failed
2984,06-10-2022,active,CCDR,Active,Full-Time,Zone B,Part-Time,Production       ,General - Eng,Administrative,Female,24028,Asian,Single,Fully Meets,2,3411,2,3,2,Customer Service,Internal,Incomplete
2985,28-12-2019,active,SVG,Active,Part-Time,Zone A,Full-Time,Production       ,Shop (Fleet),Mechanic,Female,68155,White,Divorced,Exceeds,3,3412,5,4,4,Leadership Development,External,Incomplete
2986,25-11-2019,active,EW,Active,Contract,Zone B,Temporary,Production       ,Field Operations,Laborer,Female,74549,White,Single,Fully Meets,5,3413,1,2,5,Customer Service,External,Passed
2987,03-06-2022,active,MSC,Active,Contract,Zone C,Temporary,Production       ,General - Con,Foreman,Female,44418,Hispanic,Married,Exceeds,3,3414,5,2,4,Project Management,External,Incomplete
2988,09-09-2022,16-Mar-23,TNS,Terminated,Full-Time,Zone A,Part-Time,Production       ,Splicing,Driver,Male,23971,Hispanic,Widowed,Fully Meets,3,3415,2,5,1,Leadership Development,Internal,Completed
2989,02-10-2020,active,BPC,Active,Full-Time,Zone B,Part-Time,Production       ,Finance & Accounting,Director,Male,46381,Asian,Married,Fully Meets,2,3416,1,2,1,Leadership Development,External,Incomplete
2990,07-02-2022,active,CCDR,Active,Part-Time,Zone A,Part-Time,Production       ,Splicing,Splicer,Female,71282,Other,Widowed,Fully Meets,1,3417,2,5,5,Project Management,External,Incomplete
2991,14-10-2022,active,EW,Active,Part-Time,Zone B,Temporary,Production       ,General - Con,Coordinator,Female,40277,Asian,Widowed,Fully Meets,4,3418,5,3,4,Technical Skills,Internal,Completed
2992,14-10-2019,active,MSC,Active,Contract,Zone C,Temporary,Production       ,General - Con,Foreman,Female,39578,Black,Divorced,Fully Meets,2,3419,2,5,2,Project Management,External,Passed
2993,10-10-2020,05-Aug-22,NEL,Active,Contract,Zone A,Full-Time,Production       ,Field Operations,Laborer,Female,18079,Other,Married,Fully Meets,2,3420,2,3,3,Project Management,External,Passed
2994,09-05-2022,08-Sep-22,PL,Active,Part-Time,Zone A,Part-Time,Production       ,Wireless,Foreman,Female,57340,Other,Divorced,Fully Meets,1,3421,5,4,2,Customer Service,External,Passed
2995,22-06-2022,07-Aug-22,PYZ,Active,Part-Time,Zone C,Part-Time,Production       ,Engineers,Model Assistant,Female,44500,Other,Widowed,Fully Meets,3,3422,1,1,3,Communication Skills,Internal,Failed
2996,28-12-2020,active,SVG,Active,Part-Time,Zone A,Full-Time,Production       ,Engineers,Engineer,Male,35444,Black,Widowed,Fully Meets,3,3423,4,5,3,Technical Skills,External,Completed
2997,09-12-2020,04-Aug-22,TNS,Terminated,Contract,Zone B,Temporary,Production       ,Wireline Construction,Laborer,Male,6608,White,Single,Fully Meets,2,3424,2,4,5,Project Management,Internal,Completed
2998,28-05-2019,23-Oct-21,WBL,Terminated,Contract,Zone B,Full-Time,Production       ,Aerial,Foreman,Female,3807,Hispanic,Divorced,Fully Meets,2,3425,5,2,3,Technical Skills,External,Completed
2999,27-04-2022,active,BPC,Active,Full-Time,Zone B,Temporary,Production       ,Field Operations,Warehouse Technician,Female,57487,White,Married,Fully Meets,2,3426,1,3,2,Leadership Development,Internal,Failed
3000,12-08-2018,13-Jun-22,MSC,Active,Part-Time,Zone B,Part-Time,IT/IS,Wireless,Laborer,Female,58630,White,Divorced,PIP,4,2228,3,2,2,Technical Skills,External,Passed
3001,18-02-2022,active,BPC,Active,Full-Time,Zone B,Full-Time,Production       ,Aerial,Lineman,Female,12740,Black,Divorced,Needs Improvement,3,1617,5,1,2,Leadership Development,Internal,Completed
3002,04-08-2022,active,PYZ,Active,Contract,Zone C,Temporary,IT/IS,Field Operations,Driller,Female,47299,Other,Married,Fully Meets,4,2244,4,2,1,Leadership Development,Internal,Passed
3003,22-07-2021,active,SVG,Active,Full-Time,Zone A,Full-Time,Production       ,General - Eng,Drafter,Male,65321,Asian,Single,Fully Meets,3,3678,3,4,4,Customer Service,Internal,Incomplete
3004,19-08-2021,25-May-23,TNS,Terminated,Part-Time,Zone A,Full-Time,Production       ,Finance & Accounting,Intern,Male,6449,Hispanic,Widowed,Fully Meets,4,2932,4,4,3,Communication Skills,External,Completed
3005,09-08-2020,06-Nov-22,MSC,Active,Part-Time,Zone C,Temporary,Production       ,General - Eng,Technician,Female,53393,Other,Married,Fully Meets,3,1544,5,1,5,Communication Skills,Internal,Passed
3006,08-07-2019,active,TNS,Active,Part-Time,Zone A,Temporary,Production       ,Aerial,Laborer,Female,4188,White,Widowed,Exceeds,3,1838,2,1,1,Communication Skills,External,Incomplete
3007,18-10-2022,10-Jan-23,CCDR,Active,Contract,Zone B,Part-Time,Software Engineering,Finance & Accounting,Svp,Female,61856,Black,Divorced,Fully Meets,4,2540,3,4,4,Project Management,Internal,Failed
3008,02-01-2019,06-Dec-22,NEL,Active,Part-Time,Zone B,Part-Time,IT/IS,Yard (Material Handling),Associate,Male,45952,Hispanic,Divorced,Fully Meets,3,3835,5,3,1,Customer Service,External,Failed
3009,04-10-2022,active,NEL,Active,Part-Time,Zone C,Full-Time,Production       ,Field Operations,Laborer,Female,88958,Asian,Single,Fully Meets,1,3006,3,5,2,Communication Skills,External,Passed
3010,16-06-2020,13-Aug-21,WBL,Active,Part-Time,Zone C,Full-Time,Sales,Field Operations,Technician,Male,47652,Black,Married,Fully Meets,1,2681,3,3,3,Leadership Development,Internal,Completed
3011,02-08-2022,02-Apr-23,NEL,Active,Contract,Zone A,Part-Time,Sales,Project Management - Con,Technician,Female,96336,Hispanic,Widowed,Fully Meets,2,3479,4,4,4,Communication Skills,Internal,Passed
3012,28-03-2019,17-Oct-20,PL,Terminated,Contract,Zone A,Part-Time,Software Engineering,Field Operations,Laborer,Male,30139,Black,Married,Fully Meets,3,1071,1,2,2,Communication Skills,Internal,Completed
3013,25-04-2023,15-Jun-23,SVG,Active,Part-Time,Zone C,Full-Time,Production       ,General - Con,Laborer,Female,46637,Asian,Single,Needs Improvement,5,2190,5,2,3,Technical Skills,Internal,Completed
3014,19-01-2021,11-Sep-22,PYZ,Terminated,Contract,Zone C,Part-Time,Production       ,General - Sga,Administrator,Female,2343,White,Single,Fully Meets,4,3203,4,4,2,Project Management,External,Passed
3015,14-01-2019,active,WBL,Active,Part-Time,Zone B,Temporary,Admin Offices,Engineers,Engineer,Male,93156,White,Single,Fully Meets,3,1327,5,3,4,Leadership Development,Internal,Passed
3016,13-05-2019,active,SVG,Active,Part-Time,Zone B,Part-Time,Production       ,Field Operations,Tower Hand,Female,92438,Hispanic,Divorced,Fully Meets,3,1500,1,4,4,Technical Skills,Internal,Passed
3017,07-03-2021,31-Aug-21,BPC,Active,Contract,Zone B,Part-Time,IT/IS,Engineers,Engineer,Female,88656,Other,Divorced,Fully Meets,3,3899,4,5,4,Customer Service,Internal,Failed
3018,08-03-2019,08-Feb-21,CCDR,Active,Part-Time,Zone C,Full-Time,Production       ,Field Operations,Laborer,Female,38677,Black,Single,Fully Meets,2,3165,1,5,5,Leadership Development,External,Failed
3019,01-12-2019,active,SVG,Active,Part-Time,Zone C,Part-Time,Production       ,General - Con,Flagger,Female,2109,Other,Married,Fully Meets,5,2973,1,3,3,Technical Skills,Internal,Failed
3020,29-02-2020,active,CCDR,Active,Part-Time,Zone C,Temporary,Sales,Field Operations,Foreman,Male,64350,Asian,Married,Fully Meets,4,3471,2,4,1,Customer Service,External,Passed
3021,31-07-2022,18-Feb-23,SVG,Terminated,Full-Time,Zone A,Full-Time,Production       ,General - Con,Laborer,Female,5569,Black,Married,Fully Meets,1,3716,5,3,3,Project Management,Internal,Incomplete
3022,01-04-2021,14-Aug-22,CCDR,Active,Contract,Zone B,Temporary,IT/IS,Wireline Construction,Foreman,Male,47635,Hispanic,Widowed,Fully Meets,3,1339,1,3,2,Customer Service,Internal,Incomplete
3023,25-11-2019,24-Feb-23,MSC,Active,Contract,Zone C,Temporary,Software Engineering,Aerial,Lineman,Male,87866,Asian,Single,Fully Meets,1,2510,2,2,2,Customer Service,Internal,Completed
3024,06-04-2019,15-Aug-20,BPC,Active,Contract,Zone B,Temporary,Production       ,Engineers,Engineer,Male,76007,Hispanic,Divorced,Fully Meets,3,1787,2,5,3,Project Management,Internal,Passed
3025,31-07-2020,27-Sep-22,CCDR,Terminated,Part-Time,Zone B,Full-Time,Production       ,Aerial,Lineman,Male,25557,White,Single,Fully Meets,4,3322,2,5,4,Communication Skills,External,Failed
3026,05-07-2022,03-Jan-23,PYZ,Active,Full-Time,Zone C,Part-Time,Production       ,Wireline Construction,Laborer,Female,51064,White,Single,Fully Meets,1,3030,2,2,5,Technical Skills,Internal,Passed
3027,06-11-2018,26-Dec-19,EW,Active,Part-Time,Zone B,Temporary,IT/IS,Field Operations,Foreman,Male,63435,Hispanic,Married,Fully Meets,3,1653,2,4,5,Technical Skills,External,Incomplete
3028,29-04-2022,16-Jul-22,BPC,Terminated,Full-Time,Zone A,Temporary,Production       ,Wireline Construction,Laborer,Male,46742,Asian,Married,Fully Meets,3,3723,2,1,4,Communication Skills,Internal,Completed
3029,10-07-2023,active,CCDR,Active,Part-Time,Zone C,Part-Time,Admin Offices,Aerial,Laborer,Male,35842,Black,Single,Fully Meets,3,1668,2,1,3,Customer Service,External,Failed
3030,18-07-2019,active,PYZ,Active,Contract,Zone A,Part-Time,Production       ,Project Management - Con,Administration,Male,96784,White,Married,Exceeds,3,1432,4,3,4,Communication Skills,Internal,Completed
3031,13-11-2019,active,NEL,Active,Part-Time,Zone C,Full-Time,Production       ,Field Operations,Laborer,Female,36134,Asian,Widowed,Fully Meets,3,2092,1,2,3,Communication Skills,External,Completed
3032,14-11-2020,01-Nov-21,BPC,Terminated,Full-Time,Zone C,Full-Time,Production       ,Isp,Manager,Female,38596,White,Widowed,Fully Meets,3,1173,5,5,2,Customer Service,Internal,Passed
3033,08-09-2020,17-Oct-21,PL,Active,Contract,Zone A,Part-Time,Production       ,Field Operations,Laborer,Female,4862,Black,Married,Fully Meets,4,3278,1,4,4,Leadership Development,Internal,Failed
3034,25-05-2021,22-Oct-21,MSC,Terminated,Contract,Zone C,Temporary,Production       ,Field Operations,Driver,Female,52357,Other,Married,Fully Meets,4,3718,1,1,3,Communication Skills,Internal,Completed
3035,17-08-2019,25-Oct-19,NEL,Active,Contract,Zone A,Part-Time,Production       ,Wireline Construction,Laborer,Female,59862,Black,Single,Fully Meets,3,1208,5,1,5,Leadership Development,Internal,Passed
3036,17-03-2021,08-Sep-22,SVG,Active,Part-Time,Zone A,Full-Time,IT/IS,Field Operations,Technician,Female,30960,Asian,Divorced,Fully Meets,2,2571,3,3,5,Technical Skills,Internal,Failed
3037,16-02-2021,active,EW,Active,Full-Time,Zone A,Full-Time,Production       ,Project Management - Eng,Planner,Female,27488,Other,Married,Fully Meets,4,3749,1,3,3,Technical Skills,External,Passed
3038,07-04-2019,09-Jul-23,SVG,Active,Contract,Zone B,Part-Time,Production       ,Aerial,Lineman,Male,36808,Asian,Widowed,Fully Meets,1,3725,4,3,3,Customer Service,External,Failed
3039,30-05-2021,active,PL,Active,Contract,Zone A,Part-Time,IT/IS,Field Operations,Technician,Male,55738,Black,Divorced,Fully Meets,3,1725,2,4,5,Customer Service,External,Completed
3040,28-11-2018,active,WBL,Active,Contract,Zone A,Full-Time,Production       ,Wireless,Laborer,Male,15586,White,Married,Fully Meets,2,3621,2,3,2,Leadership Development,External,Passed
3041,11-02-2019,active,MSC,Active,Part-Time,Zone A,Part-Time,Sales,General - Sga,Director,Female,37965,Hispanic,Divorced,Fully Meets,2,3490,5,3,2,Technical Skills,Internal,Failed
3042,11-08-2018,21-May-21,EW,Active,Contract,Zone C,Full-Time,IT/IS,General - Con,Foreman,Female,1773,Other,Divorced,Fully Meets,3,3820,1,3,4,Project Management,External,Incomplete
3043,27-09-2021,05-Feb-23,MSC,Terminated,Full-Time,Zone C,Part-Time,Production       ,Field Operations,Laborer,Female,76772,White,Married,Fully Meets,3,1154,1,3,2,Customer Service,Internal,Incomplete
3044,04-02-2023,24-Jun-23,SVG,Active,Part-Time,Zone B,Part-Time,Production       ,Catv,Laborer,Female,71663,Hispanic,Married,Fully Meets,3,2010,4,4,4,Communication Skills,Internal,Passed
3045,14-04-2021,active,NEL,Active,Part-Time,Zone A,Temporary,Production       ,Aerial,Supervisor,Female,2110,White,Widowed,Fully Meets,3,1974,4,1,3,Project Management,Internal,Incomplete
3046,06-12-2021,active,NEL,Active,Part-Time,Zone C,Temporary,Production       ,Field Operations,Laborer,Male,87984,Other,Widowed,Fully Meets,1,2852,2,1,2,Communication Skills,Internal,Incomplete
3047,28-04-2019,active,BPC,Active,Part-Time,Zone A,Part-Time,Sales,General - Con,Lineman,Male,89139,Asian,Widowed,Exceeds,4,3441,4,2,5,Project Management,Internal,Passed
3048,18-02-2022,active,BPC,Active,Part-Time,Zone B,Temporary,Production       ,Engineers,Engineer,Male,14098,Other,Married,Fully Meets,4,2994,5,5,3,Project Management,External,Incomplete
3049,22-05-2019,active,EW,Active,Part-Time,Zone A,Full-Time,Production       ,Fielders,Engineer,Female,42458,Black,Single,Fully Meets,3,2027,3,1,3,Technical Skills,External,Incomplete
3050,02-12-2021,25-Apr-22,WBL,Active,Full-Time,Zone C,Part-Time,Production       ,Splicing,Splicer,Male,4704,White,Married,Fully Meets,3,1517,4,5,3,Customer Service,External,Passed
3051,14-09-2019,active,BPC,Active,Full-Time,Zone C,Part-Time,IT/IS,Wireline Construction,Groundman,Female,95322,Hispanic,Single,Fully Meets,5,2538,5,4,5,Leadership Development,External,Passed
3052,23-02-2019,active,MSC,Active,Contract,Zone B,Full-Time,Production       ,Field Operations,Laborer,Male,81819,Other,Widowed,Fully Meets,5,3630,5,3,2,Technical Skills,Internal,Failed
3053,03-09-2020,active,WBL,Active,Full-Time,Zone B,Part-Time,Production       ,General - Con,Foreman,Female,60312,White,Single,Fully Meets,4,2845,3,4,2,Customer Service,External,Completed
3054,20-05-2021,active,BPC,Active,Full-Time,Zone C,Part-Time,Production       ,Field Operations,Laborer,Female,1851,Asian,Widowed,Needs Improvement,4,3579,5,3,3,Communication Skills,External,Failed
3055,24-10-2020,11-Apr-23,NEL,Terminated,Part-Time,Zone A,Full-Time,Production       ,Engineers,Engineer,Male,24046,White,Married,Fully Meets,3,3328,2,5,4,Technical Skills,Internal,Failed
3056,31-03-2022,14-Jun-22,PL,Active,Full-Time,Zone A,Temporary,Production       ,Field Operations,Laborer,Male,67173,Hispanic,Widowed,Fully Meets,3,1786,4,2,1,Communication Skills,External,Completed
3057,12-12-2020,active,PL,Active,Full-Time,Zone B,Part-Time,Production       ,Field Operations,Laborer,Female,75258,White,Widowed,Fully Meets,3,1199,3,3,3,Leadership Development,External,Passed
3058,07-06-2020,09-Jul-22,WBL,Active,Full-Time,Zone B,Temporary,Production       ,Fielders,Engineer,Male,86764,Black,Married,Fully Meets,1,3105,2,1,2,Technical Skills,External,Failed
3059,08-12-2022,active,SVG,Active,Full-Time,Zone C,Part-Time,Production       ,Executive,Director,Male,76607,White,Divorced,Exceeds,3,1428,3,5,2,Technical Skills,Internal,Failed
3060,24-09-2020,active,TNS,Active,Contract,Zone B,Full-Time,Production       ,Shop (Fleet),Shop,Male,66792,Hispanic,Married,Fully Meets,3,1145,3,3,4,Technical Skills,Internal,Incomplete
3061,22-08-2019,25-Mar-22,EW,Terminated,Part-Time,Zone B,Part-Time,Software Engineering,Finance & Accounting,Administrative,Female,46407,Other,Widowed,Fully Meets,3,1039,2,4,5,Customer Service,External,Passed
3062,23-08-2022,active,MSC,Active,Contract,Zone A,Full-Time,Production       ,Yard (Material Handling),Laborer,Female,82774,Black,Divorced,Fully Meets,3,1269,1,2,4,Customer Service,External,Passed
3063,20-05-2019,30-Aug-20,SVG,Active,Part-Time,Zone B,Temporary,Production       ,Project Management - Con,Field Project Manager,Female,13727,White,Married,Exceeds,2,3693,3,1,1,Project Management,External,Completed
3064,17-09-2018,09-Jan-19,WBL,Active,Full-Time,Zone C,Temporary,Sales,Wireline Construction,Groundman,Female,45149,Hispanic,Married,Fully Meets,2,3478,3,4,1,Technical Skills,External,Incomplete
3065,30-08-2021,22-Mar-22,TNS,Active,Contract,Zone A,Part-Time,IT/IS,Aerial,Director,Male,2134,Asian,Single,Needs Improvement,3,1622,1,5,5,Communication Skills,Internal,Passed
3066,24-05-2023,21-Jul-23,MSC,Active,Full-Time,Zone B,Part-Time,IT/IS,General - Con,Foreman,Male,3758,Asian,Widowed,Fully Meets,3,1697,1,5,2,Leadership Development,External,Passed
3067,09-01-2023,14-Mar-23,MSC,Active,Contract,Zone B,Temporary,Production       ,Field Operations,Supervisor,Female,36065,Black,Single,Fully Meets,3,1918,3,5,5,Communication Skills,Internal,Incomplete
3068,17-11-2021,active,CCDR,Active,Contract,Zone C,Temporary,Production       ,Project Management - Con,Engineer,Female,9141,White,Widowed,Fully Meets,3,2009,5,2,2,Customer Service,Internal,Incomplete
3069,03-02-2023,29-May-23,MSC,Terminated,Contract,Zone C,Full-Time,IT/IS,Aerial,Foreman,Male,2747,Hispanic,Married,Fully Meets,3,3948,4,4,2,Leadership Development,External,Passed
3070,20-08-2020,active,TNS,Active,Part-Time,Zone A,Full-Time,Production       ,Splicing,Splicer,Female,12265,Asian,Married,Exceeds,5,2121,4,1,3,Project Management,Internal,Passed
3071,08-03-2023,active,MSC,Active,Part-Time,Zone B,Part-Time,Production       ,Field Operations,Foreman,Male,54485,Black,Married,Fully Meets,5,3090,3,2,4,Technical Skills,Internal,Incomplete
3072,23-07-2023,01-Aug-23,CCDR,Active,Full-Time,Zone B,Full-Time,Production       ,Fielders,Engineer,Female,97410,Asian,Single,Fully Meets,1,3175,5,4,1,Technical Skills,External,Failed
3073,25-06-2022,active,EW,Active,Part-Time,Zone C,Full-Time,Production       ,Field Operations,Technician,Male,85605,Asian,Single,Fully Meets,1,2348,4,4,2,Technical Skills,Internal,Passed
3074,03-01-2020,24-Aug-20,SVG,Active,Part-Time,Zone C,Full-Time,Sales,Field Operations,Top Hand,Male,67282,Hispanic,Single,Fully Meets,2,3529,2,3,4,Project Management,Internal,Incomplete
3075,16-11-2021,26-Aug-22,MSC,Active,Contract,Zone C,Part-Time,Production       ,General - Con,Technician,Female,35632,White,Married,Fully Meets,3,1122,2,1,2,Communication Skills,Internal,Passed
3076,26-08-2018,active,PYZ,Active,Full-Time,Zone B,Full-Time,Production       ,Aerial,Lineman,Male,2301,White,Divorced,Fully Meets,2,2759,3,1,3,Project Management,Internal,Incomplete
3077,26-02-2022,active,BPC,Active,Part-Time,Zone C,Temporary,Production       ,Field Operations,Engineer,Female,81158,White,Widowed,Exceeds,4,3151,3,3,1,Project Management,Internal,Passed
3078,05-08-2023,active,PL,Active,Contract,Zone C,Temporary,Sales,Engineers,Engineer,Female,8797,Other,Married,Fully Meets,5,2699,1,1,5,Technical Skills,External,Incomplete
3079,28-03-2019,active,WBL,Active,Full-Time,Zone C,Part-Time,Production       ,Field Operations,Laborer,Female,45022,Hispanic,Single,Needs Improvement,1,2909,2,4,4,Technical Skills,Internal,Passed
3080,28-04-2020,01-Dec-22,PYZ,Active,Full-Time,Zone C,Full-Time,IT/IS,Executive,Ceo,Male,42997,Hispanic,Divorced,Fully Meets,1,2269,5,5,1,Technical Skills,Internal,Incomplete
3081,29-04-2021,10-Jun-22,WBL,Active,Contract,Zone B,Full-Time,IT/IS,General - Eng,Administrative,Male,77019,White,Married,Fully Meets,2,2257,4,3,5,Customer Service,External,Incomplete
3082,11-11-2022,03-Jul-23,EW,Terminated,Part-Time,Zone A,Part-Time,Production       ,Yard (Material Handling),Coordinator,Female,91837,Asian,Single,Fully Meets,3,1221,5,5,3,Customer Service,Internal,Passed
3083,10-09-2018,08-Jun-23,SVG,Active,Part-Time,Zone B,Temporary,IT/IS,Fielders,Engineer,Female,70092,Hispanic,Widowed,Fully Meets,2,2247,3,4,4,Communication Skills,External,Incomplete
3084,04-06-2021,11-Feb-22,BPC,Active,Part-Time,Zone B,Temporary,IT/IS,Yard (Material Handling),Shop,Female,7404,White,Divorced,Fully Meets,4,2428,2,5,5,Customer Service,External,Passed
3085,07-07-2022,17-Jul-23,NEL,Terminated,Part-Time,Zone C,Full-Time,Production       ,Field Operations,Engineer,Female,1886,White,Widowed,Fully Meets,4,3571,4,1,5,Project Management,External,Completed
3086,05-07-2019,active,PYZ,Active,Contract,Zone C,Full-Time,Production       ,General - Eng,Technician,Female,16292,Black,Widowed,Fully Meets,4,2952,5,3,2,Communication Skills,Internal,Completed
3087,09-01-2020,active,MSC,Active,Full-Time,Zone A,Temporary,Production       ,Finance & Accounting,Director,Female,74346,White,Widowed,Fully Meets,3,1757,5,4,5,Technical Skills,Internal,Incomplete
3088,15-02-2020,20-Oct-20,PL,Terminated,Full-Time,Zone A,Part-Time,Production       ,Project Management - Con,Technician,Female,84227,Other,Widowed,Exceeds,4,2904,4,2,4,Technical Skills,External,Failed
3089,10-06-2022,active,BPC,Active,Contract,Zone C,Temporary,Production       ,General - Sga,Administrative,Female,70865,Black,Married,Fully Meets,3,3308,1,3,2,Project Management,Internal,Passed
3090,06-04-2019,active,SVG,Active,Full-Time,Zone C,Part-Time,Production       ,General - Con,Laborer,Male,96739,Other,Married,Fully Meets,1,3748,4,1,3,Customer Service,Internal,Failed
3091,30-03-2020,21-Jul-23,MSC,Active,Full-Time,Zone A,Full-Time,IT/IS,Shop (Fleet),Mechanic,Male,34107,Other,Divorced,Fully Meets,3,1688,1,4,5,Project Management,Internal,Completed
3092,06-04-2019,active,PL,Active,Contract,Zone B,Temporary,Production       ,General - Con,Foreman,Male,6774,Hispanic,Married,Fully Meets,5,2841,2,2,2,Customer Service,Internal,Completed
3093,07-11-2021,active,NEL,Active,Full-Time,Zone C,Temporary,IT/IS,General - Eng,Coordinator,Male,74846,Hispanic,Married,Fully Meets,3,1696,4,4,1,Project Management,Internal,Completed
3094,28-02-2020,active,PL,Active,Part-Time,Zone B,Full-Time,Production       ,Engineers,Program Manager,Female,31571,Hispanic,Married,Exceeds,5,2187,2,1,5,Communication Skills,Internal,Completed
3095,16-07-2023,30-Jul-23,EW,Active,Full-Time,Zone C,Full-Time,IT/IS,Engineers,Engineer,Female,21480,Asian,Single,Fully Meets,3,3843,3,5,5,Technical Skills,External,Passed
3096,11-02-2019,30-Jul-20,PYZ,Active,Part-Time,Zone A,Temporary,Production       ,Yard (Material Handling),Coordinator,Male,93290,Asian,Divorced,Fully Meets,1,3058,4,1,1,Leadership Development,Internal,Completed
3097,09-02-2022,active,WBL,Active,Part-Time,Zone A,Part-Time,Sales,Aerial,Laborer,Male,91638,Other,Married,Fully Meets,5,2718,3,5,5,Project Management,Internal,Incomplete
3098,21-11-2022,active,BPC,Active,Part-Time,Zone B,Full-Time,Production       ,Wireline Construction,Billing,Female,75187,White,Married,Fully Meets,5,3601,1,1,2,Project Management,External,Completed
3099,07-10-2020,active,WBL,Active,Part-Time,Zone C,Temporary,Production       ,Engineers,Project Manager,Female,70069,White,Widowed,Exceeds,2,2152,3,1,4,Communication Skills,External,Completed
3100,16-04-2019,05-Aug-22,EW,Active,Full-Time,Zone C,Full-Time,Admin Offices,Wireline Construction,Clerk,Female,27947,Other,Widowed,Fully Meets,2,2602,5,5,2,Leadership Development,Internal,Failed
3101,15-01-2023,active,SVG,Active,Contract,Zone C,Full-Time,Sales,Project Management - Con,Director,Male,74124,Other,Married,Exceeds,4,3472,5,5,4,Technical Skills,External,Completed
3102,10-07-2022,active,MSC,Active,Full-Time,Zone A,Part-Time,Production       ,Engineers,Project Manager,Female,84262,White,Single,Fully Meets,3,1112,4,1,1,Communication Skills,Internal,Failed
3103,26-08-2021,03-Aug-23,BPC,Active,Full-Time,Zone C,Part-Time,Production       ,Field Operations,Driver,Female,95951,Asian,Married,Fully Meets,3,2034,2,4,1,Technical Skills,Internal,Passed
3104,03-11-2019,active,EW,Active,Contract,Zone B,Part-Time,IT/IS,Field Operations,Laborer,Male,72313,Other,Widowed,Fully Meets,3,1658,2,1,2,Project Management,External,Failed
3105,18-07-2019,active,SVG,Active,Full-Time,Zone C,Full-Time,Production       ,General - Con,Clerk,Female,40307,Other,Single,Fully Meets,3,1289,5,3,1,Leadership Development,Internal,Incomplete
3106,05-08-2019,active,BPC,Active,Full-Time,Zone A,Full-Time,IT/IS,People Services,Services,Male,91306,Black,Single,Fully Meets,1,2392,4,3,2,Customer Service,External,Failed
3107,16-11-2022,24-Jun-23,SVG,Terminated,Contract,Zone A,Temporary,Production       ,Engineers,Engineer,Male,76897,Other,Divorced,Fully Meets,3,3758,2,1,1,Leadership Development,Internal,Failed
3108,13-12-2020,13-Jan-23,TNS,Active,Full-Time,Zone C,Temporary,Sales,Project Management - Con,Manager,Female,18983,Black,Divorced,Fully Meets,1,3520,5,1,1,Customer Service,External,Incomplete
3109,05-06-2021,active,PL,Active,Contract,Zone C,Part-Time,Production       ,Field Operations,Laborer,Female,53645,White,Divorced,Fully Meets,3,2068,4,3,5,Leadership Development,Internal,Incomplete
3110,25-11-2019,active,EW,Active,Contract,Zone B,Temporary,Production       ,Field Operations,Laborer,Female,74549,White,Single,Fully Meets,5,3413,1,2,5,Customer Service,External,Passed
3111,18-04-2023,active,MSC,Active,Contract,Zone A,Part-Time,IT/IS,Engineers,Engineer,Female,46935,White,Married,Fully Meets,3,3933,3,4,5,Communication Skills,Internal,Incomplete
3112,25-03-2023,17-May-23,PYZ,Terminated,Contract,Zone A,Part-Time,Production       ,General - Con,Coordinator,Male,75099,Asian,Divorced,Fully Meets,3,3336,4,4,2,Leadership Development,Internal,Incomplete
3113,28-07-2023,active,EW,Active,Full-Time,Zone B,Temporary,Production       ,Aerial,Foreman,Female,71843,Asian,Married,Fully Meets,2,2472,5,2,3,Project Management,External,Failed
3114,25-12-2018,active,CCDR,Active,Part-Time,Zone A,Full-Time,IT/IS,General - Con,Lineman,Female,26513,White,Widowed,Fully Meets,3,3922,5,3,1,Communication Skills,External,Incomplete
3115,29-04-2022,active,NEL,Active,Part-Time,Zone B,Full-Time,Software Engineering,Field Operations,Technician,Male,79836,White,Widowed,Fully Meets,1,2559,3,5,3,Communication Skills,External,Passed
3116,20-09-2019,active,CCDR,Active,Contract,Zone C,Temporary,Production       ,Finance & Accounting,Accounting,Female,34904,White,Widowed,Fully Meets,4,3427,1,2,3,Leadership Development,Internal,Failed
3117,27-02-2023,28-Mar-23,TNS,Terminated,Full-Time,Zone A,Temporary,Production       ,Field Operations,Engineer,Female,47025,Hispanic,Widowed,Fully Meets,1,3741,2,5,4,Project Management,External,Completed
3118,03-11-2021,19-Aug-22,PL,Active,Contract,Zone C,Part-Time,Admin Offices,Executive,Manager,Male,64233,Hispanic,Married,Fully Meets,3,1699,2,4,3,Customer Service,External,Incomplete
3119,22-08-2020,09-Mar-23,PYZ,Active,Full-Time,Zone B,Temporary,Production       ,Wireline Construction,Splicer,Female,50782,White,Single,Fully Meets,1,2368,5,2,1,Technical Skills,External,Completed
3120,24-05-2021,active,WBL,Active,Contract,Zone B,Temporary,Production       ,Field Operations,Technician,Male,37566,Black,Divorced,Fully Meets,2,3394,1,5,5,Leadership Development,External,Incomplete
3121,30-11-2018,active,SVG,Active,Full-Time,Zone C,Temporary,Production       ,Splicing,Supervisor,Male,2169,Black,Single,Fully Meets,3,1743,4,1,5,Project Management,External,Passed
3122,29-12-2020,24-Oct-22,WBL,Active,Full-Time,Zone C,Temporary,Production       ,Splicing,Splicer,Female,60901,Black,Divorced,Fully Meets,3,1182,2,4,5,Communication Skills,External,Passed
3123,22-08-2018,10-Nov-21,SVG,Terminated,Contract,Zone C,Full-Time,Production       ,Wireline Construction,Operator,Female,77437,Asian,Divorced,Needs Improvement,4,2197,2,3,1,Technical Skills,External,Passed
3124,15-05-2023,active,BPC,Active,Full-Time,Zone C,Full-Time,IT/IS,Field Operations,Technician,Female,2110,Other,Divorced,Exceeds,3,1627,4,4,1,Project Management,Internal,Completed
3125,29-11-2019,21-Apr-20,SVG,Active,Full-Time,Zone C,Part-Time,Sales,General - Con,Laborer,Female,44158,Hispanic,Widowed,Fully Meets,1,2601,3,5,5,Communication Skills,External,Failed
3126,26-01-2022,04-May-23,CCDR,Terminated,Contract,Zone B,Temporary,Production       ,Project Management - Con,Manager,Male,16793,Black,Married,Fully Meets,1,2418,3,2,5,Technical Skills,External,Failed
3127,16-04-2021,active,PL,Active,Part-Time,Zone B,Part-Time,Production       ,Project Management - Con,Coordinator,Male,49042,Hispanic,Single,Fully Meets,3,1306,1,3,5,Technical Skills,External,Failed
3128,23-09-2022,active,CCDR,Active,Full-Time,Zone C,Full-Time,Production       ,General - Con,Technician,Female,75540,White,Single,Fully Meets,3,1192,3,1,1,Leadership Development,External,Passed
3129,28-10-2020,27-Feb-22,WBL,Active,Full-Time,Zone C,Full-Time,Software Engineering,Field Operations,Top Hand,Female,79778,Black,Widowed,Fully Meets,3,1354,4,4,2,Communication Skills,External,Failed
3130,10-03-2019,active,SVG,Active,Part-Time,Zone B,Full-Time,Production       ,Project Management - Con,Coordinator,Male,4554,Hispanic,Married,Fully Meets,4,2804,5,4,2,Leadership Development,Internal,Completed
3131,25-07-2021,23-Jan-23,PYZ,Active,Full-Time,Zone C,Temporary,Production       ,General - Con,Technician,Female,17441,Hispanic,Married,Fully Meets,3,1801,3,4,3,Technical Skills,External,Incomplete
3132,24-06-2021,active,EW,Active,Part-Time,Zone C,Part-Time,IT/IS,Technology / It,Engineer,Female,5139,Hispanic,Married,Fully Meets,2,2241,4,4,4,Communication Skills,External,Failed
3133,01-05-2023,active,EW,Active,Part-Time,Zone A,Full-Time,IT/IS,Engineers,Project Manager,Male,84923,Black,Divorced,Exceeds,2,2225,1,2,2,Project Management,External,Passed
3134,20-03-2023,21-Jun-23,EW,Active,Part-Time,Zone A,Temporary,Admin Offices,Engineers,Engineer,Female,93230,Hispanic,Married,Fully Meets,3,1356,1,1,1,Technical Skills,Internal,Incomplete
3135,07-06-2019,active,CCDR,Active,Contract,Zone A,Temporary,IT/IS,Aerial,Technician,Female,38413,Other,Single,PIP,3,3863,4,2,1,Leadership Development,Internal,Incomplete
3136,11-02-2019,active,EW,Active,Part-Time,Zone A,Full-Time,Production       ,Engineers,Engineer,Female,47289,Asian,Divorced,Fully Meets,3,3623,2,2,5,Project Management,External,Completed
3137,25-01-2019,active,CCDR,Active,Part-Time,Zone B,Temporary,Production       ,Shop (Fleet),Shop,Female,15861,White,Divorced,Needs Improvement,5,2189,1,2,4,Customer Service,External,Passed
3138,09-03-2020,active,TNS,Active,Part-Time,Zone C,Temporary,Production       ,Project Management - Con,Manager,Female,4664,Hispanic,Married,Exceeds,3,1491,1,3,3,Technical Skills,External,Failed
3139,08-11-2018,active,NEL,Active,Contract,Zone A,Part-Time,Production       ,Aerial,Foreman,Male,95073,Other,Widowed,Fully Meets,4,2769,3,1,3,Project Management,Internal,Completed
3140,21-09-2020,22-Mar-23,PYZ,Active,Full-Time,Zone A,Part-Time,Production       ,General - Con,Technician,Male,17669,Other,Married,Fully Meets,1,2955,5,2,3,Project Management,External,Failed
3141,04-09-2018,16-Dec-22,SVG,Terminated,Contract,Zone C,Full-Time,IT/IS,Isp,Specialist,Female,20654,Other,Widowed,Fully Meets,3,1695,3,3,3,Leadership Development,Internal,Passed
3142,04-06-2022,active,TNS,Active,Full-Time,Zone B,Full-Time,Production       ,Field Operations,Laborer,Male,2127,Asian,Divorced,Fully Meets,4,2750,3,4,4,Customer Service,Internal,Passed
3143,06-09-2019,active,BPC,Active,Part-Time,Zone A,Part-Time,Production       ,Wireline Construction,Groundman,Male,2062,Hispanic,Divorced,Fully Meets,2,3206,2,4,4,Leadership Development,Internal,Passed
3144,09-07-2023,14-Jul-23,SVG,Active,Contract,Zone C,Temporary,Sales,General - Sga,Manager,Female,15228,Other,Widowed,Fully Meets,4,2652,1,4,2,Customer Service,External,Incomplete
3145,22-10-2018,07-Apr-20,MSC,Active,Part-Time,Zone A,Full-Time,Executive Office,General - Con,Lineman,Male,81607,Asian,Single,PIP,3,3877,3,3,4,Communication Skills,External,Passed
3146,17-09-2019,active,SVG,Active,Full-Time,Zone B,Full-Time,Sales,General - Con,Laborer,Male,19215,Asian,Single,Fully Meets,4,2591,4,5,5,Customer Service,Internal,Completed
3147,20-04-2021,17-Sep-22,CCDR,Active,Part-Time,Zone A,Part-Time,Production       ,Engineers,Engineer,Male,54859,White,Divorced,Fully Meets,2,2799,2,1,1,Communication Skills,Internal,Incomplete
3148,21-08-2021,active,BPC,Active,Contract,Zone B,Part-Time,Production       ,Engineers,Engineer,Female,52238,White,Single,Fully Meets,5,2439,4,3,5,Project Management,External,Failed
3149,28-06-2020,active,PYZ,Active,Full-Time,Zone A,Part-Time,Production       ,Field Operations,Technician,Female,51256,Other,Single,PIP,4,3697,3,4,1,Technical Skills,Internal,Failed
